date,asol
2012-01-01,17.38
2012-01-02,22.06
2012-01-03,16.18
2012-01-04,24.45
2012-01-05,28.18
2012-01-06,29.2
2012-01-07,38.86
2012-01-08,31.72
2012-01-09,30.06
2012-01-10,76.1
2012-01-11,56.22
2012-01-12,20.78
2012-01-13,14.51
2012-01-14,13.32
2012-01-15,14.02
2012-01-16,21.2
2012-01-17,13.83
2012-01-18,17.55
2012-01-19,17.43
2012-01-20,14.11
2012-01-21,24.77
2012-01-22,13.49
2012-01-23,10.09
2012-01-24,18.91
2012-01-25,14.31
2012-01-26,12.84
2012-01-27,17.81
2012-01-28,12.75
2012-01-29,11.02
2012-01-30,10.99
2012-01-31,15.54
2012-02-01,10.42
2012-02-02,14.23
2012-02-03,13.22
2012-02-04,13.13
2012-02-05,10.45
2012-02-06,9.55
2012-02-07,8.45
2012-02-08,10.17
2012-02-09,16.17
2012-02-10,8.65
2012-02-11,11.33
2012-02-12,10.99
2012-02-13,7.64
2012-02-14,10.33
2012-02-15,9.66
2012-02-16,15.09
2012-02-17,13.12
2012-02-18,13.66
2012-02-19,14.16
2012-02-20,14.81
2012-02-21,12.53
2012-02-22,11.18
2012-02-23,13.3
2012-02-24,16.96
2012-02-25,10.35
2012-02-26,15.75
2012-02-27,12.41
2012-02-28,10.67
2012-02-29,11.07
2012-03-01,16.36
2012-03-02,17.01
2012-03-03,9.49
2012-03-04,14.31
2012-03-05,19.15
2012-03-06,16.42
2012-03-07,9.67
2012-03-08,10.37
2012-03-09,9.54
2012-03-10,40.64
2012-03-11,16.6
2012-03-12,12.37
2012-03-13,29.42
2012-03-14,22.72
2012-03-15,13.45
2012-03-16,16.22
2012-03-17,19.22
2012-03-18,13.86
2012-03-19,12.14
2012-03-20,14.45
2012-03-21,14.88
2012-03-22,17.08
2012-03-23,15.18
2012-03-24,16.54
2012-03-25,13.41
2012-03-26,11.11
2012-03-27,13.62
2012-03-28,14.91
2012-03-29,11.99
2012-03-30,12.41
2012-03-31,18.19
2012-04-01,11.28
2012-04-02,13.8
2012-04-03,18.22
2012-04-04,14.3
2012-04-05,15.65
2012-04-06,22.03
2012-04-07,12.06
2012-04-08,16.0
2012-04-09,10.06
2012-04-10,11.12
2012-04-11,13.21
2012-04-12,14.62
2012-04-13,19.1
2012-04-14,12.83
2012-04-15,13.54
2012-04-16,15.96
2012-04-17,14.2
2012-04-18,14.18
2012-04-19,15.2
2012-04-20,18.88
2012-04-21,17.57
2012-04-22,22.46
2012-04-23,17.34
2012-04-24,18.38
2012-04-25,15.09
2012-04-26,9.73
2012-04-27,17.77
2012-04-28,11.55
2012-04-29,11.46
2012-04-30,14.46
2012-05-01,13.72
2012-05-02,15.11
2012-05-03,8.7
2012-05-04,10.05
2012-05-05,6.27
2012-05-06,13.16
2012-05-07,8.56
2012-05-08,5.92
2012-05-09,8.8
2012-05-10,8.93
2012-05-11,6.99
2012-05-12,4.97
2012-05-13,6.69
2012-05-14,4.29
2012-05-15,6.74
2012-05-16,7.06
2012-05-17,9.52
2012-05-18,5.47
2012-05-19,4.45
2012-05-20,3.94
2012-05-21,3.13
2012-05-22,5.67
2012-05-23,4.75
2012-05-24,4.42
2012-05-25,3.83
2012-05-26,5.52
2012-05-27,5.52
2012-05-28,5.17
2012-05-29,6.0
2012-05-30,5.96
2012-05-31,7.78
2012-06-01,7.53
2012-06-02,10.18
2012-06-03,4.66
2012-06-04,5.04
2012-06-05,3.5
2012-06-06,9.52
2012-06-07,4.58
2012-06-08,8.91
2012-06-09,3.86
2012-06-10,3.32
2012-06-11,4.77
2012-06-12,7.51
2012-06-13,3.23
2012-06-14,2.03
2012-06-15,2.89
2012-06-16,5.58
2012-06-17,3.54
2012-06-18,5.25
2012-06-19,5.34
2012-06-20,3.88
2012-06-21,3.95
2012-06-22,5.62
2012-06-23,4.34
2012-06-24,10.77
2012-06-25,4.94
2012-06-26,6.46
2012-06-27,8.67
2012-06-28,7.16
2012-06-29,10.7
2012-06-30,8.92
2012-07-01,7.14
2012-07-02,8.23
2012-07-03,9.38
2012-07-04,6.02
2012-07-05,7.07
2012-07-06,8.33
2012-07-07,5.88
2012-07-08,8.73
2012-07-09,5.34
2012-07-10,9.23
2012-07-11,5.13
2012-07-12,6.77
2012-07-13,8.2
2012-07-14,7.1
2012-07-15,6.53
2012-07-16,7.29
2012-07-17,9.92
2012-07-18,8.32
2012-07-19,9.28
2012-07-20,6.9
2012-07-21,5.12
2012-07-22,5.24
2012-07-23,8.76
2012-07-24,7.2
2012-07-25,5.73
2012-07-26,6.67
2012-07-27,5.81
2012-07-28,3.52
2012-07-29,3.73
2012-07-30,5.97
2012-07-31,7.4
2012-08-01,9.14
2012-08-02,7.42
2012-08-03,10.26
2012-08-04,15.03
2012-08-05,8.08
2012-08-06,5.41
2012-08-07,7.72
2012-08-08,6.76
2012-08-09,8.81
2012-08-10,7.71
2012-08-11,5.17
2012-08-12,5.77
2012-08-13,3.84
2012-08-14,9.59
2012-08-15,4.38
2012-08-16,8.69
2012-08-17,13.09
2012-08-18,11.68
2012-08-19,19.68
2012-08-20,7.67
2012-08-21,5.49
2012-08-22,5.66
2012-08-23,8.52
2012-08-24,5.27
2012-08-25,5.39
2012-08-26,6.65
2012-08-27,6.7
2012-08-28,5.86
2012-08-29,4.79
2012-08-30,4.82
2012-08-31,5.08
2012-09-01,2.99
2012-09-02,3.02
2012-09-03,3.61
2012-09-04,4.2
2012-09-05,6.91
2012-09-06,5.26
2012-09-07,7.94
2012-09-08,4.51
2012-09-09,5.33
2012-09-10,6.18
2012-09-11,4.04
2012-09-12,6.62
2012-09-13,6.81
2012-09-14,6.31
2012-09-15,5.97
2012-09-16,5.04
2012-09-17,8.87
2012-09-18,7.69
2012-09-19,8.49
2012-09-20,7.06
2012-09-21,7.89
2012-09-22,8.53
2012-09-23,5.65
2012-09-24,6.49
2012-09-25,6.68
2012-09-26,7.82
2012-09-27,6.58
2012-09-28,8.9
2012-09-29,10.43
2012-09-30,9.46
2012-10-01,9.68
2012-10-02,6.4
2012-10-03,11.43
2012-10-04,10.02
2012-10-05,7.54
2012-10-06,8.61
2012-10-07,4.88
2012-10-08,5.54
2012-10-09,5.89
2012-10-10,6.59
2012-10-11,6.12
2012-10-12,11.8
2012-10-13,4.24
2012-10-14,6.63
2012-10-15,6.71
2012-10-16,7.57
2012-10-17,10.73
2012-10-18,11.49
2012-10-19,15.05
2012-10-20,6.83
2012-10-21,4.83
2012-10-22,3.57
2012-10-23,7.74
2012-10-24,5.09
2012-10-25,9.11
2012-10-26,11.24
2012-10-27,8.17
2012-10-28,7.45
2012-10-29,7.51
2012-10-30,6.53
2012-10-31,8.11
2012-11-01,5.11
2012-11-02,4.81
2012-11-03,11.94
2012-11-04,9.52
2012-11-05,7.9
2012-11-06,9.54
2012-11-07,11.66
2012-11-08,9.87
2012-11-09,6.85
2012-11-10,5.06
2012-11-11,10.11
2012-11-12,13.99
2012-11-13,7.42
2012-11-14,8.26
2012-11-15,4.04
2012-11-16,5.64
2012-11-17,10.84
2012-11-18,7.37
2012-11-19,6.0
2012-11-20,4.92
2012-11-21,6.07
2012-11-22,7.51
2012-11-23,6.78
2012-11-24,12.59
2012-11-25,6.69
2012-11-26,9.12
2012-11-27,9.3
2012-11-28,8.33
2012-11-29,5.64
2012-11-30,6.35
2012-12-01,5.83
2012-12-02,7.18
2012-12-03,7.91
2012-12-04,14.89
2012-12-05,12.07
2012-12-06,7.48
2012-12-07,6.47
2012-12-08,6.4
2012-12-09,7.5
2012-12-10,5.87
2012-12-11,8.47
2012-12-12,5.85
2012-12-13,11.79
2012-12-14,6.96
2012-12-15,8.25
2012-12-16,5.16
2012-12-17,5.59
2012-12-18,4.0
2012-12-19,5.56
2012-12-20,7.39
2012-12-21,4.5
2012-12-22,3.14
2012-12-23,4.0
2012-12-24,7.7
2012-12-25,6.63
2012-12-26,5.85
2012-12-27,6.64
2012-12-28,4.27
2012-12-29,7.05
2012-12-30,3.8
2012-12-31,6.0
2013-01-01,4.46
2013-01-02,7.38
2013-01-03,8.15
2013-01-04,6.35
2013-01-05,5.87
2013-01-06,7.08
2013-01-07,5.11
2013-01-08,8.72
2013-01-09,5.66
2013-01-10,6.24
2013-01-11,6.21
2013-01-12,4.61
2013-01-13,7.28
2013-01-14,6.06
2013-01-15,6.77
2013-01-16,7.4
2013-01-17,9.15
2013-01-18,9.83
2013-01-19,6.93
2013-01-20,7.68
2013-01-21,9.82
2013-01-22,11.2
2013-01-23,10.07
2013-01-24,16.17
2013-01-25,8.49
2013-01-26,4.94
2013-01-27,6.51
2013-01-28,10.21
2013-01-29,8.97
2013-01-30,12.14
2013-01-31,9.49
2013-02-01,12.18
2013-02-02,14.15
2013-02-03,10.02
2013-02-04,8.36
2013-02-05,6.94
2013-02-06,7.58
2013-02-07,7.47
2013-02-08,6.93
2013-02-09,10.17
2013-02-10,7.62
2013-02-11,7.18
2013-02-12,9.33
2013-02-13,8.54
2013-02-14,11.54
2013-02-15,13.61
2013-02-16,10.25
2013-02-17,12.03
2013-02-18,14.23
2013-02-19,14.14
2013-02-20,17.79
2013-02-21,10.03
2013-02-22,11.41
2013-02-23,12.24
2013-02-24,8.39
2013-02-25,9.04
2013-02-26,10.44
2013-02-27,7.8
2013-02-28,12.44
2013-03-01,10.19
2013-03-02,9.14
2013-03-03,11.09
2013-03-04,9.32
2013-03-05,23.52
2013-03-06,23.91
2013-03-07,17.56
2013-03-08,10.12
2013-03-09,12.35
2013-03-10,9.82
2013-03-11,12.65
2013-03-12,12.72
2013-03-13,12.32
2013-03-14,10.23
2013-03-15,8.64
2013-03-16,14.71
2013-03-17,16.16
2013-03-18,14.12
2013-03-19,20.88
2013-03-20,19.67
2013-03-21,23.67
2013-03-22,18.27
2013-03-23,19.36
2013-03-24,17.21
2013-03-25,23.93
2013-03-26,19.27
2013-03-27,27.18
2013-03-28,19.22
2013-03-29,18.08
2013-03-30,23.13
2013-03-31,22.67
2013-04-01,36.66
2013-04-02,21.88
2013-04-03,34.83
2013-04-04,26.15
2013-04-05,21.97
2013-04-06,23.22
2013-04-07,25.99
2013-04-08,30.33
2013-04-09,31.68
2013-04-10,46.05
2013-04-11,28.49
2013-04-12,21.87
2013-04-13,15.35
2013-04-14,14.97
2013-04-15,12.76
2013-04-16,12.49
2013-04-17,13.78
2013-04-18,9.69
2013-04-19,13.61
2013-04-20,14.01
2013-04-21,15.55
2013-04-22,10.57
2013-04-23,9.83
2013-04-24,12.9
2013-04-25,9.55
2013-04-26,10.87
2013-04-27,9.41
2013-04-28,9.79
2013-04-29,10.83
2013-04-30,18.82
2013-05-01,8.86
2013-05-02,9.05
2013-05-03,11.26
2013-05-04,6.76
2013-05-05,8.92
2013-05-06,13.93
2013-05-07,8.0
2013-05-08,7.47
2013-05-09,7.81
2013-05-10,6.42
2013-05-11,6.66
2013-05-12,6.45
2013-05-13,9.12
2013-05-14,7.2
2013-05-15,9.9
2013-05-16,6.42
2013-05-17,8.59
2013-05-18,15.4
2013-05-19,5.89
2013-05-20,6.26
2013-05-21,6.62
2013-05-22,9.37
2013-05-23,10.86
2013-05-24,9.8
2013-05-25,8.19
2013-05-26,14.3
2013-05-27,9.11
2013-05-28,9.11
2013-05-29,11.49
2013-05-30,8.44
2013-05-31,7.93
2013-06-01,8.85
2013-06-02,8.14
2013-06-03,11.34
2013-06-04,8.56
2013-06-05,7.71
2013-06-06,9.57
2013-06-07,9.76
2013-06-08,9.27
2013-06-09,12.27
2013-06-10,7.91
2013-06-11,8.52
2013-06-12,8.7
2013-06-13,9.84
2013-06-14,6.85
2013-06-15,9.84
2013-06-16,11.12
2013-06-17,6.33
2013-06-18,8.94
2013-06-19,7.67
2013-06-20,7.55
2013-06-21,6.83
2013-06-22,8.2
2013-06-23,7.88
2013-06-24,7.97
2013-06-25,8.81
2013-06-26,12.87
2013-06-27,8.36
2013-06-28,9.05
2013-06-29,17.7
2013-06-30,12.53
2013-07-01,11.22
2013-07-02,9.52
2013-07-03,12.18
2013-07-04,15.39
2013-07-05,11.33
2013-07-06,12.74
2013-07-07,8.18
2013-07-08,9.61
2013-07-09,9.36
2013-07-10,9.72
2013-07-11,9.29
2013-07-12,8.58
2013-07-13,7.69
2013-07-14,9.11
2013-07-15,8.37
2013-07-16,8.24
2013-07-17,9.17
2013-07-18,8.76
2013-07-19,10.43
2013-07-20,9.25
2013-07-21,8.7
2013-07-22,15.05
2013-07-23,10.57
2013-07-24,9.21
2013-07-25,9.91
2013-07-26,11.72
2013-07-27,8.63
2013-07-28,11.84
2013-07-29,12.22
2013-07-30,12.66
2013-07-31,13.38
2013-08-01,8.9
2013-08-02,6.7
2013-08-03,10.43
2013-08-04,12.08
2013-08-05,7.88
2013-08-06,10.15
2013-08-07,8.29
2013-08-08,6.4
2013-08-09,6.77
2013-08-10,5.84
2013-08-11,10.36
2013-08-12,12.18
2013-08-13,25.89
2013-08-14,20.87
2013-08-15,13.41
2013-08-16,8.27
2013-08-17,9.65
2013-08-18,7.47
2013-08-19,7.42
2013-08-20,10.37
2013-08-21,11.2
2013-08-22,8.98
2013-08-23,12.33
2013-08-24,9.61
2013-08-25,12.23
2013-08-26,10.09
2013-08-27,11.75
2013-08-28,9.11
2013-08-29,9.07
2013-08-30,10.17
2013-08-31,13.59
2013-09-01,11.72
2013-09-02,11.06
2013-09-03,22.73
2013-09-04,11.67
2013-09-05,7.21
2013-09-06,8.08
2013-09-07,7.78
2013-09-08,8.15
2013-09-09,6.74
2013-09-10,7.61
2013-09-11,10.97
2013-09-12,10.65
2013-09-13,8.13
2013-09-14,9.77
2013-09-15,7.61
2013-09-16,10.03
2013-09-17,7.65
2013-09-18,8.45
2013-09-19,9.01
2013-09-20,8.52
2013-09-21,14.19
2013-09-22,9.77
2013-09-23,9.03
2013-09-24,12.41
2013-09-25,9.01
2013-09-26,7.61
2013-09-27,13.14
2013-09-28,20.09
2013-09-29,14.47
2013-09-30,12.3
2013-10-01,13.87
2013-10-02,13.45
2013-10-03,20.95
2013-10-04,19.64
2013-10-05,11.16
2013-10-06,22.39
2013-10-07,17.17
2013-10-08,14.29
2013-10-09,17.37
2013-10-10,14.88
2013-10-11,11.14
2013-10-12,12.12
2013-10-13,22.03
2013-10-14,25.79
2013-10-15,19.67
2013-10-16,22.56
2013-10-17,17.73
2013-10-18,15.98
2013-10-19,20.82
2013-10-20,25.03
2013-10-21,26.6
2013-10-22,25.17
2013-10-23,29.54
2013-10-24,33.61
2013-10-25,28.59
2013-10-26,20.71
2013-10-27,21.69
2013-10-28,12.88
2013-10-29,20.33
2013-10-30,15.47
2013-10-31,11.07
2013-11-01,14.51
2013-11-02,15.58
2013-11-03,17.75
2013-11-04,25.82
2013-11-05,23.5
2013-11-06,29.8
2013-11-07,30.13
2013-11-08,28.78
2013-11-09,38.49
2013-11-10,30.69
2013-11-11,26.32
2013-11-12,22.5
2013-11-13,23.79
2013-11-14,21.85
2013-11-15,24.57
2013-11-16,26.36
2013-11-17,26.97
2013-11-18,31.21
2013-11-19,44.44
2013-11-20,28.31
2013-11-21,25.06
2013-11-22,32.47
2013-11-23,26.59
2013-11-24,27.03
2013-11-25,24.87
2013-11-26,22.81
2013-11-27,28.2
2013-11-28,30.49
2013-11-29,37.51
2013-11-30,30.77
2013-12-01,27.33
2013-12-02,23.94
2013-12-03,23.85
2013-12-04,31.16
2013-12-05,22.89
2013-12-06,18.57
2013-12-07,22.56
2013-12-08,23.89
2013-12-09,20.36
2013-12-10,39.43
2013-12-11,17.18
2013-12-12,21.68
2013-12-13,14.06
2013-12-14,20.66
2013-12-15,15.7
2013-12-16,15.11
2013-12-17,17.49
2013-12-18,17.03
2013-12-19,11.23
2013-12-20,11.54
2013-12-21,12.89
2013-12-22,9.84
2013-12-23,11.47
2013-12-24,13.47
2013-12-25,10.14
2013-12-26,19.55
2013-12-27,10.18
2013-12-28,11.82
2013-12-29,17.7
2013-12-30,11.4
2013-12-31,11.16
2014-01-01,13.57
2014-01-02,12.78
2014-01-03,11.42
2014-01-04,16.73
2014-01-05,19.69
2014-01-06,14.28
2014-01-07,15.29
2014-01-08,11.51
2014-01-09,24.97
2014-01-10,13.65
2014-01-11,13.63
2014-01-12,15.43
2014-01-13,9.8
2014-01-14,14.43
2014-01-15,11.98
2014-01-16,12.04
2014-01-17,11.55
2014-01-18,14.14
2014-01-19,17.32
2014-01-20,20.81
2014-01-21,11.39
2014-01-22,14.78
2014-01-23,12.4
2014-01-24,16.72
2014-01-25,11.44
2014-01-26,14.7
2014-01-27,16.08
2014-01-28,12.73
2014-01-29,14.53
2014-01-30,13.77
2014-01-31,10.62
2014-02-01,10.81
2014-02-02,17.44
2014-02-03,11.11
2014-02-04,11.13
2014-02-05,10.18
2014-02-06,9.77
2014-02-07,14.71
2014-02-08,11.77
2014-02-09,12.58
2014-02-10,14.86
2014-02-11,14.95
2014-02-12,19.59
2014-02-13,12.41
2014-02-14,10.17
2014-02-15,10.75
2014-02-16,13.32
2014-02-17,9.56
2014-02-18,9.98
2014-02-19,11.38
2014-02-20,9.55
2014-02-21,8.95
2014-02-22,8.55
2014-02-23,8.1
2014-02-24,9.32
2014-02-25,11.14
2014-02-26,8.08
2014-02-27,9.74
2014-02-28,14.33
2014-03-01,9.32
2014-03-02,11.56
2014-03-03,9.07
2014-03-04,9.22
2014-03-05,8.9
2014-03-06,12.37
2014-03-07,10.81
2014-03-08,8.08
2014-03-09,9.42
2014-03-10,7.15
2014-03-11,8.16
2014-03-12,7.69
2014-03-13,7.65
2014-03-14,14.75
2014-03-15,13.24
2014-03-16,13.06
2014-03-17,12.77
2014-03-18,17.66
2014-03-19,14.47
2014-03-20,11.68
2014-03-21,17.1
2014-03-22,16.33
2014-03-23,13.74
2014-03-24,9.49
2014-03-25,8.19
2014-03-26,11.78
2014-03-27,10.64
2014-03-28,11.36
2014-03-29,8.38
2014-03-30,10.24
2014-03-31,9.62
2014-04-01,10.45
2014-04-02,12.71
2014-04-03,12.44
2014-04-04,7.9
2014-04-05,11.31
2014-04-06,8.48
2014-04-07,8.35
2014-04-08,9.25
2014-04-09,9.51
2014-04-10,10.5
2014-04-11,11.8
2014-04-12,8.5
2014-04-13,8.55
2014-04-14,8.33
2014-04-15,10.43
2014-04-16,15.06
2014-04-17,11.22
2014-04-18,8.16
2014-04-19,9.04
2014-04-20,10.18
2014-04-21,7.82
2014-04-22,7.42
2014-04-23,9.41
2014-04-24,10.71
2014-04-25,11.26
2014-04-26,9.69
2014-04-27,8.49
2014-04-28,9.09
2014-04-29,9.93
2014-04-30,11.49
2014-05-01,9.43
2014-05-02,7.96
2014-05-03,8.22
2014-05-04,11.71
2014-05-05,9.97
2014-05-06,11.15
2014-05-07,9.75
2014-05-08,12.68
2014-05-09,12.19
2014-05-10,9.96
2014-05-11,8.21
2014-05-12,9.12
2014-05-13,8.08
2014-05-14,8.84
2014-05-15,8.7
2014-05-16,13.76
2014-05-17,22.75
2014-05-18,18.39
2014-05-19,12.96
2014-05-20,10.04
2014-05-21,16.29
2014-05-22,12.12
2014-05-23,12.34
2014-05-24,14.03
2014-05-25,11.61
2014-05-26,13.42
2014-05-27,11.45
2014-05-28,9.67
2014-05-29,9.85
2014-05-30,13.22
2014-05-31,13.6
2014-06-01,19.27
2014-06-02,11.85
2014-06-03,13.83
2014-06-04,13.7
2014-06-05,12.45
2014-06-06,13.2
2014-06-07,12.59
2014-06-08,10.29
2014-06-09,12.22
2014-06-10,11.72
2014-06-11,14.41
2014-06-12,14.27
2014-06-13,10.54
2014-06-14,10.91
2014-06-15,13.78
2014-06-16,11.34
2014-06-17,13.21
2014-06-18,10.98
2014-06-19,12.4
2014-06-20,10.24
2014-06-21,11.97
2014-06-22,11.51
2014-06-23,11.4
2014-06-24,12.65
2014-06-25,16.71
2014-06-26,9.82
2014-06-27,10.39
2014-06-28,10.56
2014-06-29,9.01
2014-06-30,13.41
2014-07-01,15.62
2014-07-02,15.97
2014-07-03,12.2
2014-07-04,16.89
2014-07-05,16.22
2014-07-06,11.91
2014-07-07,13.35
2014-07-08,11.7
2014-07-09,15.44
2014-07-10,15.05
2014-07-11,10.89
2014-07-12,12.55
2014-07-13,10.56
2014-07-14,11.97
2014-07-15,12.01
2014-07-16,13.88
2014-07-17,12.93
2014-07-18,12.29
2014-07-19,12.44
2014-07-20,12.76
2014-07-21,12.05
2014-07-22,11.62
2014-07-23,14.31
2014-07-24,15.54
2014-07-25,14.58
2014-07-26,13.37
2014-07-27,16.41
2014-07-28,14.26
2014-07-29,12.88
2014-07-30,11.76
2014-07-31,14.24
2014-08-01,10.01
2014-08-02,11.96
2014-08-03,13.07
2014-08-04,17.58
2014-08-05,15.34
2014-08-06,11.42
2014-08-07,12.43
2014-08-08,12.33
2014-08-09,13.79
2014-08-10,13.49
2014-08-11,11.68
2014-08-12,11.89
2014-08-13,11.4
2014-08-14,12.97
2014-08-15,34.3
2014-08-16,57.46
2014-08-17,11.68
2014-08-18,12.73
2014-08-19,9.96
2014-08-20,11.3
2014-08-21,12.89
2014-08-22,12.58
2014-08-23,12.0
2014-08-24,10.27
2014-08-25,11.91
2014-08-26,12.99
2014-08-27,11.62
2014-08-28,12.79
2014-08-29,13.34
2014-08-30,14.62
2014-08-31,17.28
2014-09-01,12.31
2014-09-02,11.55
2014-09-03,13.12
2014-09-04,18.28
2014-09-05,11.85
2014-09-06,19.12
2014-09-07,15.66
2014-09-08,15.18
2014-09-09,20.73
2014-09-10,27.75
2014-09-11,14.36
2014-09-12,13.58
2014-09-13,11.32
2014-09-14,11.1
2014-09-15,13.66
2014-09-16,19.6
2014-09-17,13.06
2014-09-18,14.61
2014-09-19,16.7
2014-09-20,19.21
2014-09-21,16.64
2014-09-22,13.55
2014-09-23,13.89
2014-09-24,20.2
2014-09-25,14.76
2014-09-26,15.28
2014-09-27,11.24
2014-09-28,11.33
2014-09-29,14.21
2014-09-30,11.72
2014-10-01,10.93
2014-10-02,11.12
2014-10-03,10.85
2014-10-04,12.04
2014-10-05,18.14
2014-10-06,14.58
2014-10-07,12.04
2014-10-08,11.1
2014-10-09,11.04
2014-10-10,10.74
2014-10-11,11.93
2014-10-12,13.2
2014-10-13,11.96
2014-10-14,12.12
2014-10-15,11.0
2014-10-16,10.62
2014-10-17,14.06
2014-10-18,12.66
2014-10-19,11.92
2014-10-20,10.0
2014-10-21,12.31
2014-10-22,9.54
2014-10-23,12.08
2014-10-24,13.79
2014-10-25,10.43
2014-10-26,12.4
2014-10-27,14.01
2014-10-28,10.63
2014-10-29,9.27
2014-10-30,10.17
2014-10-31,10.09
2014-11-01,13.16
2014-11-02,13.4
2014-11-03,12.11
2014-11-04,11.47
2014-11-05,11.73
2014-11-06,11.79
2014-11-07,26.46
2014-11-08,16.55
2014-11-09,13.13
2014-11-10,10.71
2014-11-11,14.34
2014-11-12,11.6
2014-11-13,18.52
2014-11-14,12.93
2014-11-15,13.42
2014-11-16,11.96
2014-11-17,13.91
2014-11-18,13.12
2014-11-19,10.81
2014-11-20,10.25
2014-11-21,11.36
2014-11-22,12.5
2014-11-23,10.95
2014-11-24,16.01
2014-11-25,14.25
2014-11-26,12.37
2014-11-27,10.86
2014-11-28,16.57
2014-11-29,14.54
2014-11-30,11.4
2014-12-01,13.13
2014-12-02,19.89
2014-12-03,13.63
2014-12-04,13.74
2014-12-05,11.24
2014-12-06,10.86
2014-12-07,12.46
2014-12-08,17.11
2014-12-09,16.13
2014-12-10,12.48
2014-12-11,13.21
2014-12-12,11.76
2014-12-13,11.82
2014-12-14,13.73
2014-12-15,11.47
2014-12-16,12.35
2014-12-17,13.07
2014-12-18,11.77
2014-12-19,11.6
2014-12-20,11.25
2014-12-21,12.27
2014-12-22,13.22
2014-12-23,15.82
2014-12-24,11.86
2014-12-25,11.23
2014-12-26,14.38
2014-12-27,12.74
2014-12-28,10.57
2014-12-29,11.59
2014-12-30,12.84
2014-12-31,15.56
2015-01-01,13.07
2015-01-02,13.31
2015-01-03,15.18
2015-01-04,16.76
2015-01-05,13.24
2015-01-06,15.66
2015-01-07,13.08
2015-01-08,14.65
2015-01-09,11.39
2015-01-10,10.52
2015-01-11,10.67
2015-01-12,13.04
2015-01-13,19.14
2015-01-14,20.2
2015-01-15,12.56
2015-01-16,11.94
2015-01-17,11.87
2015-01-18,11.43
2015-01-19,11.49
2015-01-20,13.76
2015-01-21,11.66
2015-01-22,12.21
2015-01-23,10.6
2015-01-24,13.95
2015-01-25,11.67
2015-01-26,15.34
2015-01-27,11.76
2015-01-28,14.72
2015-01-29,16.38
2015-01-30,14.12
2015-01-31,10.62
2015-02-01,13.85
2015-02-02,12.95
2015-02-03,12.06
2015-02-04,13.15
2015-02-05,11.6
2015-02-06,11.15
2015-02-07,11.42
2015-02-08,10.25
2015-02-09,11.06
2015-02-10,10.15
2015-02-11,13.62
2015-02-12,12.17
2015-02-13,9.59
2015-02-14,10.7
2015-02-15,20.58
2015-02-16,13.17
2015-02-17,12.8
2015-02-18,11.41
2015-02-19,10.27
2015-02-20,11.57
2015-02-21,11.21
2015-02-22,15.34
2015-02-23,11.49
2015-02-24,19.4
2015-02-25,17.87
2015-02-26,18.53
2015-02-27,48.36
2015-02-28,36.97
2015-03-01,33.07
2015-03-02,29.07
2015-03-03,21.66
2015-03-04,21.53
2015-03-05,26.81
2015-03-06,30.5
2015-03-07,36.01
2015-03-08,34.0
2015-03-09,25.32
2015-03-10,31.08
2015-03-11,34.68
2015-03-12,29.05
2015-03-13,16.34
2015-03-14,23.0
2015-03-15,16.15
2015-03-16,22.92
2015-03-17,18.49
2015-03-18,17.94
2015-03-19,15.29
2015-03-20,18.05
2015-03-21,21.88
2015-03-22,13.64
2015-03-23,19.53
2015-03-24,15.66
2015-03-25,16.09
2015-03-26,20.32
2015-03-27,13.28
2015-03-28,19.03
2015-03-29,16.61
2015-03-30,15.25
2015-03-31,14.5
2015-04-01,18.22
2015-04-02,17.45
2015-04-03,19.62
2015-04-04,16.84
2015-04-05,16.12
2015-04-06,16.38
2015-04-07,17.99
2015-04-08,16.67
2015-04-09,16.78
2015-04-10,19.15
2015-04-11,17.5
2015-04-12,17.9
2015-04-13,20.9
2015-04-14,12.23
2015-04-15,16.09
2015-04-16,20.43
2015-04-17,14.31
2015-04-18,19.12
2015-04-19,17.64
2015-04-20,17.27
2015-04-21,15.1
2015-04-22,19.79
2015-04-23,17.41
2015-04-24,18.67
2015-04-25,17.39
2015-04-26,17.68
2015-04-27,19.65
2015-04-28,14.75
2015-04-29,17.24
2015-04-30,16.89
2015-05-01,16.39
2015-05-02,23.92
2015-05-03,22.51
2015-05-04,13.36
2015-05-05,15.8
2015-05-06,16.32
2015-05-07,18.55
2015-05-08,15.92
2015-05-09,15.19
2015-05-10,19.06
2015-05-11,14.54
2015-05-12,13.91
2015-05-13,17.72
2015-05-14,20.06
2015-05-15,14.14
2015-05-16,11.22
2015-05-17,25.86
2015-05-18,12.77
2015-05-19,14.15
2015-05-20,22.91
2015-05-21,13.73
2015-05-22,15.61
2015-05-23,12.84
2015-05-24,24.96
2015-05-25,13.16
2015-05-26,14.07
2015-05-27,12.59
2015-05-28,28.87
2015-05-29,17.46
2015-05-30,11.37
2015-05-31,12.99
2015-06-01,22.85
2015-06-02,13.47
2015-06-03,15.02
2015-06-04,16.91
2015-06-05,12.08
2015-06-06,11.06
2015-06-07,16.11
2015-06-08,15.88
2015-06-09,14.75
2015-06-10,16.15
2015-06-11,11.88
2015-06-12,14.15
2015-06-13,12.5
2015-06-14,12.51
2015-06-15,17.48
2015-06-16,14.96
2015-06-17,21.89
2015-06-18,16.49
2015-06-19,12.77
2015-06-20,11.7
2015-06-21,13.76
2015-06-22,10.17
2015-06-23,11.19
2015-06-24,24.3
2015-06-25,13.84
2015-06-26,16.08
2015-06-27,19.23
2015-06-28,19.06
2015-06-29,21.36
2015-06-30,19.24
2015-07-01,13.55
2015-07-02,15.82
2015-07-03,16.23
2015-07-04,13.15
2015-07-05,14.11
2015-07-06,19.99
2015-07-07,12.21
2015-07-08,9.29
2015-07-09,19.44
2015-07-10,17.68
2015-07-11,17.1
2015-07-12,15.69
2015-07-13,17.41
2015-07-14,11.36
2015-07-15,11.29
2015-07-16,18.73
2015-07-17,10.83
2015-07-18,15.53
2015-07-19,15.55
2015-07-20,15.46
2015-07-21,23.22
2015-07-22,15.31
2015-07-23,13.58
2015-07-24,29.26
2015-07-25,19.38
2015-07-26,19.45
2015-07-27,17.4
2015-07-28,15.74
2015-07-29,18.89
2015-07-30,17.45
2015-07-31,14.58
2015-08-01,15.28
2015-08-02,23.23
2015-08-03,16.2
2015-08-04,16.6
2015-08-05,23.06
2015-08-06,16.72
2015-08-07,15.11
2015-08-08,25.55
2015-08-09,16.32
2015-08-10,29.83
2015-08-11,19.11
2015-08-12,13.45
2015-08-13,20.38
2015-08-14,23.52
2015-08-15,19.17
2015-08-16,17.64
2015-08-17,19.21
2015-08-18,16.25
2015-08-19,18.23
2015-08-20,17.62
2015-08-21,14.07
2015-08-22,15.42
2015-08-23,23.19
2015-08-24,19.91
2015-08-25,16.77
2015-08-26,17.62
2015-08-27,11.41
2015-08-28,14.71
2015-08-29,27.43
2015-08-30,18.17
2015-08-31,14.23
2015-09-01,15.05
2015-09-02,15.01
2015-09-03,23.85
2015-09-04,18.22
2015-09-05,16.92
2015-09-06,14.56
2015-09-07,21.11
2015-09-08,13.64
2015-09-09,22.44
2015-09-10,32.52
2015-09-11,22.2
2015-09-12,17.24
2015-09-13,23.17
2015-09-14,16.12
2015-09-15,21.19
2015-09-16,23.49
2015-09-17,17.47
2015-09-18,19.94
2015-09-19,23.85
2015-09-20,18.72
2015-09-21,15.56
2015-09-22,19.67
2015-09-23,19.16
2015-09-24,18.43
2015-09-25,12.61
2015-09-26,17.94
2015-09-27,18.15
2015-09-28,15.18
2015-09-29,20.13
2015-09-30,19.1
2015-10-01,12.02
2015-10-02,11.95
2015-10-03,16.39
2015-10-04,15.28
2015-10-05,17.44
2015-10-06,19.14
2015-10-07,31.09
2015-10-08,32.11
2015-10-09,32.47
2015-10-10,50.32
2015-10-11,44.98
2015-10-12,30.38
2015-10-13,24.42
2015-10-14,41.81
2015-10-15,24.99
2015-10-16,34.45
2015-10-17,32.14
2015-10-18,50.45
2015-10-19,29.68
2015-10-20,23.65
2015-10-21,15.51
2015-10-22,28.27
2015-10-23,24.41
2015-10-24,18.02
2015-10-25,22.73
2015-10-26,40.91
2015-10-27,20.71
2015-10-28,21.6
2015-10-29,27.74
2015-10-30,21.84
2015-10-31,22.56
2015-11-01,26.67
2015-11-02,18.11
2015-11-03,34.21
2015-11-04,39.41
2015-11-05,31.7
2015-11-06,26.07
2015-11-07,33.24
2015-11-08,21.13
2015-11-09,17.11
2015-11-10,20.01
2015-11-11,16.64
2015-11-12,18.37
2015-11-13,17.96
2015-11-14,17.5
2015-11-15,14.06
2015-11-16,12.72
2015-11-17,14.92
2015-11-18,20.4
2015-11-19,33.93
2015-11-20,27.73
2015-11-21,20.74
2015-11-22,19.27
2015-11-23,27.05
2015-11-24,13.92
2015-11-25,16.53
2015-11-26,20.89
2015-11-27,18.14
2015-11-28,15.65
2015-11-29,14.91
2015-11-30,19.03
2015-12-01,21.49
2015-12-02,26.36
2015-12-03,32.99
2015-12-04,24.47
2015-12-05,11.61
2015-12-06,17.43
2015-12-07,15.52
2015-12-08,21.73
2015-12-09,18.88
2015-12-10,23.95
2015-12-11,16.26
2015-12-12,28.26
2015-12-13,24.28
2015-12-14,17.1
2015-12-15,22.55
2015-12-16,20.95
2015-12-17,15.49
2015-12-18,15.08
2015-12-19,14.34
2015-12-20,15.54
2015-12-21,12.2
2015-12-22,13.52
2015-12-23,13.0
2015-12-24,11.35
2015-12-25,12.63
2015-12-26,12.67
2015-12-27,22.8
2015-12-28,12.47
2015-12-29,19.33
2015-12-30,15.21
2015-12-31,14.5
2016-01-01,24.62
2016-01-02,23.79
2016-01-03,18.07
2016-01-04,15.45
2016-01-05,17.06
2016-01-06,15.33
2016-01-07,18.94
2016-01-08,17.01
2016-01-09,15.85
2016-01-10,23.92
2016-01-11,21.25
2016-01-12,15.1
2016-01-13,14.64
2016-01-14,14.83
2016-01-15,21.35
2016-01-16,17.37
2016-01-17,15.31
2016-01-18,13.42
2016-01-19,25.96
2016-01-20,40.2
2016-01-21,13.37
2016-01-22,13.19
2016-01-23,12.86
2016-01-24,16.9
2016-01-25,14.16
2016-01-26,15.49
2016-01-27,13.57
2016-01-28,11.8
2016-01-29,14.79
2016-01-30,13.18
2016-01-31,18.56
2016-02-01,18.69
2016-02-02,17.9
2016-02-03,19.04
2016-02-04,28.35
2016-02-05,16.85
2016-02-06,18.56
2016-02-07,14.0
2016-02-08,10.14
2016-02-09,12.24
2016-02-10,14.11
2016-02-11,23.07
2016-02-12,17.04
2016-02-13,15.62
2016-02-14,17.58
2016-02-15,15.0
2016-02-16,10.99
2016-02-17,14.1
2016-02-18,13.45
2016-02-19,12.24
2016-02-20,11.97
2016-02-21,13.33
2016-02-22,12.69
2016-02-23,12.29
2016-02-24,12.77
2016-02-25,15.36
2016-02-26,16.45
2016-02-27,15.68
2016-02-28,12.43
2016-02-29,10.32
2016-03-01,10.6
2016-03-02,12.32
2016-03-03,16.11
2016-03-04,13.27
2016-03-05,22.86
2016-03-06,43.33
2016-03-07,21.94
2016-03-08,23.23
2016-03-09,50.75
2016-03-10,30.38
2016-03-11,20.91
2016-03-12,21.5
2016-03-13,23.0
2016-03-14,35.99
2016-03-15,29.38
2016-03-16,20.62
2016-03-17,20.16
2016-03-18,18.67
2016-03-19,27.14
2016-03-20,28.94
2016-03-21,17.63
2016-03-22,18.41
2016-03-23,28.0
2016-03-24,20.21
2016-03-25,37.25
2016-03-26,40.23
2016-03-27,31.92
2016-03-28,23.62
2016-03-29,27.18
2016-03-30,28.19
2016-03-31,22.27
2016-04-01,22.81
2016-04-02,42.07
2016-04-03,36.6
2016-04-04,18.38
2016-04-05,18.91
2016-04-06,17.15
2016-04-07,18.26
2016-04-08,15.11
2016-04-09,36.2
2016-04-10,39.77
2016-04-11,17.85
2016-04-12,12.48
2016-04-13,12.55
2016-04-14,13.95
2016-04-15,11.73
2016-04-16,13.85
2016-04-17,21.42
2016-04-18,12.74
2016-04-19,11.02
2016-04-20,14.96
2016-04-21,15.31
2016-04-22,17.98
2016-04-23,23.98
2016-04-24,14.23
2016-04-25,12.7
2016-04-26,13.72
2016-04-27,16.85
2016-04-28,16.22
2016-04-29,16.11
2016-04-30,11.38
2016-05-01,11.42
2016-05-02,16.67
2016-05-03,19.28
2016-05-04,20.99
2016-05-05,14.85
2016-05-06,10.67
2016-05-07,18.35
2016-05-08,22.8
2016-05-09,13.83
2016-05-10,16.03
2016-05-11,14.65
2016-05-12,11.47
2016-05-13,11.73
2016-05-14,12.2
2016-05-15,11.99
2016-05-16,11.02
2016-05-17,12.28
2016-05-18,15.23
2016-05-19,13.8
2016-05-20,14.34
2016-05-21,17.99
2016-05-22,16.76
2016-05-23,20.44
2016-05-24,13.34
2016-05-25,12.74
2016-05-26,19.86
2016-05-27,17.45
2016-05-28,17.39
2016-05-29,22.59
2016-05-30,19.35
2016-05-31,17.04
2016-06-01,18.95
2016-06-02,15.93
2016-06-03,17.86
2016-06-04,16.33
2016-06-05,39.97
2016-06-06,22.03
2016-06-07,19.53
2016-06-08,31.67
2016-06-09,21.48
2016-06-10,26.37
2016-06-11,32.69
2016-06-12,21.91
2016-06-13,31.3
2016-06-14,21.41
2016-06-15,17.83
2016-06-16,33.2
2016-06-17,24.54
2016-06-18,19.62
2016-06-19,25.85
2016-06-20,23.04
2016-06-21,19.48
2016-06-22,18.04
2016-06-23,15.03
2016-06-24,14.54
2016-06-25,16.82
2016-06-26,33.78
2016-06-27,27.63
2016-06-28,22.83
2016-06-29,19.12
2016-06-30,25.56
2016-07-01,30.63
2016-07-02,18.61
2016-07-03,53.18
2016-07-04,39.34
2016-07-05,21.7
2016-07-06,36.52
2016-07-07,24.11
2016-07-08,35.98
2016-07-09,33.51
2016-07-10,60.81
2016-07-11,22.41
2016-07-12,28.7
2016-07-13,20.02
2016-07-14,16.56
2016-07-15,16.63
2016-07-16,42.27
2016-07-17,47.91
2016-07-18,20.22
2016-07-19,18.47
2016-07-20,36.06
2016-07-21,20.2
2016-07-22,25.94
2016-07-23,24.46
2016-07-24,45.22
2016-07-25,9.38
2016-07-26,14.42
2016-07-27,14.74
2016-07-28,13.3
2016-07-29,28.5
2016-07-30,16.82
2016-07-31,37.06
2016-08-01,30.61
2016-08-02,33.55
2016-08-03,46.01
2016-08-04,36.81
2016-08-05,53.42
2016-08-06,55.15
2016-08-07,32.3
2016-08-08,32.64
2016-08-09,20.73
2016-08-10,35.7
2016-08-11,28.47
2016-08-12,43.83
2016-08-13,68.14
2016-08-14,48.87
2016-08-15,26.61
2016-08-16,9.51
2016-08-17,12.16
2016-08-18,16.34
2016-08-19,23.58
2016-08-20,49.3
2016-08-21,33.45
2016-08-22,37.56
2016-08-23,27.08
2016-08-24,24.35
2016-08-25,21.64
2016-08-26,16.51
2016-08-27,44.29
2016-08-28,47.84
2016-08-29,37.29
2016-08-30,11.97
2016-08-31,16.15
2016-09-01,25.62
2016-09-02,31.03
2016-09-03,22.92
2016-09-04,73.2
2016-09-05,23.37
2016-09-06,23.64
2016-09-07,32.44
2016-09-08,32.38
2016-09-09,39.88
2016-09-10,53.66
2016-09-11,81.19
2016-09-12,38.04
2016-09-13,46.7
2016-09-14,54.02
2016-09-15,42.87
2016-09-16,43.49
2016-09-17,39.36
2016-09-18,42.37
2016-09-19,15.07
2016-09-20,31.83
2016-09-21,52.59
2016-09-22,24.79
2016-09-23,44.56
2016-09-24,60.34
2016-09-25,92.53
2016-09-26,23.82
2016-09-27,60.91
2016-09-28,19.89
2016-09-29,25.62
2016-09-30,30.98
2016-10-01,38.48
2016-10-02,72.08
2016-10-03,14.76
2016-10-04,41.65
2016-10-05,37.26
2016-10-06,26.01
2016-10-07,29.82
2016-10-08,60.25
2016-10-09,76.21
2016-10-10,30.18
2016-10-11,11.99
2016-10-12,49.15
2016-10-13,12.67
2016-10-14,13.74
2016-10-15,19.0
2016-10-16,34.88
2016-10-17,26.85
2016-10-18,20.82
2016-10-19,36.86
2016-10-20,10.69
2016-10-21,50.9
2016-10-22,57.83
2016-10-23,81.73
2016-10-24,47.6
2016-10-25,48.95
2016-10-26,72.52
2016-10-27,23.67
2016-10-28,56.21
2016-10-29,60.77
2016-10-30,88.77
2016-10-31,34.6
2016-11-01,25.36
2016-11-02,16.15
2016-11-03,47.67
2016-11-04,14.43
2016-11-05,53.99
2016-11-06,77.6
2016-11-07,26.66
2016-11-08,49.79
2016-11-09,27.61
2016-11-10,49.8
2016-11-11,76.31
2016-11-12,53.71
2016-11-13,64.19
2016-11-14,48.7
2016-11-15,30.49
2016-11-16,47.22
2016-11-17,53.46
2016-11-18,40.19
2016-11-19,37.39
2016-11-20,24.68
2016-11-21,14.01
2016-11-22,19.96
2016-11-23,22.09
2016-11-24,12.2
2016-11-25,13.29
2016-11-26,21.84
2016-11-27,38.68
2016-11-28,29.0
2016-11-29,24.04
2016-11-30,24.06
2016-12-01,23.37
2016-12-02,16.58
2016-12-03,20.71
2016-12-04,56.18
2016-12-05,15.42
2016-12-06,12.45
2016-12-07,32.88
2016-12-08,41.2
2016-12-09,41.58
2016-12-10,19.85
2016-12-11,93.29
2016-12-12,33.18
2016-12-13,51.21
2016-12-14,20.38
2016-12-15,14.58
2016-12-16,16.22
2016-12-17,21.25
2016-12-18,15.33
2016-12-19,18.35
2016-12-20,19.83
2016-12-21,16.58
2016-12-22,23.14
2016-12-23,21.78
2016-12-24,21.72
2016-12-25,108.98
2016-12-26,44.7
2016-12-27,34.67
2016-12-28,52.54
2016-12-29,29.87
2016-12-30,35.52
2016-12-31,44.76
2017-01-01,116.55
2017-01-02,25.45
2017-01-03,35.81
2017-01-04,25.3
2017-01-05,30.2
2017-01-06,27.12
2017-01-07,22.78
2017-01-08,31.56
2017-01-09,21.13
2017-01-10,25.47
2017-01-11,18.29
2017-01-12,25.47
2017-01-13,49.97
2017-01-14,59.75
2017-01-15,32.7
2017-01-16,14.1
2017-01-17,18.43
2017-01-18,15.61
2017-01-19,16.85
2017-01-20,16.4
2017-01-21,15.93
2017-01-22,17.84
2017-01-23,15.13
2017-01-24,22.93
2017-01-25,25.3
2017-01-26,20.54
2017-01-27,32.94
2017-01-28,56.62
2017-01-29,48.35
2017-01-30,38.14
2017-01-31,13.2
2017-02-01,17.96
2017-02-02,35.65
2017-02-03,17.81
2017-02-04,17.14
2017-02-05,23.21
2017-02-06,14.51
2017-02-07,15.87
2017-02-08,18.11
2017-02-09,19.89
2017-02-10,17.69
2017-02-11,19.89
2017-02-12,22.89
2017-02-13,19.44
2017-02-14,24.7
2017-02-15,14.86
2017-02-16,12.42
2017-02-17,12.29
2017-02-18,29.57
2017-02-19,20.8
2017-02-20,11.39
2017-02-21,28.14
2017-02-22,25.57
2017-02-23,17.2
2017-02-24,20.85
2017-02-25,19.14
2017-02-26,23.29
2017-02-27,10.75
2017-02-28,11.33
2017-03-01,13.54
2017-03-02,13.86
2017-03-03,19.73
2017-03-04,14.87
2017-03-05,19.98
2017-03-06,12.95
2017-03-07,13.67
2017-03-08,15.29
2017-03-09,16.4
2017-03-10,17.64
2017-03-11,21.69
2017-03-12,23.79
2017-03-13,22.15
2017-03-14,16.33
2017-03-15,14.25
2017-03-16,16.03
2017-03-17,15.73
2017-03-18,33.13
2017-03-19,39.28
2017-03-20,16.53
2017-03-21,14.08
2017-03-22,14.86
2017-03-23,17.69
2017-03-24,31.86
2017-03-25,17.08
2017-03-26,19.39
2017-03-27,12.78
2017-03-28,13.38
2017-03-29,13.2
2017-03-30,26.96
2017-03-31,14.87
2017-04-01,15.64
2017-04-02,19.74
2017-04-03,20.06
2017-04-04,23.03
2017-04-05,16.59
2017-04-06,12.91
2017-04-07,15.76
2017-04-08,15.68
2017-04-09,20.36
2017-04-10,13.71
2017-04-11,16.81
2017-04-12,12.56
2017-04-13,11.83
2017-04-14,11.36
2017-04-15,17.81
2017-04-16,20.32
2017-04-17,14.72
2017-04-18,12.62
2017-04-19,12.6
2017-04-20,10.18
2017-04-21,15.35
2017-04-22,15.05
2017-04-23,14.63
2017-04-24,16.56
2017-04-25,10.02
2017-04-26,13.61
2017-04-27,13.64
2017-04-28,12.62
2017-04-29,13.36
2017-04-30,20.4
2017-05-01,15.94
2017-05-02,14.18
2017-05-03,13.98
2017-05-04,16.7
2017-05-05,17.58
2017-05-06,18.84
2017-05-07,30.37
2017-05-08,17.86
2017-05-09,18.22
2017-05-10,14.91
2017-05-11,15.8
2017-05-12,15.04
2017-05-13,14.25
2017-05-14,13.91
2017-05-15,26.63
2017-05-16,12.55
2017-05-17,11.75
2017-05-18,16.53
2017-05-19,17.05
2017-05-20,18.74
2017-05-21,21.97
2017-05-22,23.9
2017-05-23,23.28
2017-05-24,24.91
2017-05-25,32.48
2017-05-26,23.07
2017-05-27,23.25
2017-05-28,24.84
2017-05-29,22.66
2017-05-30,17.94
2017-05-31,18.35
2017-06-01,22.8
2017-06-02,18.24
2017-06-03,24.16
2017-06-04,33.56
2017-06-05,22.99
2017-06-06,23.06
2017-06-07,21.45
2017-06-08,32.03
2017-06-09,27.97
2017-06-10,37.96
2017-06-11,43.71
2017-06-12,31.1
2017-06-13,20.57
2017-06-14,17.06
2017-06-15,19.76
2017-06-16,33.34
2017-06-17,37.88
2017-06-18,60.71
2017-06-19,43.42
2017-06-20,29.4
2017-06-21,17.49
2017-06-22,16.04
2017-06-23,38.98
2017-06-24,46.62
2017-06-25,44.33
2017-06-26,23.7
2017-06-27,23.08
2017-06-28,29.11
2017-06-29,15.88
2017-06-30,36.05
2017-07-01,50.51
2017-07-02,50.28
2017-07-03,36.07
2017-07-04,23.24
2017-07-05,25.55
2017-07-06,24.78
2017-07-07,28.79
2017-07-08,42.41
2017-07-09,39.64
2017-07-10,43.89
2017-07-11,35.75
2017-07-12,35.01
2017-07-13,33.48
2017-07-14,29.24
2017-07-15,37.72
2017-07-16,48.0
2017-07-17,29.46
2017-07-18,31.16
2017-07-19,27.54
2017-07-20,24.6
2017-07-21,24.17
2017-07-22,37.01
2017-07-23,53.13
2017-07-24,55.86
2017-07-25,37.21
2017-07-26,41.7
2017-07-27,42.43
2017-07-28,35.07
2017-07-29,49.92
2017-07-30,75.44
2017-07-31,52.71
2017-08-01,70.75
2017-08-02,73.68
2017-08-03,50.75
2017-08-04,89.18
2017-08-05,66.75
2017-08-06,56.7
2017-08-07,52.4
2017-08-08,38.22
2017-08-09,23.85
2017-08-10,23.44
2017-08-11,22.55
2017-08-12,34.85
2017-08-13,43.97
2017-08-14,33.03
2017-08-15,22.06
2017-08-16,16.79
2017-08-17,33.4
2017-08-18,27.89
2017-08-19,46.25
2017-08-20,52.11
2017-08-21,27.05
2017-08-22,15.75
2017-08-23,19.8
2017-08-24,16.11
2017-08-25,13.85
2017-08-26,22.84
2017-08-27,45.56
2017-08-28,27.62
2017-08-29,29.09
2017-08-30,39.36
2017-08-31,45.63
2017-09-01,50.48
2017-09-02,46.65
2017-09-03,35.72
2017-09-04,24.92
2017-09-05,30.08
2017-09-06,27.25
2017-09-07,28.39
2017-09-08,27.91
2017-09-09,25.52
2017-09-10,28.38
2017-09-11,29.17
2017-09-12,25.1
2017-09-13,36.05
2017-09-14,33.83
2017-09-15,25.55
2017-09-16,33.08
2017-09-17,45.68
2017-09-18,59.59
2017-09-19,27.34
2017-09-20,23.63
2017-09-21,23.87
2017-09-22,24.15
2017-09-23,33.3
2017-09-24,46.57
2017-09-25,24.83
2017-09-26,25.6
2017-09-27,24.06
2017-09-28,25.6
2017-09-29,27.72
2017-09-30,30.11
2017-10-01,83.91
2017-10-02,29.93
2017-10-03,39.63
2017-10-04,24.67
2017-10-05,28.31
2017-10-06,30.82
2017-10-07,21.15
2017-10-08,28.87
2017-10-09,28.5
2017-10-10,23.95
2017-10-11,24.23
2017-10-12,24.7
2017-10-13,20.21
2017-10-14,31.16
2017-10-15,47.56
2017-10-16,28.48
2017-10-17,28.72
2017-10-18,24.66
2017-10-19,34.8
2017-10-20,51.21
2017-10-21,34.83
2017-10-22,139.87
2017-10-23,41.23
2017-10-24,35.27
2017-10-25,46.66
2017-10-26,36.89
2017-10-27,15.97
2017-10-28,20.4
2017-10-29,21.31
2017-10-30,25.92
2017-10-31,22.18
2017-11-01,21.09
2017-11-02,26.32
2017-11-03,23.01
2017-11-04,29.49
2017-11-05,35.59
2017-11-06,30.67
2017-11-07,27.29
2017-11-08,31.84
2017-11-09,16.95
2017-11-10,23.13
2017-11-11,16.55
2017-11-12,29.13
2017-11-13,20.46
2017-11-14,19.73
2017-11-15,23.17
2017-11-16,24.97
2017-11-17,27.51
2017-11-18,42.38
2017-11-19,39.75
2017-11-20,26.22
2017-11-21,20.57
2017-11-22,21.87
2017-11-23,28.55
2017-11-24,22.53
2017-11-25,31.83
2017-11-26,32.0
2017-11-27,24.05
2017-11-28,23.06
2017-11-29,25.5
2017-11-30,30.59
2017-12-01,33.66
2017-12-02,45.68
2017-12-03,38.58
2017-12-04,29.5
2017-12-05,42.57
2017-12-06,45.99
2017-12-07,22.1
2017-12-08,28.72
2017-12-09,36.02
2017-12-10,32.75
2017-12-11,28.88
2017-12-12,20.32
2017-12-13,23.54
2017-12-14,18.31
2017-12-15,20.91
2017-12-16,26.11
2017-12-17,29.03
2017-12-18,17.38
2017-12-19,14.29
2017-12-20,19.37
2017-12-21,16.24
2017-12-22,19.21
2017-12-23,22.09
2017-12-24,26.13
2017-12-25,19.77
2017-12-26,20.46
2017-12-27,19.55
2017-12-28,22.23
2017-12-29,19.08
2017-12-30,16.11
2017-12-31,41.21
2018-01-01,31.25
2018-01-02,15.24
2018-01-03,13.87
2018-01-04,12.92
2018-01-05,12.74
2018-01-06,18.3
2018-01-07,17.09
2018-01-08,13.69
2018-01-09,12.4
2018-01-10,16.19
2018-01-11,16.92
2018-01-12,15.22
2018-01-13,16.06
2018-01-14,22.31
2018-01-15,18.3
2018-01-16,19.59
2018-01-17,17.18
2018-01-18,20.64
2018-01-19,23.5
2018-01-20,46.81
2018-01-21,50.53
2018-01-22,53.27
2018-01-23,68.49
2018-01-24,56.14
2018-01-25,83.33
2018-01-26,66.33
2018-01-27,76.43
2018-01-28,76.35
2018-01-29,63.44
2018-01-30,61.22
2018-01-31,28.35
2018-02-01,40.97
2018-02-02,38.46
2018-02-03,57.39
2018-02-04,58.08
2018-02-05,55.75
2018-02-06,73.73
2018-02-07,111.32
2018-02-08,167.3
2018-02-09,166.24
2018-02-10,198.88
2018-02-11,221.2
2018-02-12,195.62
2018-02-13,221.9
2018-02-14,239.58
2018-02-15,121.51
2018-02-16,190.63
2018-02-17,233.82
2018-02-18,265.43
2018-02-19,205.25
2018-02-20,119.37
2018-02-21,160.99
2018-02-22,103.65
2018-02-23,90.17
2018-02-24,80.16
2018-02-25,139.53
2018-02-26,153.25
2018-02-27,126.53
2018-02-28,162.84
2018-03-01,90.09
2018-03-02,67.41
2018-03-03,273.65
2018-03-04,293.98
2018-03-05,166.75
2018-03-06,114.93
2018-03-07,132.4
2018-03-08,188.19
2018-03-09,137.47
2018-03-10,111.21
2018-03-11,120.34
2018-03-12,114.07
2018-03-13,126.13
2018-03-14,34.45
2018-03-15,31.11
2018-03-16,61.56
2018-03-17,30.98
2018-03-18,35.4
2018-03-19,27.85
2018-03-20,25.82
2018-03-21,25.11
2018-03-22,26.85
2018-03-23,32.44
2018-03-24,29.46
2018-03-25,80.26
2018-03-26,22.87
2018-03-27,22.44
2018-03-28,55.81
2018-03-29,58.27
2018-03-30,21.56
2018-03-31,25.21
2018-04-01,26.16
2018-04-02,24.62
2018-04-03,24.45
2018-04-04,23.45
2018-04-05,22.45
2018-04-06,28.27
2018-04-07,39.95
2018-04-08,36.56
2018-04-09,33.04
2018-04-10,29.07
2018-04-11,36.08
2018-04-12,33.39
2018-04-13,22.12
2018-04-14,31.64
2018-04-15,32.4
2018-04-16,57.04
2018-04-17,58.83
2018-04-18,21.96
2018-04-19,23.87
2018-04-20,23.36
2018-04-21,30.67
2018-04-22,23.04
2018-04-23,23.69
2018-04-24,22.39
2018-04-25,21.48
2018-04-26,30.18
2018-04-27,70.73
2018-04-28,51.0
2018-04-29,22.59
2018-04-30,18.68
2018-05-01,19.88
2018-05-02,21.3
2018-05-03,70.92
2018-05-04,42.77
2018-05-05,40.72
2018-05-06,66.92
2018-05-07,24.73
2018-05-08,58.48
2018-05-09,24.87
2018-05-10,22.53
2018-05-11,17.57
2018-05-12,17.31
2018-05-13,22.32
2018-05-14,20.81
2018-05-15,19.97
2018-05-16,24.84
2018-05-17,20.97
2018-05-18,31.95
2018-05-19,21.94
2018-05-20,24.11
2018-05-21,23.46
2018-05-22,27.45
2018-05-23,20.29
2018-05-24,21.43
2018-05-25,17.76
2018-05-26,26.48
2018-05-27,23.27
2018-05-28,21.41
2018-05-29,27.66
2018-05-30,22.24
2018-05-31,19.73
2018-06-01,19.52
2018-06-02,17.9
2018-06-03,171.32
2018-06-04,221.57
2018-06-05,178.68
2018-06-06,162.5
2018-06-07,209.43
2018-06-08,89.7
2018-06-09,25.88
2018-06-10,20.79
2018-06-11,16.47
2018-06-12,137.79
2018-06-13,54.58
2018-06-14,16.95
2018-06-15,39.47
2018-06-16,27.27
2018-06-17,27.03
2018-06-18,20.68
2018-06-19,73.48
2018-06-20,143.96
2018-06-21,23.22
2018-06-22,14.08
2018-06-23,18.75
2018-06-24,18.98
2018-06-25,169.63
2018-06-26,246.43
2018-06-27,171.31
2018-06-28,56.32
2018-06-29,37.31
2018-06-30,193.57
2018-07-01,148.81
2018-07-02,153.86
2018-07-03,42.18
2018-07-04,98.26
2018-07-05,22.52
2018-07-06,16.34
2018-07-07,16.19
2018-07-08,56.92
2018-07-09,153.86
2018-07-10,99.88
2018-07-11,136.24
2018-07-12,94.5
2018-07-13,100.33
2018-07-14,163.27
2018-07-15,72.1
2018-07-16,37.35
2018-07-17,64.89
2018-07-18,187.71
2018-07-19,49.37
2018-07-20,51.44
2018-07-21,23.12
2018-07-22,18.48
2018-07-23,76.11
2018-07-24,83.77
2018-07-25,161.38
2018-07-26,60.98
2018-07-27,135.54
2018-07-28,48.13
2018-07-29,28.61
2018-07-30,20.99
2018-07-31,67.52
2018-08-01,130.09
2018-08-02,28.13
2018-08-03,23.01
2018-08-04,22.58
2018-08-05,32.13
2018-08-06,92.9
2018-08-07,124.67
2018-08-08,22.88
2018-08-09,20.34
2018-08-10,31.39
2018-08-11,28.36
2018-08-12,39.41
2018-08-13,27.19
2018-08-14,21.49
2018-08-15,13.63
2018-08-16,24.43
2018-08-17,21.26
2018-08-18,14.83
2018-08-19,23.51
2018-08-20,20.05
2018-08-21,15.52
2018-08-22,16.17
2018-08-23,15.86
2018-08-24,12.57
2018-08-25,20.47
2018-08-26,30.27
2018-08-27,43.85
2018-08-28,27.62
2018-08-29,23.6
2018-08-30,20.62
2018-08-31,15.13
2018-09-01,15.6
2018-09-02,23.28
2018-09-03,19.79
2018-09-04,19.56
2018-09-05,19.86
2018-09-06,20.33
2018-09-07,33.77
2018-09-08,15.57
2018-09-09,16.34
2018-09-10,17.95
2018-09-11,20.15
2018-09-12,18.44
2018-09-13,17.36
2018-09-14,16.83
2018-09-15,14.59
2018-09-16,17.2
2018-09-17,17.28
2018-09-18,15.34
2018-09-19,18.75
2018-09-20,19.83
2018-09-21,18.99
2018-09-22,14.97
2018-09-23,16.55
2018-09-24,24.73
2018-09-25,17.4
2018-09-26,15.12
2018-09-27,16.06
2018-09-28,15.94
2018-09-29,16.12
2018-09-30,17.92
2018-10-01,14.57
2018-10-02,28.95
2018-10-03,19.21
2018-10-04,15.6
2018-10-05,16.71
2018-10-06,19.32
2018-10-07,16.69
2018-10-08,29.18
2018-10-09,51.83
2018-10-10,61.48
2018-10-11,61.61
2018-10-12,42.82
2018-10-13,90.1
2018-10-14,80.3
2018-10-15,57.22
2018-10-16,45.75
2018-10-17,50.56
2018-10-18,80.63
2018-10-19,56.71
2018-10-20,88.42
2018-10-21,99.49
2018-10-22,60.09
2018-10-23,73.36
2018-10-24,22.06
2018-10-25,64.54
2018-10-26,46.76
2018-10-27,71.5
2018-10-28,94.53
2018-10-29,49.98
2018-10-30,43.97
2018-10-31,64.61
2018-11-01,67.42
2018-11-02,44.2
2018-11-03,90.73
2018-11-04,75.51
2018-11-05,49.95
2018-11-06,33.94
2018-11-07,29.35
2018-11-08,33.68
2018-11-09,28.69
2018-11-10,41.46
2018-11-11,95.79
2018-11-12,55.73
2018-11-13,35.88
2018-11-14,41.02
2018-11-15,29.69
2018-11-16,25.35
2018-11-17,64.62
2018-11-18,67.15
2018-11-19,46.75
2018-11-20,34.02
2018-11-21,23.17
2018-11-22,29.73
2018-11-23,36.66
2018-11-24,79.87
2018-11-25,68.95
2018-11-26,29.14
2018-11-27,56.12
2018-11-28,47.66
2018-11-29,21.25
2018-11-30,19.6
2018-12-01,55.5
2018-12-02,79.28
2018-12-03,50.77
2018-12-04,39.01
2018-12-05,56.38
2018-12-06,62.17
2018-12-07,31.37
2018-12-08,74.83
2018-12-09,85.76
2018-12-10,44.14
2018-12-11,39.27
2018-12-12,45.08
2018-12-13,64.15
2018-12-14,59.74
2018-12-15,74.33
2018-12-16,59.32
2018-12-17,81.89
2018-12-18,42.09
2018-12-19,66.51
2018-12-20,44.15
2018-12-21,48.43
2018-12-22,101.0
2018-12-23,107.61
2018-12-24,73.04
2018-12-25,116.85
2018-12-26,100.12
2018-12-27,90.42
2018-12-28,84.44
2018-12-29,67.95
2018-12-30,117.47
2018-12-31,87.53
2019-01-01,135.32
2019-01-02,72.58
2019-01-03,61.22
2019-01-04,66.72
2019-01-05,103.94
2019-01-06,24.11
2019-01-07,15.76
2019-01-08,15.47
2019-01-09,14.05
2019-01-10,13.02
2019-01-11,11.99
2019-01-12,13.57
2019-01-13,12.7
2019-01-14,14.51
2019-01-15,13.7
2019-01-16,13.83
2019-01-17,14.16
2019-01-18,15.88
2019-01-19,11.2
2019-01-20,11.5
2019-01-21,13.29
2019-01-22,13.55
2019-01-23,14.73
2019-01-24,14.36
2019-01-25,13.92
2019-01-26,12.69
2019-01-27,12.28
2019-01-28,13.68
2019-01-29,15.05
2019-01-30,13.85
2019-01-31,15.39
2019-02-01,11.92
2019-02-02,15.63
2019-02-03,13.81
2019-02-04,14.34
2019-02-05,12.72
2019-02-06,14.71
2019-02-07,14.6
2019-02-08,15.37
2019-02-09,12.63
2019-02-10,13.2
2019-02-11,17.22
2019-02-12,23.51
2019-02-13,16.49
2019-02-14,20.6
2019-02-15,11.14
2019-02-16,14.52
2019-02-17,12.98
2019-02-18,17.53
2019-02-19,21.61
2019-02-20,18.56
2019-02-21,16.26
2019-02-22,16.78
2019-02-23,13.41
2019-02-24,15.12
2019-02-25,13.41
2019-02-26,18.59
2019-02-27,16.11
2019-02-28,15.64
2019-03-01,15.12
2019-03-02,10.84
2019-03-03,10.66
2019-03-04,24.22
2019-03-05,19.1
2019-03-06,26.06
2019-03-07,16.55
2019-03-08,15.08
2019-03-09,16.28
2019-03-10,21.2
2019-03-11,18.76
2019-03-12,22.44
2019-03-13,17.73
2019-03-14,15.29
2019-03-15,12.68
2019-03-16,16.11
2019-03-17,16.75
2019-03-18,16.44
2019-03-19,15.39
2019-03-20,14.32
2019-03-21,16.84
2019-03-22,12.18
2019-03-23,14.31
2019-03-24,21.87
2019-03-25,24.53
2019-03-26,11.88
2019-03-27,23.62
2019-03-28,13.97
2019-03-29,19.33
2019-03-30,16.05
2019-03-31,20.86
2019-04-01,16.33
2019-04-02,15.69
2019-04-03,20.83
2019-04-04,15.5
2019-04-05,17.16
2019-04-06,12.5
2019-04-07,15.97
2019-04-08,26.58
2019-04-09,14.96
2019-04-10,14.59
2019-04-11,15.0
2019-04-12,17.8
2019-04-13,11.65
2019-04-14,12.24
2019-04-15,11.8
2019-04-16,12.14
2019-04-17,15.92
2019-04-18,15.75
2019-04-19,13.71
2019-04-20,12.47
2019-04-21,16.9
2019-04-22,12.29
2019-04-23,13.78
2019-04-24,15.97
2019-04-25,11.52
2019-04-26,12.96
2019-04-27,15.61
2019-04-28,13.42
2019-04-29,22.42
2019-04-30,10.12
2019-05-01,13.71
2019-05-02,14.19
2019-05-03,14.81
2019-05-04,14.81
2019-05-05,14.47
2019-05-06,12.35
2019-05-07,15.49
2019-05-08,12.89
2019-05-09,15.08
2019-05-10,12.93
2019-05-11,18.44
2019-05-12,32.28
2019-05-13,29.69
2019-05-14,25.43
2019-05-15,18.46
2019-05-16,16.7
2019-05-17,19.92
2019-05-18,21.8
2019-05-19,25.75
2019-05-20,16.67
2019-05-21,15.88
2019-05-22,16.98
2019-05-23,17.34
2019-05-24,14.1
2019-05-25,17.78
2019-05-26,20.29
2019-05-27,20.71
2019-05-28,19.16
2019-05-29,17.72
2019-05-30,16.31
2019-05-31,13.98
2019-06-01,26.81
2019-06-02,20.55
2019-06-03,16.8
2019-06-04,17.03
2019-06-05,16.01
2019-06-06,14.98
2019-06-07,12.12
2019-06-08,19.07
2019-06-09,17.24
2019-06-10,20.79
2019-06-11,15.77
2019-06-12,13.18
2019-06-13,14.12
2019-06-14,18.8
2019-06-15,22.58
2019-06-16,21.33
2019-06-17,20.03
2019-06-18,19.56
2019-06-19,19.06
2019-06-20,17.83
2019-06-21,17.12
2019-06-22,36.08
2019-06-23,35.63
2019-06-24,28.55
2019-06-25,24.22
2019-06-26,40.86
2019-06-27,34.43
2019-06-28,29.09
2019-06-29,34.62
2019-06-30,24.55
2019-07-01,18.21
2019-07-02,24.03
2019-07-03,23.81
2019-07-04,22.02
2019-07-05,41.17
2019-07-06,18.37
2019-07-07,18.36
2019-07-08,23.31
2019-07-09,26.14
2019-07-10,24.58
2019-07-11,18.14
2019-07-12,26.03
2019-07-13,25.09
2019-07-14,22.87
2019-07-15,23.56
2019-07-16,20.91
2019-07-17,17.66
2019-07-18,13.57
2019-07-19,15.15
2019-07-20,30.44
2019-07-21,36.91
2019-07-22,20.83
2019-07-23,31.15
2019-07-24,16.43
2019-07-25,20.4
2019-07-26,19.69
2019-07-27,19.39
2019-07-28,21.74
2019-07-29,18.76
2019-07-30,19.15
2019-07-31,17.17
2019-08-01,20.41
2019-08-02,16.33
2019-08-03,18.7
2019-08-04,24.75
2019-08-05,28.83
2019-08-06,34.5
2019-08-07,51.15
2019-08-08,21.16
2019-08-09,21.47
2019-08-10,22.29
2019-08-11,18.82
2019-08-12,24.91
2019-08-13,28.82
2019-08-14,17.93
2019-08-15,16.23
2019-08-16,22.3
2019-08-17,15.76
2019-08-18,16.41
2019-08-19,21.0
2019-08-20,16.77
2019-08-21,19.43
2019-08-22,18.55
2019-08-23,21.36
2019-08-24,25.1
2019-08-25,20.82
2019-08-26,21.29
2019-08-27,19.15
2019-08-28,20.26
2019-08-29,21.51
2019-08-30,15.0
2019-08-31,14.91
2019-09-01,16.29
2019-09-02,19.39
2019-09-03,19.33
2019-09-04,18.69
2019-09-05,57.79
2019-09-06,21.84
2019-09-07,14.7
2019-09-08,18.43
2019-09-09,18.89
2019-09-10,32.4
2019-09-11,22.54
2019-09-12,18.95
2019-09-13,15.97
2019-09-14,15.68
2019-09-15,26.7
2019-09-16,24.53
2019-09-17,26.51
2019-09-18,21.97
2019-09-19,21.64
2019-09-20,16.65
2019-09-21,15.06
2019-09-22,21.04
2019-09-23,15.87
2019-09-24,20.69
2019-09-25,17.2
2019-09-26,15.96
2019-09-27,14.19
2019-09-28,14.88
2019-09-29,15.35
2019-09-30,15.79
2019-10-01,17.27
2019-10-02,15.12
2019-10-03,14.92
2019-10-04,18.25
2019-10-05,13.85
2019-10-06,16.59
2019-10-07,15.17
2019-10-08,18.53
2019-10-09,16.67
2019-10-10,16.14
2019-10-11,16.2
2019-10-12,16.72
2019-10-13,16.27
2019-10-14,18.8
2019-10-15,16.46
2019-10-16,17.22
2019-10-17,15.8
2019-10-18,18.16
2019-10-19,17.87
2019-10-20,15.35
2019-10-21,17.96
2019-10-22,19.14
2019-10-23,18.4
2019-10-24,15.83
2019-10-25,18.04
2019-10-26,24.86
2019-10-27,23.77
2019-10-28,22.6
2019-10-29,20.24
2019-10-30,22.28
2019-10-31,17.94
2019-11-01,19.95
2019-11-02,20.44
2019-11-03,19.38
2019-11-04,18.77
2019-11-05,19.22
2019-11-06,19.51
2019-11-07,19.83
2019-11-08,16.24
2019-11-09,19.45
2019-11-10,21.04
2019-11-11,19.84
2019-11-12,27.24
2019-11-13,28.3
2019-11-14,23.24
2019-11-15,68.95
2019-11-16,123.12
2019-11-17,136.03
2019-11-18,23.17
2019-11-19,18.98
2019-11-20,17.35
2019-11-21,15.7
2019-11-22,18.18
2019-11-23,13.47
2019-11-24,18.63
2019-11-25,15.55
2019-11-26,16.64
2019-11-27,15.11
2019-11-28,15.26
2019-11-29,17.38
2019-11-30,18.06
2019-12-01,19.94
2019-12-02,17.52
2019-12-03,18.3
2019-12-04,27.18
2019-12-05,19.81
2019-12-06,19.09
2019-12-07,20.72
2019-12-08,22.23
2019-12-09,18.75
2019-12-10,22.56
2019-12-11,31.04
2019-12-12,18.31
2019-12-13,17.02
2019-12-14,15.41
2019-12-15,16.89
2019-12-16,20.04
2019-12-17,25.73
2019-12-18,28.4
2019-12-19,21.62
2019-12-20,15.61
2019-12-21,16.41
2019-12-22,21.71
2019-12-23,21.82
2019-12-24,19.79
2019-12-25,22.87
2019-12-26,56.9
2019-12-27,25.04
2019-12-28,37.28
2019-12-29,19.49
2019-12-30,23.36
2019-12-31,20.92
2020-01-01,14.98
2020-01-02,16.67
2020-01-03,16.38
2020-01-04,18.06
2020-01-05,16.81
2020-01-06,18.61
2020-01-07,21.37
2020-01-08,22.2
2020-01-09,23.98
2020-01-10,21.6
2020-01-11,20.01
2020-01-12,18.44
2020-01-13,19.7
2020-01-14,33.19
2020-01-15,22.23
2020-01-16,23.13
2020-01-17,27.75
2020-01-18,23.07
2020-01-19,24.14
2020-01-20,24.01
2020-01-21,19.29
2020-01-22,35.48
2020-01-23,37.96
2020-01-24,29.63
2020-01-25,20.83
2020-01-26,24.01
2020-01-27,24.97
2020-01-28,26.56
2020-01-29,27.87
2020-01-30,21.11
2020-01-31,20.04
2020-02-01,19.78
2020-02-02,22.59
2020-02-03,22.33
2020-02-04,24.68
2020-02-05,23.99
2020-02-06,24.37
2020-02-07,28.45
2020-02-08,25.9
2020-02-09,29.28
2020-02-10,29.92
2020-02-11,23.37
2020-02-12,26.08
2020-02-13,29.48
2020-02-14,19.96
2020-02-15,23.35
2020-02-16,23.79
2020-02-17,18.27
2020-02-18,21.5
2020-02-19,23.67
2020-02-20,26.23
2020-02-21,26.87
2020-02-22,19.77
2020-02-23,20.03
2020-02-24,20.16
2020-02-25,18.73
2020-02-26,20.92
2020-02-27,16.91
2020-02-28,16.5
2020-02-29,17.64
2020-03-01,37.56
2020-03-02,18.29
2020-03-03,30.01
2020-03-04,95.71
2020-03-05,19.54
2020-03-06,18.19
2020-03-07,18.18
2020-03-08,17.47
2020-03-09,19.91
2020-03-10,17.0
2020-03-11,17.53
2020-03-12,30.05
2020-03-13,28.64
2020-03-14,31.33
2020-03-15,42.1
2020-03-16,31.92
2020-03-17,31.73
2020-03-18,18.72
2020-03-19,19.57
2020-03-20,16.91
2020-03-21,24.88
2020-03-22,21.31
2020-03-23,17.78
2020-03-24,35.04
2020-03-25,17.83
2020-03-26,24.23
2020-03-27,22.84
2020-03-28,27.63
2020-03-29,30.45
2020-03-30,33.03
2020-03-31,45.59
2020-04-01,45.97
2020-04-02,30.8
2020-04-03,25.38
2020-04-04,70.54
2020-04-05,41.96
2020-04-06,19.46
2020-04-07,27.18
2020-04-08,32.26
2020-04-09,36.89
2020-04-10,22.45
2020-04-11,23.23
2020-04-12,55.37
2020-04-13,40.29
2020-04-14,23.22
2020-04-15,59.17
2020-04-16,21.51
2020-04-17,21.33
2020-04-18,25.55
2020-04-19,31.16
2020-04-20,27.66
2020-04-21,23.08
2020-04-22,16.52
2020-04-23,21.92
2020-04-24,21.4
2020-04-25,62.53
2020-04-26,64.08
2020-04-27,35.21
2020-04-28,28.26
2020-04-29,30.24
2020-04-30,23.3
2020-05-01,22.02
2020-05-02,49.75
2020-05-03,61.52
2020-05-04,32.26
2020-05-05,42.54
2020-05-06,30.48
2020-05-07,30.78
2020-05-08,31.55
2020-05-09,31.12
2020-05-10,51.09
2020-05-11,37.01
2020-05-12,27.62
2020-05-13,20.73
2020-05-14,48.07
2020-05-15,26.53
2020-05-16,18.82
2020-05-17,22.32
2020-05-18,34.58
2020-05-19,29.57
2020-05-20,23.27
2020-05-21,16.88
2020-05-22,16.12
2020-05-23,27.45
2020-05-24,29.37
2020-05-25,27.92
2020-05-26,20.56
2020-05-27,22.07
2020-05-28,23.93
2020-05-29,69.84
2020-05-30,117.85
2020-05-31,20.62
2020-06-01,23.43
2020-06-02,27.36
2020-06-03,21.33
2020-06-04,21.34
2020-06-05,20.43
2020-06-06,31.46
2020-06-07,24.13
2020-06-08,23.43
2020-06-09,23.32
2020-06-10,20.94
2020-06-11,62.0
2020-06-12,31.35
2020-06-13,22.58
2020-06-14,19.59
2020-06-15,18.49
2020-06-16,18.5
2020-06-17,21.36
2020-06-18,21.27
2020-06-19,16.79
2020-06-20,18.62
2020-06-21,22.81
2020-06-22,24.69
2020-06-23,22.01
2020-06-24,24.27
2020-06-25,21.74
2020-06-26,19.12
2020-06-27,22.74
2020-06-28,22.06
2020-06-29,21.43
2020-06-30,21.8
2020-07-01,17.59
2020-07-02,17.18
2020-07-03,16.4
2020-07-04,19.52
2020-07-05,57.89
2020-07-06,22.96
2020-07-07,22.15
2020-07-08,27.86
2020-07-09,32.68
2020-07-10,24.85
2020-07-11,23.68
2020-07-12,33.14
2020-07-13,18.85
2020-07-14,20.89
2020-07-15,17.75
2020-07-16,19.19
2020-07-17,16.52
2020-07-18,18.4
2020-07-19,19.54
2020-07-20,27.31
2020-07-21,16.32
2020-07-22,18.94
2020-07-23,16.17
2020-07-24,23.49
2020-07-25,20.07
2020-07-26,24.02
2020-07-27,34.12
2020-07-28,30.17
2020-07-29,27.9
2020-07-30,25.4
2020-07-31,32.68
2020-08-01,26.03
2020-08-02,28.81
2020-08-03,24.63
2020-08-04,22.78
2020-08-05,23.23
2020-08-06,18.53
2020-08-07,24.6
2020-08-08,26.88
2020-08-09,31.81
2020-08-10,21.87
2020-08-11,22.46
2020-08-12,21.45
2020-08-13,19.79
2020-08-14,20.74
2020-08-15,24.89
2020-08-16,24.52
2020-08-17,23.35
2020-08-18,23.32
2020-08-19,19.21
2020-08-20,23.41
2020-08-21,22.95
2020-08-22,21.01
2020-08-23,40.62
2020-08-24,20.22
2020-08-25,21.39
2020-08-26,18.29
2020-08-27,15.61
2020-08-28,23.45
2020-08-29,15.8
2020-08-30,46.21
2020-08-31,43.32
2020-09-01,21.92
2020-09-02,25.81
2020-09-03,18.67
2020-09-04,18.2
2020-09-05,18.36
2020-09-06,22.94
2020-09-07,20.0
2020-09-08,27.34
2020-09-09,20.9
2020-09-10,14.7
2020-09-11,17.18
2020-09-12,20.23
2020-09-13,22.07
2020-09-14,18.57
2020-09-15,16.74
2020-09-16,21.73
2020-09-17,18.69
2020-09-18,20.01
2020-09-19,26.86
2020-09-20,21.27
2020-09-21,19.36
2020-09-22,14.82
2020-09-23,17.98
2020-09-24,21.09
2020-09-25,15.95
2020-09-26,42.85
2020-09-27,23.26
2020-09-28,18.49
2020-09-29,17.97
2020-09-30,13.86
2020-10-01,14.02
2020-10-02,20.37
2020-10-03,18.82
2020-10-04,21.44
2020-10-05,14.19
2020-10-06,16.02
2020-10-07,16.57
2020-10-08,21.49
2020-10-09,13.49
2020-10-10,23.87
2020-10-11,45.33
2020-10-12,17.72
2020-10-13,45.88
2020-10-14,21.55
2020-10-15,22.04
2020-10-16,22.57
2020-10-17,22.52
2020-10-18,24.52
2020-10-19,20.71
2020-10-20,21.76
2020-10-21,26.18
2020-10-22,30.57
2020-10-23,25.92
2020-10-24,23.99
2020-10-25,30.81
2020-10-26,26.44
2020-10-27,27.08
2020-10-28,24.57
2020-10-29,18.98
2020-10-30,19.08
2020-10-31,24.1
2020-11-01,29.55
2020-11-02,20.2
2020-11-03,21.47
2020-11-04,27.37
2020-11-05,38.07
2020-11-06,47.44
2020-11-07,40.75
2020-11-08,55.41
2020-11-09,75.94
2020-11-10,27.81
2020-11-11,31.58
2020-11-12,39.38
2020-11-13,31.5
2020-11-14,44.4
2020-11-15,52.38
2020-11-16,32.72
2020-11-17,40.93
2020-11-18,52.89
2020-11-19,35.89
2020-11-20,43.87
2020-11-21,55.82
2020-11-22,53.41
2020-11-23,35.04
2020-11-24,42.6
2020-11-25,46.68
2020-11-26,43.69
2020-11-27,32.37
2020-11-28,38.62
2020-11-29,46.44
2020-11-30,30.53
2020-12-01,40.83
2020-12-02,30.23
2020-12-03,28.98
2020-12-04,27.57
2020-12-05,37.06
2020-12-06,45.12
2020-12-07,29.88
2020-12-08,30.0
2020-12-09,28.59
2020-12-10,21.61
2020-12-11,21.62
2020-12-12,24.47
2020-12-13,33.71
2020-12-14,25.79
2020-12-15,37.06
2020-12-16,41.58
2020-12-17,59.74
2020-12-18,49.58
2020-12-19,47.67
2020-12-20,60.97
2020-12-21,35.15
2020-12-22,35.66
2020-12-23,30.55
2020-12-24,41.55
2020-12-25,36.41
2020-12-26,50.21
2020-12-27,76.83
2020-12-28,53.67
2020-12-29,43.35
2020-12-30,57.97
2020-12-31,46.9
2021-01-01,62.24
2021-01-02,58.53
2021-01-03,82.75
2021-01-04,64.61
2021-01-05,45.71
2021-01-06,53.09
2021-01-07,67.72
2021-01-08,69.9
2021-01-09,62.04
2021-01-10,62.31
2021-01-11,64.86
2021-01-12,39.45
2021-01-13,125.75
2021-01-14,41.05
2021-01-15,39.2
2021-01-16,46.63
2021-01-17,58.51
2021-01-18,38.09
2021-01-19,35.45
2021-01-20,48.01
2021-01-21,33.77
2021-01-22,29.18
2021-01-23,51.28
2021-01-24,40.88
2021-01-25,26.27
2021-01-26,25.94
2021-01-27,33.73
2021-01-28,28.46
2021-01-29,28.73
2021-01-30,28.95
2021-01-31,37.75
2021-02-01,22.25
2021-02-02,26.57
2021-02-03,30.47
2021-02-04,31.77
2021-02-05,30.76
2021-02-06,43.98
2021-02-07,41.53
2021-02-08,38.5
2021-02-09,46.06
2021-02-10,37.89
2021-02-11,39.85
2021-02-12,32.88
2021-02-13,36.73
2021-02-14,45.31
2021-02-15,34.89
2021-02-16,34.5
2021-02-17,42.16
2021-02-18,37.22
2021-02-19,35.9
2021-02-20,41.58
2021-02-21,44.56
2021-02-22,44.73
2021-02-23,37.85
2021-02-24,36.62
2021-02-25,41.27
2021-02-26,29.93
2021-02-27,45.94
2021-02-28,38.73
2021-03-01,24.4
2021-03-02,28.45
2021-03-03,40.99
2021-03-04,25.93
2021-03-05,26.8
2021-03-06,40.02
2021-03-07,36.52
2021-03-08,32.28
2021-03-09,30.29
2021-03-10,45.56
2021-03-11,26.51
2021-03-12,35.53
2021-03-13,29.77
2021-03-14,58.58
2021-03-15,31.91
2021-03-16,26.77
2021-03-17,32.16
2021-03-18,23.19
2021-03-19,25.42
2021-03-20,35.59
2021-03-21,38.4
2021-03-22,35.0
2021-03-23,32.44
2021-03-24,39.48
2021-03-25,28.26
2021-03-26,21.63
2021-03-27,29.02
2021-03-28,34.78
2021-03-29,35.49
2021-03-30,24.15
2021-03-31,23.97
2021-04-01,24.6
2021-04-02,23.86
2021-04-03,28.48
2021-04-04,47.8
2021-04-05,36.34
2021-04-06,24.89
2021-04-07,25.02
2021-04-08,25.38
2021-04-09,22.03
2021-04-10,33.41
2021-04-11,42.89
2021-04-12,34.3
2021-04-13,28.95
2021-04-14,26.79
2021-04-15,21.55
2021-04-16,21.87
2021-04-17,23.24
2021-04-18,27.32
2021-04-19,21.0
2021-04-20,20.76
2021-04-21,18.04
2021-04-22,23.22
2021-04-23,29.03
2021-04-24,30.15
2021-04-25,36.36
2021-04-26,25.16
2021-04-27,25.71
2021-04-28,32.2
2021-04-29,20.79
2021-04-30,28.58
2021-05-01,35.55
2021-05-02,45.76
2021-05-03,44.74
2021-05-04,58.37
2021-05-05,49.64
2021-05-06,44.67
2021-05-07,52.36
2021-05-08,39.74
2021-05-09,64.33
2021-05-10,43.61
2021-05-11,47.35
2021-05-12,49.64
2021-05-13,42.02
2021-05-14,35.86
2021-05-15,30.02
2021-05-16,49.66
2021-05-17,38.19
2021-05-18,29.74
2021-05-19,43.65
2021-05-20,27.83
2021-05-21,22.67
2021-05-22,27.9
2021-05-23,33.1
2021-05-24,26.51
2021-05-25,29.11
2021-05-26,21.78
2021-05-27,25.58
2021-05-28,21.06
2021-05-29,24.82
2021-05-30,76.57
2021-05-31,37.32
2021-06-01,35.71
2021-06-02,50.32
2021-06-03,30.9
2021-06-04,29.0
2021-06-05,33.82
2021-06-06,37.81
2021-06-07,36.15
2021-06-08,57.55
2021-06-09,30.82
2021-06-10,21.62
2021-06-11,22.32
2021-06-12,22.93
2021-06-13,45.89
2021-06-14,32.35
2021-06-15,26.0
2021-06-16,29.58
2021-06-17,28.83
2021-06-18,56.61
2021-06-19,31.69
2021-06-20,42.03
2021-06-21,27.06
2021-06-22,29.56
2021-06-23,19.48
2021-06-24,20.44
2021-06-25,19.41
2021-06-26,33.0
2021-06-27,20.72
2021-06-28,17.8
2021-06-29,20.65
2021-06-30,19.72
2021-07-01,14.93
2021-07-02,16.78
2021-07-03,20.27
2021-07-04,28.33
2021-07-05,27.55
2021-07-06,81.63
2021-07-07,27.41
2021-07-08,24.27
2021-07-09,24.07
2021-07-10,22.74
2021-07-11,30.72
2021-07-12,24.61
2021-07-13,30.75
2021-07-14,30.0
2021-07-15,26.03
2021-07-16,29.97
2021-07-17,23.05
2021-07-18,23.39
2021-07-19,26.15
2021-07-20,52.38
2021-07-21,25.06
2021-07-22,24.05
2021-07-23,26.82
2021-07-24,31.25
2021-07-25,38.55
2021-07-26,36.96
2021-07-27,27.54
2021-07-28,27.84
2021-07-29,25.38
2021-07-30,21.95
2021-07-31,30.87
2021-08-01,135.06
2021-08-02,60.91
2021-08-03,28.6
2021-08-04,26.43
2021-08-05,26.78
2021-08-06,27.81
2021-08-07,29.88
2021-08-08,42.76
2021-08-09,42.78
2021-08-10,59.86
2021-08-11,34.61
2021-08-12,29.43
2021-08-13,30.0
2021-08-14,46.74
2021-08-15,57.56
2021-08-16,68.41
2021-08-17,182.08
2021-08-18,77.62
2021-08-19,89.64
2021-08-20,65.9
2021-08-21,65.59
2021-08-22,51.45
2021-08-23,52.66
2021-08-24,40.83
2021-08-25,40.45
2021-08-26,27.56
2021-08-27,33.59
2021-08-28,38.24
2021-08-29,48.46
2021-08-30,32.32
2021-08-31,30.37
2021-09-01,29.32
2021-09-02,32.08
2021-09-03,28.31
2021-09-04,30.88
2021-09-05,64.22
2021-09-06,32.23
2021-09-07,27.31
2021-09-08,33.05
2021-09-09,26.71
2021-09-10,23.98
2021-09-11,32.79
2021-09-12,48.34
2021-09-13,26.24
2021-09-14,40.74
2021-09-15,28.49
2021-09-16,26.94
2021-09-17,27.8
2021-09-18,37.4
2021-09-19,37.24
2021-09-20,36.57
2021-09-21,25.36
2021-09-22,26.11
2021-09-23,27.33
2021-09-24,19.21
2021-09-25,24.09
2021-09-26,26.47
2021-09-27,28.47
2021-09-28,21.49
2021-09-29,27.23
2021-09-30,37.24
2021-10-01,24.52
2021-10-02,28.93
2021-10-03,35.34
2021-10-04,38.9
2021-10-05,25.86
2021-10-06,36.48
2021-10-07,33.25
2021-10-08,34.01
2021-10-09,43.48
2021-10-10,53.75
2021-10-11,27.61
2021-10-12,34.31
2021-10-13,39.48
2021-10-14,29.06
2021-10-15,46.96
2021-10-16,52.51
2021-10-17,39.48
2021-10-18,36.97
2021-10-19,36.49
2021-10-20,43.33
2021-10-21,39.35
2021-10-22,44.62
2021-10-23,62.68
2021-10-24,49.2
2021-10-25,29.91
2021-10-26,30.03
2021-10-27,34.69
2021-10-28,25.88
2021-10-29,26.94
2021-10-30,32.17
2021-10-31,30.97
2021-11-01,45.77
2021-11-02,35.01
2021-11-03,36.8
2021-11-04,39.16
2021-11-05,41.67
2021-11-06,33.77
2021-11-07,25.06
2021-11-08,36.13
2021-11-09,45.76
2021-11-10,92.08
2021-11-11,45.7
2021-11-12,37.98
2021-11-13,31.97
2021-11-14,35.32
2021-11-15,25.99
2021-11-16,23.49
2021-11-17,38.65
2021-11-18,24.88
2021-11-19,31.58
2021-11-20,34.91
2021-11-21,27.84
2021-11-22,25.91
2021-11-23,26.93
2021-11-24,25.24
2021-11-25,24.68
2021-11-26,29.23
2021-11-27,29.23
2021-11-28,25.6
2021-11-29,26.39
2021-11-30,29.51
2021-12-01,22.95
2021-12-02,21.36
2021-12-03,34.3
2021-12-04,41.54
2021-12-05,84.8
2021-12-06,30.6
2021-12-07,28.84
2021-12-08,37.86
2021-12-09,20.85
2021-12-10,33.95
2021-12-11,28.1
2021-12-12,27.49
2021-12-13,24.64
2021-12-14,22.89
2021-12-15,19.14
2021-12-16,29.13
2021-12-17,24.78
2021-12-18,23.44
2021-12-19,36.28
2021-12-20,18.62
2021-12-21,23.63
2021-12-22,19.37
2021-12-23,20.74
2021-12-24,18.53
2021-12-25,22.33
2021-12-26,24.78
2021-12-27,82.64
2021-12-28,87.73
2021-12-29,31.6
2021-12-30,29.45
2021-12-31,41.7
2022-01-01,23.59
2022-01-02,22.01
2022-01-03,18.74
2022-01-04,40.97
2022-01-05,31.13
2022-01-06,24.25
2022-01-07,20.31
2022-01-08,21.88
2022-01-09,22.49
2022-01-10,23.97
2022-01-11,20.92
2022-01-12,22.75
2022-01-13,24.34
2022-01-14,19.94
2022-01-15,26.92
2022-01-16,26.32
2022-01-17,23.14
2022-01-18,24.49
2022-01-19,26.04
2022-01-20,27.77
2022-01-21,30.48
2022-01-22,32.9
2022-01-23,29.25
2022-01-24,30.74
2022-01-25,22.51
2022-01-26,23.65
2022-01-27,35.97
2022-01-28,27.69
2022-01-29,24.34
2022-01-30,22.24
2022-01-31,28.11
2022-02-01,37.68
2022-02-02,33.43
2022-02-03,28.64
2022-02-04,19.11
2022-02-05,22.97
2022-02-06,27.79
2022-02-07,20.78
2022-02-08,59.28
2022-02-09,179.78
2022-02-10,187.84
2022-02-11,50.55
2022-02-12,53.5
2022-02-13,21.05
2022-02-14,19.57
2022-02-15,24.1
2022-02-16,22.2
2022-02-17,20.47
2022-02-18,22.09
2022-02-19,44.41
2022-02-20,20.7
2022-02-21,25.75
2022-02-22,21.26
2022-02-23,20.41
2022-02-24,30.6
2022-02-25,23.64
2022-02-26,18.16
2022-02-27,21.84
2022-02-28,20.76
2022-03-01,84.73
2022-03-02,41.03
2022-03-03,23.98
2022-03-04,26.17
2022-03-05,18.61
2022-03-06,22.61
2022-03-07,23.75
2022-03-08,23.32
2022-03-09,28.87
2022-03-10,26.67
2022-03-11,25.25
2022-03-12,20.98
2022-03-13,22.32
2022-03-14,30.17
2022-03-15,25.46
2022-03-16,22.71
2022-03-17,23.13
2022-03-18,24.36
2022-03-19,20.98
2022-03-20,22.16
2022-03-21,20.16
2022-03-22,23.27
2022-03-23,27.61
2022-03-24,24.78
2022-03-25,21.28
2022-03-26,23.95
2022-03-27,25.12
2022-03-28,30.02
2022-03-29,33.2
2022-03-30,31.47
2022-03-31,30.33
2022-04-01,31.09
2022-04-02,26.21
2022-04-03,21.11
2022-04-04,20.91
2022-04-05,20.9
2022-04-06,20.34
2022-04-07,22.43
2022-04-08,22.36
2022-04-09,22.37
2022-04-10,20.5
2022-04-11,25.28
2022-04-12,29.1
2022-04-13,31.13
2022-04-14,24.96
2022-04-15,26.12
2022-04-16,17.01
2022-04-17,19.62
2022-04-18,19.39
2022-04-19,17.99
2022-04-20,21.56
2022-04-21,27.73
2022-04-22,19.78
2022-04-23,19.64
2022-04-24,18.51
2022-04-25,20.66
2022-04-26,29.95
2022-04-27,19.17
2022-04-28,25.25
2022-04-29,26.19
2022-04-30,20.6
2022-05-01,25.3
2022-05-02,37.56
2022-05-03,19.8
2022-05-04,32.46
2022-05-05,34.66
2022-05-06,24.83
2022-05-07,24.17
2022-05-08,29.2
2022-05-09,42.92
2022-05-10,22.32
2022-05-11,33.43
2022-05-12,39.71
2022-05-13,36.7
2022-05-14,19.9
2022-05-15,17.47
2022-05-16,62.93
2022-05-17,30.31
2022-05-18,17.25
2022-05-19,21.63
2022-05-20,33.38
2022-05-21,26.77
2022-05-22,39.73
2022-05-23,22.7
2022-05-24,17.53
2022-05-25,21.53
2022-05-26,18.08
2022-05-27,17.48
2022-05-28,17.85
2022-05-29,21.22
2022-05-30,27.2
2022-05-31,19.05
2022-06-01,18.55
2022-06-02,15.7
2022-06-03,15.38
2022-06-04,13.47
2022-06-05,15.47
2022-06-06,22.73
2022-06-07,21.04
2022-06-08,19.07
2022-06-09,18.19
2022-06-10,22.71
2022-06-11,29.96
2022-06-12,33.05
2022-06-13,38.95
2022-06-14,32.13
2022-06-15,27.52
2022-06-16,21.3
2022-06-17,18.15
2022-06-18,33.94
2022-06-19,21.75
2022-06-20,19.02
2022-06-21,17.21
2022-06-22,38.19
2022-06-23,27.2
2022-06-24,35.87
2022-06-25,314.05
2022-06-26,476.94
2022-06-27,183.22
2022-06-28,41.92
2022-06-29,34.54
2022-06-30,17.91
2022-07-01,14.73
2022-07-02,15.58
2022-07-03,16.99
2022-07-04,15.32
2022-07-05,16.98
2022-07-06,14.79
2022-07-07,16.17
2022-07-08,29.56
2022-07-09,13.15
2022-07-10,15.39
2022-07-11,16.06
2022-07-12,37.28
2022-07-13,55.33
2022-07-14,33.34
2022-07-15,40.62
2022-07-16,15.47
2022-07-17,20.9
2022-07-18,18.17
2022-07-19,17.24
2022-07-20,27.75
2022-07-21,22.15
2022-07-22,16.23
2022-07-23,15.51
2022-07-24,13.55
2022-07-25,19.53
2022-07-26,18.84
2022-07-27,21.17
2022-07-28,29.86
2022-07-29,17.21
2022-07-30,17.56
2022-07-31,20.71
2022-08-01,17.83
2022-08-02,22.79
2022-08-03,23.44
2022-08-04,23.44
2022-08-05,13.83
2022-08-06,13.55
2022-08-07,18.97
2022-08-08,18.93
2022-08-09,24.43
2022-08-10,41.68
2022-08-11,22.6
2022-08-12,21.81
2022-08-13,15.86
2022-08-14,16.85
2022-08-15,17.13
2022-08-16,30.25
2022-08-17,22.92
2022-08-18,39.71
2022-08-19,34.86
2022-08-20,31.0
2022-08-21,16.87
2022-08-22,21.39
2022-08-23,43.87
2022-08-24,61.82
2022-08-25,25.21
2022-08-26,33.64
2022-08-27,37.57
2022-08-28,40.34
2022-08-29,46.0
2022-08-30,45.21
2022-08-31,23.3
2022-09-01,21.12
2022-09-02,27.46
2022-09-03,17.21
2022-09-04,19.61
2022-09-05,27.45
2022-09-06,24.19
2022-09-07,19.97
2022-09-08,18.86
2022-09-09,16.73
2022-09-10,21.57
2022-09-11,14.31
2022-09-12,21.67
2022-09-13,42.21
2022-09-14,18.54
2022-09-15,21.33
2022-09-16,18.44
2022-09-17,14.85
2022-09-18,18.81
2022-09-19,27.74
2022-09-20,15.88
2022-09-21,29.46
2022-09-22,15.74
2022-09-23,19.19
2022-09-24,16.9
2022-09-25,21.38
2022-09-26,22.38
2022-09-27,16.54
2022-09-28,25.76
2022-09-29,23.01
2022-09-30,21.64
2022-10-01,14.94
2022-10-02,16.68
2022-10-03,20.35
2022-10-04,26.4
2022-10-05,21.23
2022-10-06,23.27
2022-10-07,136.89
2022-10-08,20.01
2022-10-09,18.63
2022-10-10,19.51
2022-10-11,19.78
2022-10-12,34.28
2022-10-13,210.96
2022-10-14,305.65
2022-10-15,55.99
2022-10-16,31.9
2022-10-17,29.86
2022-10-18,282.07
2022-10-19,244.04
2022-10-20,28.2
2022-10-21,80.97
2022-10-22,28.45
2022-10-23,28.41
2022-10-24,40.13
2022-10-25,38.96
2022-10-26,53.57
2022-10-27,29.91
2022-10-28,26.52
2022-10-29,20.98
2022-10-30,21.95
2022-10-31,32.84
2022-11-01,20.17
2022-11-02,20.88
2022-11-03,20.03
2022-11-04,21.9
2022-11-05,23.49
2022-11-06,53.4
2022-11-07,30.32
2022-11-08,25.13
2022-11-09,54.46
2022-11-10,30.7
2022-11-11,21.68
2022-11-12,35.18
2022-11-13,25.39
2022-11-14,36.72
2022-11-15,74.91
2022-11-16,83.08
2022-11-17,67.48
2022-11-18,51.35
2022-11-19,38.18
2022-11-20,35.03
2022-11-21,51.83
2022-11-22,65.97
2022-11-23,69.06
2022-11-24,79.03
2022-11-25,56.26
2022-11-26,67.48
2022-11-27,77.78
2022-11-28,98.61
2022-11-29,69.66
2022-11-30,63.09
2022-12-01,68.7
2022-12-02,60.53
2022-12-03,57.01
2022-12-04,98.98
2022-12-05,100.42
2022-12-06,60.96
2022-12-07,17.52
2022-12-08,17.81
2022-12-09,154.81
2022-12-10,436.2
2022-12-11,39.46
2022-12-12,21.19
2022-12-13,19.68
2022-12-14,19.15
2022-12-15,18.58
2022-12-16,22.51
2022-12-17,92.08
2022-12-18,127.7
2022-12-19,48.45
2022-12-20,27.27
2022-12-21,23.14
2022-12-22,17.9
2022-12-23,18.06
2022-12-24,15.58
2022-12-25,18.39
2022-12-26,19.58
2022-12-27,27.67
2022-12-28,20.71
2022-12-29,33.45
2022-12-30,54.5
2022-12-31,29.43
2023-01-01,32.51
2023-01-02,73.9
2023-01-03,26.78
2023-01-04,26.13
2023-01-05,27.41
2023-01-06,77.89
2023-01-07,16.86
2023-01-08,21.12
2023-01-09,217.67
2023-01-10,261.53
2023-01-11,276.59
2023-01-12,78.83
2023-01-13,16.18
2023-01-14,23.04
2023-01-15,20.32
2023-01-16,23.65
2023-01-17,21.8
2023-01-18,17.12
2023-01-19,15.96
2023-01-20,16.78
2023-01-21,19.63
2023-01-22,33.17
2023-01-23,19.3
2023-01-24,17.23
2023-01-25,18.18
2023-01-26,16.82
2023-01-27,15.72
2023-01-28,27.2
2023-01-29,35.05
2023-01-30,21.03
2023-01-31,19.43
2023-02-01,22.53
2023-02-02,16.99
2023-02-03,18.21
2023-02-04,17.07
2023-02-05,16.45
2023-02-06,17.83
2023-02-07,25.34
2023-02-08,17.37
2023-02-09,23.43
2023-02-10,14.82
2023-02-11,14.8
2023-02-12,14.75
2023-02-13,28.19
2023-02-14,17.84
2023-02-15,18.5
2023-02-16,21.77
2023-02-17,19.12
2023-02-18,21.53
2023-02-19,21.33
2023-02-20,24.98
2023-02-21,22.23
2023-02-22,20.41
2023-02-23,23.7
2023-02-24,30.26
2023-02-25,18.87
2023-02-26,38.1
2023-02-27,32.63
2023-02-28,25.52
2023-03-01,19.45
2023-03-02,17.39
2023-03-03,16.16
2023-03-04,23.09
2023-03-05,27.11
2023-03-06,26.52
2023-03-07,19.9
2023-03-08,21.83
2023-03-09,22.04
2023-03-10,24.65
2023-03-11,17.03
2023-03-12,23.52
2023-03-13,24.62
2023-03-14,35.09
2023-03-15,43.4
2023-03-16,22.23
2023-03-17,21.89
2023-03-18,25.64
2023-03-19,24.66
2023-03-20,24.21
2023-03-21,24.63
2023-03-22,28.99
2023-03-23,27.94
2023-03-24,27.04
2023-03-25,23.05
2023-03-26,40.81
2023-03-27,22.0
2023-03-28,22.55
2023-03-29,20.2
2023-03-30,19.17
2023-03-31,18.98
2023-04-01,16.76
2023-04-02,18.46
2023-04-03,19.83
2023-04-04,23.85
2023-04-05,25.14
2023-04-06,28.9
2023-04-07,18.32
2023-04-08,19.96
2023-04-09,16.15
2023-04-10,33.82
2023-04-11,28.79
2023-04-12,25.26
2023-04-13,24.82
2023-04-14,21.82
2023-04-15,22.96
2023-04-16,23.23
2023-04-17,22.07
2023-04-18,27.5
2023-04-19,27.55
2023-04-20,23.98
2023-04-21,18.22
2023-04-22,15.48
2023-04-23,13.73
2023-04-24,15.59
2023-04-25,16.52
2023-04-26,19.93
2023-04-27,19.17
2023-04-28,16.53
2023-04-29,12.3
2023-04-30,11.59
2023-05-01,12.02
2023-05-02,11.61
2023-05-03,14.64
2023-05-04,11.72
2023-05-05,16.61
2023-05-06,9.14
2023-05-07,8.2
2023-05-08,9.21
2023-05-09,9.15
2023-05-10,11.02
2023-05-11,14.17
2023-05-12,11.71
2023-05-13,12.73
2023-05-14,13.81
2023-05-15,13.59
2023-05-16,14.56
2023-05-17,14.36
2023-05-18,14.73
2023-05-19,13.26
2023-05-20,13.52
2023-05-21,13.53
2023-05-22,15.64
2023-05-23,17.76
2023-05-24,17.76
2023-05-25,18.68
2023-05-26,13.87
2023-05-27,14.49
2023-05-28,12.77
2023-05-29,18.54
2023-05-30,16.86
2023-05-31,17.0
2023-06-01,19.77
2023-06-02,14.72
2023-06-03,19.65
2023-06-04,26.72
2023-06-05,30.51
2023-06-06,21.23
2023-06-07,18.49
2023-06-08,20.11
2023-06-09,51.31
2023-06-10,36.78
2023-06-11,23.66
2023-06-12,27.4
2023-06-13,25.36
2023-06-14,21.74
2023-06-15,19.69
2023-06-16,13.4
2023-06-17,12.77
2023-06-18,17.08
2023-06-19,19.96
2023-06-20,19.39
2023-06-21,24.45
2023-06-22,24.58
2023-06-23,23.85
2023-06-24,22.1
2023-06-25,21.72
2023-06-26,25.83
2023-06-27,20.24
2023-06-28,27.8
2023-06-29,24.49
2023-06-30,23.12
2023-07-01,20.25
2023-07-02,26.28
2023-07-03,30.32
2023-07-04,35.04
2023-07-05,22.21
2023-07-06,23.44
2023-07-07,18.96
2023-07-08,19.65
2023-07-09,15.29
2023-07-10,18.73
2023-07-11,20.94
2023-07-12,22.8
2023-07-13,25.52
2023-07-14,21.7
2023-07-15,19.36
2023-07-16,18.35
2023-07-17,19.13
2023-07-18,18.66
2023-07-19,23.25
2023-07-20,21.47
2023-07-21,22.18
2023-07-22,23.28
2023-07-23,15.98
2023-07-24,17.83
2023-07-25,18.8
2023-07-26,21.96
2023-07-27,22.23
2023-07-28,17.96
2023-07-29,20.52
2023-07-30,14.23
2023-07-31,25.32
2023-08-01,20.73
2023-08-02,23.88
2023-08-03,24.61
2023-08-04,28.82
2023-08-05,18.79
2023-08-06,20.61
2023-08-07,23.47
2023-08-08,22.64
2023-08-09,20.13
2023-08-10,21.85
2023-08-11,21.32
2023-08-12,53.3
2023-08-13,15.6
2023-08-14,19.36
2023-08-15,24.87
2023-08-16,16.11
2023-08-17,19.07
2023-08-18,18.88
2023-08-19,14.93
2023-08-20,16.0
2023-08-21,21.02
2023-08-22,21.21
2023-08-23,22.92
2023-08-24,15.84
2023-08-25,17.02
2023-08-26,15.4
2023-08-27,15.95
2023-08-28,24.18
2023-08-29,21.46
2023-08-30,21.94
2023-08-31,27.9
2023-09-01,18.47
2023-09-02,12.79
2023-09-03,16.97
2023-09-04,16.63
2023-09-05,18.3
2023-09-06,13.96
2023-09-07,15.6
2023-09-08,16.9
2023-09-09,10.49
2023-09-10,15.56
2023-09-11,21.0
2023-09-12,18.22
2023-09-13,16.33
2023-09-14,17.47
2023-09-15,23.03
2023-09-16,11.0
2023-09-17,12.9
2023-09-18,14.68
2023-09-19,17.64
2023-09-20,17.63
2023-09-21,24.8
2023-09-22,14.41
2023-09-23,12.98
2023-09-24,20.79
2023-09-25,35.75
2023-09-26,28.44
2023-09-27,27.32
2023-09-28,37.73
2023-09-29,38.84
2023-09-30,42.88
2023-10-01,55.73
2023-10-02,48.39
2023-10-03,36.54
2023-10-04,47.06
2023-10-05,56.48
2023-10-06,107.12
2023-10-07,78.23
2023-10-08,63.64
2023-10-09,43.32
2023-10-10,58.69
2023-10-11,73.3
2023-10-12,114.89
2023-10-13,61.76
2023-10-14,48.62
2023-10-15,59.52
2023-10-16,46.78
2023-10-17,61.9
2023-10-18,93.49
2023-10-19,55.26
2023-10-20,69.42
2023-10-21,75.54
2023-10-22,91.07
2023-10-23,42.55
2023-10-24,60.39
2023-10-25,43.04
2023-10-26,49.96
2023-10-27,43.8
2023-10-28,32.45
2023-10-29,41.28
2023-10-30,41.63
2023-10-31,55.84
2023-11-01,49.68
2023-11-02,37.24
2023-11-03,20.35
2023-11-04,21.37
2023-11-05,19.13
2023-11-06,21.89
2023-11-07,44.59
2023-11-08,21.63
2023-11-09,25.11
2023-11-10,29.23
2023-11-11,17.15
2023-11-12,13.2
2023-11-13,19.83
2023-11-14,20.64
2023-11-15,18.37
2023-11-16,14.48
2023-11-17,19.39
2023-11-18,12.05
2023-11-19,14.74
2023-11-20,22.41
2023-11-21,19.74
2023-11-22,20.42
2023-11-23,19.34
2023-11-24,23.2
2023-11-25,15.08
2023-11-26,19.95
2023-11-27,20.52
2023-11-28,32.46
2023-11-29,30.61
2023-11-30,49.38
2023-12-01,36.27
2023-12-02,24.46
2023-12-03,19.07
2023-12-04,32.56
2023-12-05,26.33
2023-12-06,37.65
2023-12-07,31.44
2023-12-08,36.68
2023-12-09,27.65
2023-12-10,25.27
2023-12-11,33.61
2023-12-12,22.05
2023-12-13,16.93
2023-12-14,16.31
2023-12-15,14.06
2023-12-16,10.68
2023-12-17,12.03
2023-12-18,18.29
2023-12-19,15.61
2023-12-20,17.78
2023-12-21,16.45
2023-12-22,26.74
2023-12-23,20.31
2023-12-24,18.72
2023-12-25,19.47
2023-12-26,23.21
2023-12-27,18.39
2023-12-28,24.44
2023-12-29,22.97
2023-12-30,21.11
2023-12-31,10.55
2024-01-01,23.53
2024-01-02,37.08
2024-01-03,29.37
2024-01-04,46.94
2024-01-05,31.46
2024-01-06,47.89
2024-01-07,40.12
2024-01-08,34.39
2024-01-09,47.58
2024-01-10,43.96
2024-01-11,43.3
2024-01-12,58.29
2024-01-13,17.26
2024-01-14,15.34
2024-01-15,32.2
2024-01-16,28.77
2024-01-17,25.81
2024-01-18,47.91
2024-01-19,29.93
2024-01-20,30.55
2024-01-21,23.69
2024-01-22,44.6
2024-01-23,44.59
2024-01-24,65.0
2024-01-25,68.12
2024-01-26,39.07
2024-01-27,40.82
2024-01-28,27.42
2024-01-29,31.54
2024-01-30,39.99
2024-01-31,35.7
2024-02-01,42.38
2024-02-02,32.87
2024-02-03,20.47
2024-02-04,41.21
2024-02-05,39.93
2024-02-06,44.78
2024-02-07,36.81
2024-02-08,39.04
2024-02-09,43.79
2024-02-10,58.04
2024-02-11,62.69
2024-02-12,55.85
2024-02-13,59.23
2024-02-14,49.08
2024-02-15,56.39
2024-02-16,49.66
2024-02-17,54.52
2024-02-18,44.36
2024-02-19,50.74
2024-02-20,47.95
2024-02-21,46.1
2024-02-22,37.91
2024-02-23,42.03
2024-02-24,44.29
2024-02-25,61.22
2024-02-26,43.61
2024-02-27,72.2
2024-02-28,78.87
2024-02-29,77.92
2024-03-01,58.37
2024-03-02,51.63
2024-03-03,55.87
2024-03-04,72.97
2024-03-05,128.34
2024-03-06,67.6
2024-03-07,56.95
2024-03-08,53.24
2024-03-09,51.01
2024-03-10,56.75
2024-03-11,73.28
2024-03-12,63.79
2024-03-13,105.24
2024-03-14,71.79
2024-03-15,61.74
2024-03-16,56.53
2024-03-17,61.57
2024-03-18,50.25
2024-03-19,44.47
2024-03-20,62.76
2024-03-21,50.13
2024-03-22,38.49
2024-03-23,103.66
2024-03-24,67.88
2024-03-25,68.77
2024-03-26,47.54
2024-03-27,40.48
2024-03-28,36.63
2024-03-29,33.97
2024-03-30,34.93
2024-03-31,38.58
2024-04-01,36.16
2024-04-02,50.39
2024-04-03,39.91
2024-04-04,72.77
2024-04-05,59.1
2024-04-06,49.52
2024-04-07,34.13
2024-04-08,44.66
2024-04-09,31.69
2024-04-10,24.01
2024-04-11,23.53
2024-04-12,23.68
2024-04-13,23.95
2024-04-14,27.7
2024-04-15,20.79
2024-04-16,25.56
2024-04-17,22.31
2024-04-18,23.08
2024-04-19,24.73
2024-04-20,8.45
2024-04-21,9.62
2024-04-22,13.34
2024-04-23,8.47
2024-04-24,21.74
2024-04-25,23.3
2024-04-26,22.16
2024-04-27,21.06
2024-04-28,20.76
2024-04-29,32.41
2024-04-30,24.9
2024-05-01,29.69
2024-05-02,26.06
2024-05-03,30.67
2024-05-04,21.56
2024-05-05,23.81
2024-05-06,23.58
2024-05-07,29.7
2024-05-08,32.16
2024-05-09,27.54
2024-05-10,19.0
2024-05-11,27.33
2024-05-12,28.59
2024-05-13,30.8
2024-05-14,37.47
2024-05-15,49.98
2024-05-16,49.18
2024-05-17,27.37
2024-05-18,31.67
2024-05-19,43.54
2024-05-20,34.21
2024-05-21,38.16
2024-05-22,43.94
2024-05-23,25.52
2024-05-24,26.32
2024-05-25,19.82
2024-05-26,21.42
2024-05-27,27.86
2024-05-28,32.14
2024-05-29,17.43
2024-05-30,29.62
2024-05-31,23.66
2024-06-01,14.3
2024-06-02,16.67
2024-06-03,24.28
2024-06-04,22.67
2024-06-05,30.04
2024-06-06,25.65
2024-06-07,126.45
2024-06-08,67.4
2024-06-09,24.21
2024-06-10,19.43
2024-06-11,30.54
2024-06-12,24.45
2024-06-13,18.01
2024-06-14,19.85
2024-06-15,34.13
2024-06-16,33.45
2024-06-17,45.19
2024-06-18,36.3
2024-06-19,33.79
2024-06-20,36.33
2024-06-21,33.34
2024-06-22,37.53
2024-06-23,36.22
2024-06-24,54.69
2024-06-25,32.0
2024-06-26,55.31
2024-06-27,83.0
2024-06-28,39.8
2024-06-29,36.96
2024-06-30,41.12
2024-07-01,27.68
2024-07-02,41.6
2024-07-03,58.67
2024-07-04,47.39
2024-07-05,37.11
2024-07-06,165.06
2024-07-07,78.48
2024-07-08,86.63
2024-07-09,89.03
2024-07-10,68.11
2024-07-11,66.18
2024-07-12,56.75
2024-07-13,42.58
2024-07-14,98.39
2024-07-15,81.43
2024-07-16,160.31
2024-07-17,96.89
2024-07-18,66.53
2024-07-19,69.1
2024-07-20,84.21
2024-07-21,92.99
2024-07-22,47.09
2024-07-23,61.41
2024-07-24,58.68
2024-07-25,73.32
2024-07-26,182.18
2024-07-27,137.55
2024-07-28,57.1
2024-07-29,61.26
2024-07-30,66.14
2024-07-31,66.04
2024-08-01,59.4
2024-08-02,79.71
2024-08-03,69.89
2024-08-04,81.47
2024-08-05,98.05
2024-08-06,155.86
2024-08-07,88.53
2024-08-08,57.88
2024-08-09,80.11
2024-08-10,55.6
2024-08-11,250.24
2024-08-12,129.22
2024-08-13,132.68
2024-08-14,158.74
2024-08-15,146.0
2024-08-16,48.13
2024-08-17,23.39
2024-08-18,37.42
2024-08-19,33.84
2024-08-20,27.99
2024-08-21,27.23
2024-08-22,22.9
2024-08-23,19.07
2024-08-24,23.42
2024-08-25,21.72
2024-08-26,40.49
2024-08-27,26.87
2024-08-28,45.65
2024-08-29,81.93
2024-08-30,92.27
2024-08-31,54.57
2024-09-01,62.08
2024-09-02,38.53
2024-09-03,30.09
2024-09-04,26.74
2024-09-05,22.18
2024-09-06,22.35
2024-09-07,56.55
2024-09-08,28.82
2024-09-09,43.86
2024-09-10,61.39
2024-09-11,49.58
2024-09-12,151.45
2024-09-13,89.71
2024-09-14,47.69
2024-09-15,69.89
2024-09-16,62.9
2024-09-17,61.32
2024-09-18,82.83
2024-09-19,65.37
2024-09-20,83.87
2024-09-21,100.97
2024-09-22,74.3
2024-09-23,82.09
2024-09-24,104.44
2024-09-25,110.24
2024-09-26,79.76
2024-09-27,73.25
2024-09-28,48.02
2024-09-29,75.1
2024-09-30,50.29
2024-10-01,78.34
2024-10-02,103.93
2024-10-03,109.53
2024-10-04,153.17
2024-10-05,39.33
2024-10-06,36.35
2024-10-07,50.16
2024-10-08,40.07
2024-10-09,33.35
2024-10-10,25.59
2024-10-11,123.65
2024-10-12,40.42
2024-10-13,39.06
2024-10-14,32.72
2024-10-15,33.92
2024-10-16,26.88
2024-10-17,34.1
2024-10-18,42.3
2024-10-19,37.77
2024-10-20,62.71
2024-10-21,31.72
2024-10-22,24.61
2024-10-23,36.01
2024-10-24,45.48
2024-10-25,40.31
2024-10-26,64.28
2024-10-27,58.58
2024-10-28,64.52
2024-10-29,64.0
2024-10-30,56.54
2024-10-31,68.42
2024-11-01,84.92
2024-11-02,54.38
2024-11-03,111.11
2024-11-04,139.22
2024-11-05,92.9
2024-11-06,112.86
2024-11-07,102.48
2024-11-08,59.33
2024-11-09,58.43
2024-11-10,92.83
2024-11-11,98.56
2024-11-12,103.17
2024-11-13,100.21
2024-11-14,75.86
2024-11-15,77.59
2024-11-16,86.36
2024-11-17,78.22
2024-11-18,45.86
2024-11-19,46.57
2024-11-20,45.21
2024-11-21,100.39
2024-11-22,79.72
2024-11-23,76.97
2024-11-24,78.84
2024-11-25,82.34
2024-11-26,64.58
2024-11-27,53.73
2024-11-28,40.83
2024-11-29,61.42
2024-11-30,66.34
2024-12-01,55.63
2024-12-02,73.3
2024-12-03,69.32
2024-12-04,68.45
2024-12-05,100.85
2024-12-06,69.32
2024-12-07,79.28
2024-12-08,103.25
2024-12-09,87.98
2024-12-10,70.2
2024-12-11,49.25
2024-12-12,53.61
2024-12-13,63.53
2024-12-14,52.41
2024-12-15,80.42
2024-12-16,84.87
2024-12-17,72.44
2024-12-18,55.44
2024-12-19,65.87
2024-12-20,86.3
2024-12-21,117.13
2024-12-22,140.86
2024-12-23,102.71
2024-12-24,86.4
2024-12-25,110.86
2024-12-26,94.43
2024-12-27,129.84
2024-12-28,154.57
2024-12-29,172.33
2024-12-30,132.83
2024-12-31,127.47
2025-01-01,200.94
2025-01-02,173.93
2025-01-03,89.07
2025-01-04,119.52
2025-01-05,128.2
2025-01-06,137.31
2025-01-07,95.72
2025-01-08,54.81
2025-01-09,77.43
2025-01-10,98.4
2025-01-11,176.04
2025-01-12,174.06
2025-01-13,53.15
2025-01-14,132.46
2025-01-15,115.1
2025-01-16,73.81
2025-01-17,118.56
2025-01-18,138.84
2025-01-19,147.61
2025-01-20,109.4
2025-01-21,55.33
2025-01-22,129.15
2025-01-23,152.29
2025-01-24,154.94
2025-01-25,144.05
2025-01-26,242.91
2025-01-27,194.13
2025-01-28,251.9
2025-01-29,244.12
2025-01-30,205.96
2025-01-31,165.59
2025-02-01,263.98
2025-02-02,206.99
2025-02-03,144.11
2025-02-04,116.18
2025-02-05,125.34
2025-02-06,116.13
2025-02-07,131.36
2025-02-08,167.92
2025-02-09,206.59
2025-02-10,178.41
2025-02-11,85.58
2025-02-12,130.44
2025-02-13,191.78
2025-02-14,234.7
2025-02-15,264.93
2025-02-16,209.76
2025-02-17,248.94
2025-02-18,102.33
2025-02-19,56.38
2025-02-20,36.97
2025-02-21,44.17
2025-02-22,38.4
2025-02-23,22.65
2025-02-24,27.57
2025-02-25,50.0
2025-02-26,79.87
2025-02-27,70.93
2025-02-28,91.47
2025-03-01,141.85
2025-03-02,54.98
2025-03-03,83.15
2025-03-04,138.65
2025-03-05,112.63
2025-03-06,119.94
2025-03-07,162.43
2025-03-08,101.35
2025-03-09,217.62
2025-03-10,67.95
2025-03-11,73.9
2025-03-12,72.02
2025-03-13,59.23
2025-03-14,29.58
2025-03-15,33.26
2025-03-16,52.81
2025-03-17,61.6
2025-03-18,55.25
2025-03-19,55.64
2025-03-20,117.75
2025-03-21,133.05
2025-03-22,57.11
2025-03-23,47.95
2025-03-24,56.25
2025-03-25,31.21
2025-03-26,46.98
2025-03-27,47.51
2025-03-28,46.15
2025-03-29,56.78
2025-03-30,50.91
2025-03-31,73.77
2025-04-01,80.36
2025-04-02,51.94
2025-04-03,69.7
2025-04-04,53.88
2025-04-05,76.38
2025-04-06,70.24
2025-04-07,110.42
2025-04-08,77.98
2025-04-09,91.34
2025-04-10,57.84
2025-04-11,36.28
2025-04-12,49.39
2025-04-13,55.63
2025-04-14,50.21
2025-04-15,34.88
2025-04-16,94.15
2025-04-17,27.49
2025-04-18,35.34
2025-04-19,28.19
2025-04-20,26.86
2025-04-21,33.68
2025-04-22,41.01
2025-04-23,41.33
2025-04-24,37.32
2025-04-25,28.35
2025-04-26,42.85
2025-04-27,337.02
2025-04-28,116.45
2025-04-29,62.94
2025-04-30,63.6
2025-05-01,89.62
2025-05-02,73.7
2025-05-03,115.14
2025-05-04,121.31
2025-05-05,62.79
2025-05-06,58.12
2025-05-07,129.53
2025-05-08,134.86
2025-05-09,131.39
2025-05-10,186.57
2025-05-11,264.58
2025-05-12,138.0
2025-05-13,82.75
2025-05-14,113.55
2025-05-15,89.71
2025-05-16,59.28
2025-05-17,79.22
2025-05-18,49.83
2025-05-19,55.4
2025-05-20,59.7
2025-05-21,84.21
2025-05-22,103.42
2025-05-23,70.56
2025-05-24,69.41
2025-05-25,100.6
2025-05-26,115.34
2025-05-27,84.71
2025-05-28,87.27
2025-05-29,75.87
2025-05-30,96.96
2025-05-31,84.92
2025-06-01,115.81
2025-06-02,88.83
2025-06-03,77.49
2025-06-04,74.77
2025-06-05,74.81
2025-06-06,71.65
2025-06-07,85.69
2025-06-08,93.7
2025-06-09,82.57
2025-06-10,104.04
2025-06-11,74.44
2025-06-12,69.39
2025-06-13,110.04
2025-06-14,133.66
2025-06-15,138.05
2025-06-16,91.5
2025-06-17,95.16
2025-06-18,72.78
2025-06-19,122.76
2025-06-20,86.29
2025-06-21,96.0
2025-06-22,133.96
2025-06-23,68.65
2025-06-24,87.35
2025-06-25,113.88
2025-06-26,57.94
2025-06-27,54.45
2025-06-28,135.17
2025-06-29,77.46
2025-06-30,88.42
2025-07-01,72.4
2025-07-02,81.22
2025-07-03,71.94
2025-07-04,88.08
2025-07-05,78.39
2025-07-06,54.36
2025-07-07,76.82
2025-07-08,75.79
2025-07-09,79.84
2025-07-10,88.17
2025-07-11,83.36
2025-07-12,73.02
2025-07-13,62.07
2025-07-14,86.72
2025-07-15,75.1
2025-07-16,63.75
2025-07-17,61.51
2025-07-18,93.19
2025-07-19,66.26
2025-07-20,75.52
2025-07-21,60.72
2025-07-22,126.38
2025-07-23,74.61
2025-07-24,74.82
2025-07-25,68.49
2025-07-26,43.83
2025-07-27,53.87
2025-07-28,59.94
2025-07-29,88.6
2025-07-30,57.0
2025-07-31,72.49
2025-08-01,43.32
2025-08-02,58.65
2025-08-03,39.48
2025-08-04,49.04
2025-08-05,44.01
2025-08-06,52.24
2025-08-07,45.72
2025-08-08,42.41
2025-08-09,47.4
2025-08-10,72.31
2025-08-11,69.06
2025-08-12,74.54
2025-08-13,65.73
2025-08-14,65.86
2025-08-15,49.5
2025-08-16,72.78
2025-08-17,65.51
2025-08-18,59.26
2025-08-19,48.54
2025-08-20,49.46
2025-08-21,48.91
2025-08-22,38.01
2025-08-23,49.78
2025-08-24,52.85
2025-08-25,62.22
2025-08-26,48.53
2025-08-27,53.53
2025-08-28,55.35
2025-08-29,49.85
2025-08-30,40.25
2025-08-31,49.1
2025-09-01,34.38
2025-09-02,45.37
2025-09-03,52.99
2025-09-04,68.28
2025-09-05,45.87
2025-09-06,50.21
2025-09-07,39.65
2025-09-08,73.42
2025-09-09,47.3
2025-09-10,40.68
2025-09-11,37.06
2025-09-12,86.04
2025-09-13,50.55
2025-09-14,44.91
2025-09-15,57.54
2025-09-16,54.24
2025-09-17,62.34
2025-09-18,47.09
2025-09-19,40.78
2025-09-20,37.54
2025-09-21,69.47
2025-09-22,50.62
2025-09-23,60.57
2025-09-24,59.62
2025-09-25,62.29
2025-09-26,64.3
2025-09-27,90.21
2025-09-28,66.56
2025-09-29,54.45
2025-09-30,73.89
2025-10-01,64.66
2025-10-02,77.54
2025-10-03,77.35
2025-10-04,60.62
2025-10-05,79.36
2025-10-06,68.04
2025-10-07,101.0
2025-10-08,170.61
2025-10-09,63.97
2025-10-10,94.73
2025-10-11,106.82
2025-10-12,55.06
2025-10-13,59.62
2025-10-14,60.34
2025-10-15,52.24
2025-10-16,67.74
2025-10-17,84.95
2025-10-18,44.18
2025-10-19,56.41
2025-10-20,74.1
2025-10-21,145.64
2025-10-22,50.8
2025-10-23,74.33
2025-10-24,35.8
2025-10-25,47.37
2025-10-26,40.3
2025-10-27,50.03
2025-10-28,53.62
2025-10-29,58.09
2025-10-30,35.29
2025-10-31,43.29
2025-11-01,40.85
2025-11-02,37.57
2025-11-03,58.35
2025-11-04,64.65
2025-11-05,43.72
2025-11-06,48.49
2025-11-07,39.43
2025-11-08,90.94
2025-11-09,35.46
2025-11-10,44.02
2025-11-11,52.83
2025-11-12,45.61
2025-11-13,54.06
2025-11-14,60.36
2025-11-15,39.38
2025-11-16,36.5
2025-11-17,49.88
2025-11-18,69.65
2025-11-19,48.95
2025-11-20,62.98
2025-11-21,78.18
2025-11-22,101.62
2025-11-23,40.27
2025-11-24,44.17
2025-11-25,52.79
2025-11-26,51.66
2025-11-27,38.05
2025-11-28,33.78
2025-11-29,47.69
2025-11-30,60.07
2025-12-01,74.91
2025-12-02,56.89
2025-12-03,46.05
2025-12-04,95.04
2025-12-05,104.99
2025-12-06,114.92
2025-12-07,105.62
2025-12-08,59.11
2025-12-09,55.59
2025-12-10,72.35
2025-12-11,71.52
2025-12-12,45.48
2025-12-13,52.63
2025-12-14,38.84
2025-12-15,37.76
2025-12-20,32.67
2025-12-21,37.22
2025-12-22,42.13
2025-12-23,33.07
2025-12-24,45.61
2025-12-25,51.3
2025-12-26,28.07
2025-12-27,28.31
2025-12-28,23.16
2025-12-29,31.77
2025-12-30,52.49
2025-12-31,66.97
2026-01-01,78.82
2026-01-02,44.93
2026-01-03,41.02
2026-01-04,62.69
2026-01-05,39.94
2026-01-06,40.46
2026-01-07,45.84
2026-01-08,69.22
2026-01-09,124.55
2026-01-10,93.63
2026-01-11,96.15
2026-01-12,26.35
2026-01-13,31.7
2026-01-14,34.67
2026-01-15,34.49
2026-01-16,165.34
2026-01-17,135.45
2026-01-18,6.17
2026-01-19,46.73
2026-01-20,60.51
2026-01-21,36.47
2026-01-22,36.36
2026-01-23,43.21
2026-01-24,39.75
2026-01-25,64.52
2026-01-26,54.87
2026-01-27,41.18
2026-01-28,36.19
2026-01-29,68.29
2026-01-30,37.55
2026-01-31,50.02
2026-02-01,58.66
2026-02-02,42.04
2026-02-03,39.66
2026-02-04,39.69
2026-02-05,89.17
2026-02-06,40.82
2026-02-07,28.07
2026-02-08,21.48
2026-02-09,26.14
2026-02-10,25.77
2026-02-11,34.12
2026-02-12,28.27
2026-02-13,25.1
2026-02-14,33.76
2026-02-15,18.32
2026-02-16,18.74
2026-02-17,19.15
2026-02-18,19.57
2026-02-19,18.48
2026-02-20,22.17
2026-02-21,23.85
2026-02-22,23.16
2026-02-23,76.61
2026-02-24,30.95
2026-02-25,36.71
2026-02-26,25.57
2026-02-27,35.05
2026-02-28,40.95
2026-03-01,27.65
2026-03-02,29.07
2026-03-03,23.97
2026-03-04,32.72
2026-03-05,38.49
2026-03-06,28.63
2026-03-07,24.69
2026-03-08,33.41
2026-03-09,34.14
2026-03-10,32.62
2026-03-11,30.19
2026-03-12,34.96
2026-03-13,42.81
2026-03-14,28.72
2026-03-15,37.66
2026-03-16,42.39
2026-03-17,39.65
2026-03-18,25.63
2026-03-19,30.07
2026-03-20,32.2
2026-03-21,25.6
2026-03-22,19.63
2026-03-23,27.59
2026-03-24,40.59
2026-03-25,24.4
2026-03-26,19.29
2026-03-27,23.11
2026-03-29,25.51
2026-03-30,23.58
2026-03-31,37.39
2026-04-01,26.2
2026-04-02,21.04
2026-04-03,28.45
2026-04-04,36.49
2026-04-05,29.34
2026-04-06,45.0
2026-04-07,23.81
2026-04-08,33.17
2026-04-09,29.03
2026-04-10,29.83
2026-04-11,23.11
2026-04-12,30.43
2026-04-13,22.43
2026-04-14,38.08
