date,nupl
2013-01-01,0.4367
2013-01-02,0.4345
2013-01-03,0.4383
2013-01-04,0.4403
2013-01-05,0.4402
2013-01-06,0.4417
2013-01-07,0.4432
2013-01-08,0.4507
2013-01-09,0.4517
2013-01-10,0.4616
2013-01-11,0.4643
2013-01-12,0.4632
2013-01-13,0.4604
2013-01-14,0.4654
2013-01-15,0.4642
2013-01-16,0.4768
2013-01-17,0.503
2013-01-18,0.5047
2013-01-19,0.4997
2013-01-20,0.5029
2013-01-21,0.5306
2013-01-22,0.5392
2013-01-23,0.5425
2013-01-24,0.5237
2013-01-25,0.5354
2013-01-26,0.5372
2013-01-27,0.5415
2013-01-28,0.5605
2013-01-29,0.5697
2013-01-30,0.57
2013-01-31,0.5803
2013-02-01,0.571
2013-02-02,0.5526
2013-02-03,0.5706
2013-02-04,0.5658
2013-02-05,0.568
2013-02-06,0.5765
2013-02-07,0.5907
2013-02-08,0.5983
2013-02-09,0.6109
2013-02-10,0.6118
2013-02-11,0.6183
2013-02-12,0.6222
2013-02-13,0.6134
2013-02-14,0.6451
2013-02-15,0.6382
2013-02-16,0.6371
2013-02-17,0.6287
2013-02-18,0.6262
2013-02-19,0.6527
2013-02-20,0.6535
2013-02-21,0.6509
2013-02-22,0.6546
2013-02-23,0.6448
2013-02-24,0.6414
2013-02-25,0.6397
2013-02-26,0.6455
2013-02-27,0.6448
2013-02-28,0.659
2013-03-01,0.6666
2013-03-02,0.6601
2013-03-03,0.6614
2013-03-04,0.6753
2013-03-05,0.7007
2013-03-06,0.7068
2013-03-07,0.6918
2013-03-08,0.7018
2013-03-09,0.715
2013-03-10,0.7071
2013-03-11,0.7164
2013-03-12,0.6892
2013-03-13,0.7019
2013-03-14,0.698
2013-03-15,0.6945
2013-03-16,0.6939
2013-03-17,0.6928
2013-03-18,0.7118
2013-03-19,0.741
2013-03-20,0.7504
2013-03-21,0.7639
2013-03-22,0.7534
2013-03-23,0.7302
2013-03-24,0.7516
2013-03-25,0.7515
2013-03-26,0.7591
2013-03-27,0.7776
2013-03-28,0.7664
2013-03-29,0.7675
2013-03-30,0.7647
2013-03-31,0.7656
2013-04-01,0.7754
2013-04-02,0.7896
2013-04-03,0.7938
2013-04-04,0.789
2013-04-05,0.7878
2013-04-06,0.7833
2013-04-07,0.802
2013-04-08,0.8125
2013-04-09,0.8227
2013-04-10,0.7368
2013-04-11,0.5235
2013-04-12,0.648
2013-04-13,0.6003
2013-04-14,0.5642
2013-04-15,0.5273
2013-04-16,0.4478
2013-04-17,0.5873
2013-04-18,0.6408
2013-04-19,0.6667
2013-04-20,0.6861
2013-04-21,0.6569
2013-04-22,0.6746
2013-04-23,0.7044
2013-04-24,0.7151
2013-04-25,0.6837
2013-04-26,0.673
2013-04-27,0.6476
2013-04-28,0.6625
2013-04-29,0.6795
2013-04-30,0.6667
2013-05-01,0.6032
2013-05-02,0.5692
2013-05-03,0.5258
2013-05-04,0.5928
2013-05-05,0.6051
2013-05-06,0.5891
2013-05-07,0.5866
2013-05-08,0.5918
2013-05-09,0.5871
2013-05-10,0.6072
2013-05-11,0.5979
2013-05-12,0.595
2013-05-13,0.6027
2013-05-14,0.5683
2013-05-15,0.5717
2013-05-16,0.5859
2013-05-17,0.6001
2013-05-18,0.6007
2013-05-19,0.5964
2013-05-20,0.5983
2013-05-21,0.5958
2013-05-22,0.6008
2013-05-23,0.6147
2013-05-24,0.6284
2013-05-25,0.6233
2013-05-26,0.6265
2013-05-27,0.6145
2013-05-28,0.6122
2013-05-29,0.6211
2013-05-30,0.6109
2013-05-31,0.6134
2013-06-01,0.6153
2013-06-02,0.5952
2013-06-03,0.5953
2013-06-04,0.5851
2013-06-05,0.5861
2013-06-06,0.5773
2013-06-07,0.5437
2013-06-08,0.5395
2013-06-09,0.4971
2013-06-10,0.5187
2013-06-11,0.5317
2013-06-12,0.5268
2013-06-13,0.504
2013-06-14,0.4937
2013-06-15,0.4969
2013-06-16,0.4926
2013-06-17,0.4981
2013-06-18,0.5179
2013-06-19,0.5182
2013-06-20,0.5177
2013-06-21,0.5041
2013-06-22,0.4971
2013-06-23,0.4985
2013-06-24,0.4919
2013-06-25,0.4856
2013-06-26,0.4896
2013-06-27,0.4801
2013-06-28,0.4386
2013-06-29,0.4345
2013-06-30,0.4392
2013-07-01,0.3946
2013-07-02,0.4278
2013-07-03,0.3556
2013-07-04,0.3682
2013-07-05,0.2654
2013-07-06,0.2584
2013-07-07,0.3174
2013-07-08,0.3346
2013-07-09,0.3431
2013-07-10,0.4177
2013-07-11,0.4335
2013-07-12,0.4478
2013-07-13,0.4553
2013-07-14,0.4448
2013-07-15,0.4671
2013-07-16,0.4558
2013-07-17,0.4517
2013-07-18,0.4143
2013-07-19,0.4235
2013-07-20,0.4149
2013-07-21,0.42
2013-07-22,0.4201
2013-07-23,0.4287
2013-07-24,0.4359
2013-07-25,0.448
2013-07-26,0.4465
2013-07-27,0.4348
2013-07-28,0.462
2013-07-29,0.4652
2013-07-30,0.4827
2013-07-31,0.4885
2013-08-01,0.4804
2013-08-02,0.476
2013-08-03,0.4692
2013-08-04,0.4735
2013-08-05,0.4786
2013-08-06,0.4791
2013-08-07,0.4754
2013-08-08,0.4597
2013-08-09,0.4491
2013-08-10,0.4537
2013-08-11,0.459
2013-08-12,0.4653
2013-08-13,0.4751
2013-08-14,0.4815
2013-08-15,0.4751
2013-08-16,0.4756
2013-08-17,0.4819
2013-08-18,0.4791
2013-08-19,0.4963
2013-08-20,0.5035
2013-08-21,0.5301
2013-08-22,0.5239
2013-08-23,0.5148
2013-08-24,0.5195
2013-08-25,0.5365
2013-08-26,0.5316
2013-08-27,0.5524
2013-08-28,0.553
2013-08-29,0.5534
2013-08-30,0.5731
2013-08-31,0.5826
2013-09-01,0.5876
2013-09-02,0.5829
2013-09-03,0.5788
2013-09-04,0.5558
2013-09-05,0.5546
2013-09-06,0.5372
2013-09-07,0.5441
2013-09-08,0.537
2013-09-09,0.5475
2013-09-10,0.5501
2013-09-11,0.5657
2013-09-12,0.5622
2013-09-13,0.5636
2013-09-14,0.5512
2013-09-15,0.5532
2013-09-16,0.5561
2013-09-17,0.5578
2013-09-18,0.5568
2013-09-19,0.5443
2013-09-20,0.5392
2013-09-21,0.541
2013-09-22,0.5385
2013-09-23,0.5371
2013-09-24,0.5396
2013-09-25,0.5381
2013-09-26,0.5414
2013-09-27,0.5476
2013-09-28,0.5478
2013-09-29,0.5483
2013-09-30,0.5437
2013-10-01,0.5481
2013-10-02,0.4496
2013-10-03,0.5109
2013-10-04,0.5275
2013-10-05,0.5249
2013-10-06,0.5283
2013-10-07,0.5297
2013-10-08,0.5322
2013-10-09,0.5355
2013-10-10,0.5376
2013-10-11,0.5388
2013-10-12,0.54
2013-10-13,0.5549
2013-10-14,0.5629
2013-10-15,0.5796
2013-10-16,0.5673
2013-10-17,0.5816
2013-10-18,0.6043
2013-10-19,0.632
2013-10-20,0.6317
2013-10-21,0.6517
2013-10-22,0.664
2013-10-23,0.6802
2013-10-24,0.6605
2013-10-25,0.6324
2013-10-26,0.6198
2013-10-27,0.6467
2013-10-28,0.6483
2013-10-29,0.6576
2013-10-30,0.6448
2013-10-31,0.6521
2013-11-01,0.6495
2013-11-02,0.6512
2013-11-03,0.6584
2013-11-04,0.6777
2013-11-05,0.6909
2013-11-06,0.7095
2013-11-07,0.7261
2013-11-08,0.7531
2013-11-09,0.7457
2013-11-10,0.7392
2013-11-11,0.7459
2013-11-12,0.7486
2013-11-13,0.7666
2013-11-14,0.7715
2013-11-15,0.7615
2013-11-16,0.7721
2013-11-17,0.7889
2013-11-18,0.83
2013-11-19,0.7887
2013-11-20,0.7967
2013-11-21,0.8242
2013-11-22,0.8241
2013-11-23,0.8212
2013-11-24,0.8112
2013-11-25,0.8052
2013-11-26,0.8034
2013-11-27,0.8029
2013-11-28,0.8003
2013-11-29,0.8096
2013-11-30,0.8025
2013-12-01,0.7681
2013-12-02,0.7803
2013-12-03,0.7786
2013-12-04,0.7881
2013-12-05,0.7617
2013-12-06,0.7035
2013-12-07,0.6513
2013-12-08,0.6849
2013-12-09,0.7224
2013-12-10,0.7424
2013-12-11,0.7092
2013-12-12,0.7073
2013-12-13,0.7065
2013-12-14,0.6983
2013-12-15,0.7006
2013-12-16,0.6194
2013-12-17,0.622
2013-12-18,0.512
2013-12-19,0.6241
2013-12-20,0.571
2013-12-21,0.5615
2013-12-22,0.5808
2013-12-23,0.6071
2013-12-24,0.5949
2013-12-25,0.6096
2013-12-26,0.645
2013-12-27,0.6295
2013-12-28,0.6256
2013-12-29,0.631
2013-12-30,0.635
2013-12-31,0.6316
2014-01-01,0.6427
2014-01-02,0.656
2014-01-03,0.6636
2014-01-04,0.6668
2014-01-05,0.6911
2014-01-06,0.6931
2014-01-07,0.6499
2014-01-08,0.6541
2014-01-09,0.6574
2014-01-10,0.6655
2014-01-11,0.6762
2014-01-12,0.6578
2014-01-13,0.6478
2014-01-14,0.6431
2014-01-15,0.6518
2014-01-16,0.6397
2014-01-17,0.6289
2014-01-18,0.6362
2014-01-19,0.6476
2014-01-20,0.6426
2014-01-21,0.6398
2014-01-22,0.6365
2014-01-23,0.6324
2014-01-24,0.6175
2014-01-25,0.6277
2014-01-26,0.6318
2014-01-27,0.5963
2014-01-28,0.6197
2014-01-29,0.6203
2014-01-30,0.6225
2014-01-31,0.6238
2014-02-01,0.6268
2014-02-02,0.6269
2014-02-03,0.6229
2014-02-04,0.6194
2014-02-05,0.5989
2014-02-06,0.5876
2014-02-07,0.5583
2014-02-08,0.5366
2014-02-09,0.543
2014-02-10,0.5415
2014-02-11,0.5326
2014-02-12,0.5202
2014-02-13,0.4886
2014-02-14,0.5305
2014-02-15,0.5201
2014-02-16,0.4962
2014-02-17,0.5029
2014-02-18,0.4996
2014-02-19,0.4973
2014-02-20,0.4448
2014-02-21,0.4606
2014-02-22,0.4844
2014-02-23,0.4868
2014-02-24,0.426
2014-02-25,0.4214
2014-02-26,0.4737
2014-02-27,0.4722
2014-02-28,0.4386
2014-03-01,0.4551
2014-03-02,0.4469
2014-03-03,0.5415
2014-03-04,0.5398
2014-03-05,0.5361
2014-03-06,0.5333
2014-03-07,0.4908
2014-03-08,0.482
2014-03-09,0.4878
2014-03-10,0.4767
2014-03-11,0.4806
2014-03-12,0.4802
2014-03-13,0.4866
2014-03-14,0.4746
2014-03-15,0.4809
2014-03-16,0.479
2014-03-17,0.4693
2014-03-18,0.4616
2014-03-19,0.4581
2014-03-20,0.4365
2014-03-21,0.4179
2014-03-22,0.4126
2014-03-23,0.4067
2014-03-24,0.4327
2014-03-25,0.4309
2014-03-26,0.4263
2014-03-27,0.3141
2014-03-28,0.3363
2014-03-29,0.3243
2014-03-30,0.2806
2014-03-31,0.2765
2014-04-01,0.3126
2014-04-02,0.2513
2014-04-03,0.2689
2014-04-04,0.2699
2014-04-05,0.2912
2014-04-06,0.2864
2014-04-07,0.271
2014-04-08,0.2782
2014-04-09,0.2618
2014-04-10,0.114
2014-04-11,0.2313
2014-04-12,0.2356
2014-04-13,0.2212
2014-04-14,0.2964
2014-04-15,0.3771
2014-04-16,0.3859
2014-04-17,0.3464
2014-04-18,0.3243
2014-04-19,0.3527
2014-04-20,0.3494
2014-04-21,0.3448
2014-04-22,0.3337
2014-04-23,0.334
2014-04-24,0.3504
2014-04-25,0.2998
2014-04-26,0.2889
2014-04-27,0.2559
2014-04-28,0.2616
2014-04-29,0.272
2014-04-30,0.274
2014-05-01,0.2918
2014-05-02,0.2793
2014-05-03,0.2578
2014-05-04,0.2542
2014-05-05,0.2472
2014-05-06,0.2439
2014-05-07,0.2647
2014-05-08,0.2618
2014-05-09,0.2817
2014-05-10,0.2881
2014-05-11,0.2596
2014-05-12,0.2634
2014-05-13,0.2599
2014-05-14,0.2699
2014-05-15,0.2734
2014-05-16,0.2766
2014-05-17,0.2773
2014-05-18,0.2736
2014-05-19,0.2745
2014-05-20,0.3372
2014-05-21,0.3415
2014-05-22,0.3815
2014-05-23,0.3774
2014-05-24,0.3813
2014-05-25,0.4289
2014-05-26,0.4395
2014-05-27,0.424
2014-05-28,0.4285
2014-05-29,0.4193
2014-05-30,0.463
2014-05-31,0.468
2014-06-01,0.4689
2014-06-02,0.4938
2014-06-03,0.4992
2014-06-04,0.4764
2014-06-05,0.4894
2014-06-06,0.4803
2014-06-07,0.4851
2014-06-08,0.4853
2014-06-09,0.4767
2014-06-10,0.4777
2014-06-11,0.4611
2014-06-12,0.4172
2014-06-13,0.4216
2014-06-14,0.4002
2014-06-15,0.4144
2014-06-16,0.4148
2014-06-17,0.4323
2014-06-18,0.4307
2014-06-19,0.4192
2014-06-20,0.4148
2014-06-21,0.4158
2014-06-22,0.4222
2014-06-23,0.4119
2014-06-24,0.4018
2014-06-25,0.3831
2014-06-26,0.402
2014-06-27,0.4212
2014-06-28,0.4149
2014-06-29,0.42
2014-06-30,0.4534
2014-07-01,0.4558
2014-07-02,0.4611
2014-07-03,0.4561
2014-07-04,0.4422
2014-07-05,0.4417
2014-07-06,0.4451
2014-07-07,0.4343
2014-07-08,0.4359
2014-07-09,0.4323
2014-07-10,0.4269
2014-07-11,0.4427
2014-07-12,0.4445
2014-07-13,0.4381
2014-07-14,0.4282
2014-07-15,0.4304
2014-07-16,0.4251
2014-07-17,0.4319
2014-07-18,0.4374
2014-07-19,0.4359
2014-07-20,0.4321
2014-07-21,0.4278
2014-07-22,0.4262
2014-07-23,0.4255
2014-07-24,0.4093
2014-07-25,0.4078
2014-07-26,0.4009
2014-07-27,0.3976
2014-07-28,0.3934
2014-07-29,0.39
2014-07-30,0.3674
2014-07-31,0.3877
2014-08-01,0.4018
2014-08-02,0.3947
2014-08-03,0.3916
2014-08-04,0.3918
2014-08-05,0.3822
2014-08-06,0.3824
2014-08-07,0.3861
2014-08-08,0.389
2014-08-09,0.3886
2014-08-10,0.3888
2014-08-11,0.3718
2014-08-12,0.3661
2014-08-13,0.3432
2014-08-14,0.2884
2014-08-15,0.282
2014-08-16,0.3113
2014-08-17,0.2781
2014-08-18,0.2358
2014-08-19,0.2639
2014-08-20,0.304
2014-08-21,0.3098
2014-08-22,0.3055
2014-08-23,0.2795
2014-08-24,0.2955
2014-08-25,0.286
2014-08-26,0.3001
2014-08-27,0.2978
2014-08-28,0.2956
2014-08-29,0.2995
2014-08-30,0.2889
2014-08-31,0.2552
2014-09-01,0.2489
2014-09-02,0.2493
2014-09-03,0.2487
2014-09-04,0.2724
2014-09-05,0.2558
2014-09-06,0.2585
2014-09-07,0.2555
2014-09-08,0.2409
2014-09-09,0.2488
2014-09-10,0.2558
2014-09-11,0.2552
2014-09-12,0.2505
2014-09-13,0.2567
2014-09-14,0.253
2014-09-15,0.2486
2014-09-16,0.2351
2014-09-17,0.2222
2014-09-18,0.1701
2014-09-19,0.1032
2014-09-20,0.1425
2014-09-21,0.1203
2014-09-22,0.1219
2014-09-23,0.1972
2014-09-24,0.1697
2014-09-25,0.1415
2014-09-26,0.1338
2014-09-27,0.1242
2014-09-28,0.0663
2014-09-29,0.0627
2014-09-30,0.1024
2014-10-01,0.0885
2014-10-02,0.064
2014-10-03,0.0286
2014-10-04,-0.0543
2014-10-05,-0.0733
2014-10-06,-0.0517
2014-10-07,-0.0293
2014-10-08,0.031
2014-10-09,0.0518
2014-10-10,0.0453
2014-10-11,0.0539
2014-10-12,0.0941
2014-10-13,0.1254
2014-10-14,0.1445
2014-10-15,0.1328
2014-10-16,0.105
2014-10-17,0.1057
2014-10-18,0.1263
2014-10-19,0.1204
2014-10-20,0.1035
2014-10-21,0.113
2014-10-22,0.1031
2014-10-23,0.0455
2014-10-24,0.0472
2014-10-25,0.0159
2014-10-26,0.0365
2014-10-27,0.029
2014-10-28,0.042
2014-10-29,-0.0167
2014-10-30,0.0165
2014-10-31,-0.0033
2014-11-01,-0.0421
2014-11-02,-0.0419
2014-11-03,-0.0373
2014-11-04,-0.0224
2014-11-05,0.0056
2014-11-06,0.0351
2014-11-07,0.0145
2014-11-08,0.0247
2014-11-09,0.0734
2014-11-10,0.0781
2014-11-11,0.0842
2014-11-12,0.2012
2014-11-13,0.1974
2014-11-14,0.1504
2014-11-15,0.105
2014-11-16,0.1329
2014-11-17,0.1276
2014-11-18,0.0964
2014-11-19,0.1062
2014-11-20,0.0539
2014-11-21,0.04
2014-11-22,0.0449
2014-11-23,0.0847
2014-11-24,0.1069
2014-11-25,0.1067
2014-11-26,0.0848
2014-11-27,0.0899
2014-11-28,0.1184
2014-11-29,0.1143
2014-11-30,0.1203
2014-12-01,0.1215
2014-12-02,0.1312
2014-12-03,0.1151
2014-12-04,0.101
2014-12-05,0.1236
2014-12-06,0.1161
2014-12-07,0.1197
2014-12-08,0.0944
2014-12-09,0.0633
2014-12-10,0.057
2014-12-11,0.0595
2014-12-12,0.0721
2014-12-13,0.0618
2014-12-14,0.0799
2014-12-15,0.0569
2014-12-16,0.0047
2014-12-17,-0.0201
2014-12-18,-0.0408
2014-12-19,-0.0244
2014-12-20,0.0129
2014-12-21,-0.0124
2014-12-22,0.021
2014-12-23,0.038
2014-12-24,-0.0004
2014-12-25,-0.0127
2014-12-26,0.0189
2014-12-27,-0.0217
2014-12-28,-0.0175
2014-12-29,-0.0295
2014-12-30,-0.0334
2014-12-31,0.0009
2015-01-01,-0.0176
2015-01-02,-0.0135
2015-01-03,-0.118
2015-01-04,-0.2102
2015-01-05,-0.1565
2015-01-06,-0.1059
2015-01-07,-0.0686
2015-01-08,-0.1154
2015-01-09,-0.0821
2015-01-10,-0.1445
2015-01-11,-0.1755
2015-01-12,-0.1744
2015-01-13,-0.4015
2015-01-14,-0.7744
2015-01-15,-0.4667
2015-01-16,-0.498
2015-01-17,-0.5546
2015-01-18,-0.4706
2015-01-19,-0.4307
2015-01-20,-0.4627
2015-01-21,-0.3529
2015-01-22,-0.3194
2015-01-23,-0.3217
2015-01-24,-0.2374
2015-01-25,-0.2109
2015-01-26,-0.1217
2015-01-27,-0.1601
2015-01-28,-0.3013
2015-01-29,-0.3096
2015-01-30,-0.3368
2015-01-31,-0.4052
2015-02-01,-0.3443
2015-02-02,-0.271
2015-02-03,-0.3388
2015-02-04,-0.3434
2015-02-05,-0.4019
2015-02-06,-0.3654
2015-02-07,-0.3295
2015-02-08,-0.3563
2015-02-09,-0.375
2015-02-10,-0.3734
2015-02-11,-0.3805
2015-02-12,-0.3609
2015-02-13,-0.2804
2015-02-14,-0.1759
2015-02-15,-0.2914
2015-02-16,-0.2873
2015-02-17,-0.2406
2015-02-18,-0.2817
2015-02-19,-0.2478
2015-02-20,-0.231
2015-02-21,-0.2305
2015-02-22,-0.276
2015-02-23,-0.2624
2015-02-24,-0.2575
2015-02-25,-0.2644
2015-02-26,-0.2703
2015-02-27,-0.1806
2015-02-28,-0.181
2015-03-01,-0.1559
2015-03-02,-0.0908
2015-03-03,-0.0648
2015-03-04,-0.1008
2015-03-05,-0.0889
2015-03-06,-0.1007
2015-03-07,-0.0872
2015-03-08,-0.0899
2015-03-09,-0.0333
2015-03-10,-0.0276
2015-03-11,-0.0131
2015-03-12,-0.0189
2015-03-13,-0.0526
2015-03-14,-0.061
2015-03-15,-0.0474
2015-03-16,-0.0322
2015-03-17,-0.0544
2015-03-18,-0.167
2015-03-19,-0.1449
2015-03-20,-0.1406
2015-03-21,-0.1481
2015-03-22,-0.115
2015-03-23,-0.1234
2015-03-24,-0.2128
2015-03-25,-0.2123
2015-03-26,-0.1979
2015-03-27,-0.2076
2015-03-28,-0.1794
2015-03-29,-0.2287
2015-03-30,-0.2015
2015-03-31,-0.2187
2015-04-01,-0.2036
2015-04-02,-0.1732
2015-04-03,-0.1672
2015-04-04,-0.1712
2015-04-05,-0.1391
2015-04-06,-0.1599
2015-04-07,-0.1666
2015-04-08,-0.2087
2015-04-09,-0.2172
2015-04-10,-0.2551
2015-04-11,-0.2466
2015-04-12,-0.2473
2015-04-13,-0.3096
2015-04-14,-0.3425
2015-04-15,-0.3171
2015-04-16,-0.2867
2015-04-17,-0.3188
2015-04-18,-0.3148
2015-04-19,-0.3152
2015-04-20,-0.3049
2015-04-21,-0.2487
2015-04-22,-0.2542
2015-04-23,-0.2431
2015-04-24,-0.2665
2015-04-25,-0.294
2015-04-26,-0.3281
2015-04-27,-0.2876
2015-04-28,-0.2972
2015-04-29,-0.2961
2015-04-30,-0.2377
2015-05-01,-0.2564
2015-05-02,-0.2413
2015-05-03,-0.216
2015-05-04,-0.2234
2015-05-05,-0.2381
2015-05-06,-0.2729
2015-05-07,-0.2315
2015-05-08,-0.195
2015-05-09,-0.2032
2015-05-10,-0.2127
2015-05-11,-0.2041
2015-05-12,-0.2038
2015-05-13,-0.2321
2015-05-14,-0.2295
2015-05-15,-0.2264
2015-05-16,-0.2348
2015-05-17,-0.2287
2015-05-18,-0.2496
2015-05-19,-0.254
2015-05-20,-0.2419
2015-05-21,-0.2345
2015-05-22,-0.2097
2015-05-23,-0.2163
2015-05-24,-0.2073
2015-05-25,-0.2255
2015-05-26,-0.2262
2015-05-27,-0.2235
2015-05-28,-0.2241
2015-05-29,-0.2255
2015-05-30,-0.2419
2015-05-31,-0.2592
2015-06-01,-0.2924
2015-06-02,-0.2797
2015-06-03,-0.2795
2015-06-04,-0.2885
2015-06-05,-0.2814
2015-06-06,-0.2787
2015-06-07,-0.2877
2015-06-08,-0.2573
2015-06-09,-0.2539
2015-06-10,-0.2575
2015-06-11,-0.2514
2015-06-12,-0.2501
2015-06-13,-0.2324
2015-06-14,-0.2347
2015-06-15,-0.2123
2015-06-16,-0.1427
2015-06-17,-0.1584
2015-06-18,-0.1533
2015-06-19,-0.173
2015-06-20,-0.1693
2015-06-21,-0.1755
2015-06-22,-0.1626
2015-06-23,-0.1758
2015-06-24,-0.1934
2015-06-25,-0.1836
2015-06-26,-0.1804
2015-06-27,-0.1404
2015-06-28,-0.1517
2015-06-29,-0.118
2015-06-30,-0.0882
2015-07-01,-0.1126
2015-07-02,-0.1266
2015-07-03,-0.1191
2015-07-04,-0.1002
2015-07-05,-0.0565
2015-07-06,-0.0652
2015-07-07,-0.0763
2015-07-08,-0.0601
2015-07-09,-0.0627
2015-07-10,-0.0045
2015-07-11,0.0236
2015-07-12,0.0772
2015-07-13,0.018
2015-07-14,0.0013
2015-07-15,-0.0051
2015-07-16,-0.0313
2015-07-17,-0.0258
2015-07-18,-0.0355
2015-07-19,-0.0432
2015-07-20,-0.028
2015-07-21,-0.0369
2015-07-22,-0.0327
2015-07-23,-0.0364
2015-07-24,0.0079
2015-07-25,0.0082
2015-07-26,0.0208
2015-07-27,0.0243
2015-07-28,0.0274
2015-07-29,0.009
2015-07-30,0.0037
2015-07-31,-0.0091
2015-08-01,-0.0195
2015-08-02,-0.0167
2015-08-03,-0.0175
2015-08-04,-0.0061
2015-08-05,-0.0164
2015-08-06,-0.0285
2015-08-07,-0.0265
2015-08-08,-0.0969
2015-08-09,-0.0716
2015-08-10,-0.0769
2015-08-11,-0.0512
2015-08-12,-0.0639
2015-08-13,-0.0773
2015-08-14,-0.0703
2015-08-15,-0.0877
2015-08-16,-0.0995
2015-08-17,-0.1029
2015-08-18,-0.3021
2015-08-19,-0.2471
2015-08-20,-0.2019
2015-08-21,-0.2147
2015-08-22,-0.2253
2015-08-23,-0.2357
2015-08-24,-0.3296
2015-08-25,-0.2593
2015-08-26,-0.2374
2015-08-27,-0.2435
2015-08-28,-0.2048
2015-08-29,-0.2166
2015-08-30,-0.2206
2015-08-31,-0.2115
2015-09-01,-0.2255
2015-09-02,-0.2167
2015-09-03,-0.2285
2015-09-04,-0.2067
2015-09-05,-0.1825
2015-09-06,-0.1584
2015-09-07,-0.1593
2015-09-08,-0.1426
2015-09-09,-0.1685
2015-09-10,-0.1674
2015-09-11,-0.1571
2015-09-12,-0.1788
2015-09-13,-0.208
2015-09-14,-0.2053
2015-09-15,-0.2078
2015-09-16,-0.2146
2015-09-17,-0.1928
2015-09-18,-0.1928
2015-09-19,-0.1973
2015-09-20,-0.2016
2015-09-21,-0.2257
2015-09-22,-0.205
2015-09-23,-0.2064
2015-09-24,-0.1849
2015-09-25,-0.1786
2015-09-26,-0.1832
2015-09-27,-0.1898
2015-09-28,-0.156
2015-09-29,-0.1689
2015-09-30,-0.1717
2015-10-01,-0.164
2015-10-02,-0.1654
2015-10-03,-0.1567
2015-10-04,-0.1577
2015-10-05,-0.1507
2015-10-06,-0.123
2015-10-07,-0.137
2015-10-08,-0.1397
2015-10-09,-0.1332
2015-10-10,-0.1261
2015-10-11,-0.1144
2015-10-12,-0.124
2015-10-13,-0.1047
2015-10-14,-0.0923
2015-10-15,-0.0858
2015-10-16,-0.0531
2015-10-17,-0.0183
2015-10-18,-0.0509
2015-10-19,-0.0474
2015-10-20,-0.0233
2015-10-21,-0.034
2015-10-22,-0.0067
2015-10-23,0.0043
2015-10-24,0.0212
2015-10-25,0.029
2015-10-26,0.0307
2015-10-27,0.0586
2015-10-28,0.0845
2015-10-29,0.1127
2015-10-30,0.1464
2015-10-31,0.1064
2015-11-01,0.1475
2015-11-02,0.225
2015-11-03,0.29
2015-11-04,0.2928
2015-11-05,0.2512
2015-11-06,0.2283
2015-11-07,0.2533
2015-11-08,0.2253
2015-11-09,0.2403
2015-11-10,0.1477
2015-11-11,0.071
2015-11-12,0.1488
2015-11-13,0.1476
2015-11-14,0.1368
2015-11-15,0.1021
2015-11-16,0.1324
2015-11-17,0.1432
2015-11-18,0.1426
2015-11-19,0.118
2015-11-20,0.1065
2015-11-21,0.1173
2015-11-22,0.1111
2015-11-23,0.1093
2015-11-24,0.101
2015-11-25,0.1253
2015-11-26,0.1908
2015-11-27,0.1966
2015-11-28,0.1902
2015-11-29,0.2224
2015-11-30,0.2325
2015-12-01,0.2011
2015-12-02,0.1936
2015-12-03,0.1978
2015-12-04,0.2019
2015-12-05,0.2539
2015-12-06,0.26
2015-12-07,0.2626
2015-12-08,0.2937
2015-12-09,0.2973
2015-12-10,0.2932
2015-12-11,0.3497
2015-12-12,0.3222
2015-12-13,0.3193
2015-12-14,0.3304
2015-12-15,0.3593
2015-12-16,0.344
2015-12-17,0.346
2015-12-18,0.3544
2015-12-19,0.351
2015-12-20,0.3227
2015-12-21,0.3156
2015-12-22,0.3115
2015-12-23,0.322
2015-12-24,0.3406
2015-12-25,0.3392
2015-12-26,0.2808
2015-12-27,0.2884
2015-12-28,0.2856
2015-12-29,0.3023
2015-12-30,0.2935
2015-12-31,0.2987
2016-01-01,0.3045222222222222
2016-01-02,0.3035333333333333
2016-01-03,0.2986
2016-01-04,0.3017333333333333
2016-01-05,0.302
2016-01-06,0.2985
2016-01-07,0.3188999999999999
2016-01-08,0.3268
2016-01-09,0.3223333333333333
2016-01-10,0.3214
2016-01-11,0.3212666666666666
2016-01-12,0.30225
2016-01-13,0.30225
2016-01-14,0.2669125
2016-01-15,0.1741
2016-01-16,0.2113499999999999
2016-01-17,0.2057
2016-01-18,0.2064333333333333
2016-01-19,0.1973
2016-01-20,0.2282666666666666
2016-01-21,0.2566
2016-01-22,0.2062
2016-01-23,0.2169
2016-01-24,0.2374833333333333
2016-01-25,0.227
2016-01-26,0.2253
2016-01-27,0.2202111111111111
2016-01-28,0.2011
2016-01-29,0.1994
2016-01-30,0.1865
2016-01-31,0.1748
2016-02-01,0.1831333333333333
2016-02-02,0.18847
2016-02-03,0.1812
2016-02-04,0.2034
2016-02-05,0.205
2016-02-06,0.195
2016-02-07,0.1954444444444444
2016-02-08,0.1911999999999999
2016-02-09,0.1912
2016-02-10,0.199
2016-02-11,0.2015
2016-02-12,0.211
2016-02-13,0.2253
2016-02-14,0.2494
2016-02-15,0.2429
2016-02-16,0.2562
2016-02-17,0.2695
2016-02-18,0.2791
2016-02-19,0.2753
2016-02-20,0.3079
2016-02-21,0.3051
2016-02-22,0.3026
2016-02-23,0.2738
2016-02-24,0.28
2016-02-25,0.2799
2016-02-26,0.2921
2016-02-27,0.2937
2016-02-28,0.2932
2016-02-29,0.2993
2016-03-01,0.29
2016-03-02,0.2736
2016-03-03,0.2667
2016-03-04,0.2468
2016-03-05,0.2266
2016-03-06,0.2387
2016-03-07,0.2554
2016-03-08,0.2521
2016-03-09,0.2544
2016-03-10,0.2607
2016-03-11,0.2659
2016-03-12,0.2494
2016-03-13,0.2521
2016-03-14,0.2574
2016-03-15,0.2576
2016-03-16,0.2604
2016-03-17,0.2627
2016-03-18,0.2453
2016-03-19,0.2458
2016-03-20,0.2511
2016-03-21,0.2498
2016-03-22,0.2582
2016-03-23,0.2594
2016-03-24,0.2522
2016-03-25,0.2568
2016-03-26,0.2572
2016-03-27,0.2716
2016-03-28,0.2667
2016-03-29,0.2542
2016-03-30,0.2486
2016-03-31,0.254
2016-04-01,0.2559
2016-04-02,0.2602
2016-04-03,0.2605
2016-04-04,0.2593
2016-04-05,0.2641
2016-04-06,0.2624
2016-04-07,0.2599
2016-04-08,0.2549
2016-04-09,0.255
2016-04-10,0.2597
2016-04-11,0.2617
2016-04-12,0.2682
2016-04-13,0.2637
2016-04-14,0.2652
2016-04-15,0.273
2016-04-16,0.2752
2016-04-17,0.2703
2016-04-18,0.2706
2016-04-19,0.2832
2016-04-20,0.2908
2016-04-21,0.3048
2016-04-22,0.298
2016-04-23,0.3062
2016-04-24,0.3197
2016-04-25,0.3211
2016-04-26,0.3261
2016-04-27,0.2905
2016-04-28,0.2984
2016-04-29,0.3069
2016-04-30,0.2959
2016-05-01,0.303
2016-05-02,0.2873
2016-05-03,0.2975
2016-05-04,0.2922
2016-05-05,0.2935
2016-05-06,0.3114
2016-05-07,0.3105
2016-05-08,0.3102
2016-05-09,0.3128
2016-05-10,0.2939
2016-05-11,0.2978
2016-05-12,0.3001
2016-05-13,0.3023
2016-05-14,0.3032
2016-05-15,0.307
2016-05-16,0.2985
2016-05-17,0.2935
2016-05-18,0.2947
2016-05-19,0.2678
2016-05-20,0.2751
2016-05-21,0.2776
2016-05-22,0.2718
2016-05-23,0.2773
2016-05-24,0.2795
2016-05-25,0.2867
2016-05-26,0.2922
2016-05-27,0.3156
2016-05-28,0.3883
2016-05-29,0.3825
2016-05-30,0.3875
2016-05-31,0.3831
2016-06-01,0.3893
2016-06-02,0.3887
2016-06-03,0.4207
2016-06-04,0.4237
2016-06-05,0.4235
2016-06-06,0.4322
2016-06-07,0.4241
2016-06-08,0.4274
2016-06-09,0.4207
2016-06-10,0.4224
2016-06-11,0.4454
2016-06-12,0.4949
2016-06-13,0.5132
2016-06-14,0.4979
2016-06-15,0.502
2016-06-16,0.5422
2016-06-17,0.5296
2016-06-18,0.5331
2016-06-19,0.5369
2016-06-20,0.5081
2016-06-21,0.4689
2016-06-22,0.4055
2016-06-23,0.4356
2016-06-24,0.4652
2016-06-25,0.4678
2016-06-26,0.436
2016-06-27,0.4538
2016-06-28,0.4492
2016-06-29,0.4418
2016-06-30,0.4694
2016-07-01,0.4711
2016-07-02,0.4889
2016-07-03,0.4579
2016-07-04,0.4709
2016-07-05,0.4609
2016-07-06,0.4677
2016-07-07,0.4369
2016-07-08,0.4571
2016-07-09,0.4455
2016-07-10,0.4433
2016-07-11,0.4429
2016-07-12,0.4585
2016-07-13,0.4487
2016-07-14,0.4505
2016-07-15,0.4549
2016-07-16,0.4534
2016-07-17,0.4649
2016-07-18,0.4599
2016-07-19,0.4586
2016-07-20,0.4525
2016-07-21,0.4519
2016-07-22,0.4383
2016-07-23,0.444
2016-07-24,0.4462
2016-07-25,0.4406
2016-07-26,0.4398
2016-07-27,0.4407
2016-07-28,0.4404
2016-07-29,0.4411
2016-07-30,0.4389
2016-07-31,0.4121
2016-08-01,0.3951
2016-08-02,0.3087
2016-08-03,0.3608
2016-08-04,0.3741
2016-08-05,0.3716
2016-08-06,0.3817
2016-08-07,0.3855
2016-08-08,0.3822
2016-08-09,0.3785
2016-08-10,0.3809
2016-08-11,0.3806
2016-08-12,0.378
2016-08-13,0.376
2016-08-14,0.3608
2016-08-15,0.3556
2016-08-16,0.3685
2016-08-17,0.3633
2016-08-18,0.3628
2016-08-19,0.3635
2016-08-20,0.3708
2016-08-21,0.3696
2016-08-22,0.3739
2016-08-23,0.3714
2016-08-24,0.3672
2016-08-25,0.3632
2016-08-26,0.3661
2016-08-27,0.3565
2016-08-28,0.3619
2016-08-29,0.3603
2016-08-30,0.3625
2016-08-31,0.3582
2016-09-01,0.3581
2016-09-02,0.3631
2016-09-03,0.3874
2016-09-04,0.3971
2016-09-05,0.3938
2016-09-06,0.3986
2016-09-07,0.4007
2016-09-08,0.4141
2016-09-09,0.4066
2016-09-10,0.4079
2016-09-11,0.3918
2016-09-12,0.3911
2016-09-13,0.3914
2016-09-14,0.3919
2016-09-15,0.3893
2016-09-16,0.3897
2016-09-17,0.3891
2016-09-18,0.393
2016-09-19,0.3902
2016-09-20,0.3888
2016-09-21,0.3772
2016-09-22,0.3757
2016-09-23,0.3826
2016-09-24,0.383
2016-09-25,0.3803
2016-09-26,0.3863
2016-09-27,0.3843
2016-09-28,0.3837
2016-09-29,0.3841
2016-09-30,0.3876
2016-10-01,0.3938
2016-10-02,0.3901
2016-10-03,0.3903
2016-10-04,0.3872
2016-10-05,0.389
2016-10-06,0.3884
2016-10-07,0.3942
2016-10-08,0.3952
2016-10-09,0.3929
2016-10-10,0.3936
2016-10-11,0.4158
2016-10-12,0.4089
2016-10-13,0.4075
2016-10-14,0.4109
2016-10-15,0.4086
2016-10-16,0.4134
2016-10-17,0.409
2016-10-18,0.4051
2016-10-19,0.3992
2016-10-20,0.398
2016-10-21,0.3995
2016-10-22,0.4206
2016-10-23,0.418
2016-10-24,0.4157
2016-10-25,0.4201
2016-10-26,0.4354
2016-10-27,0.4433
2016-10-28,0.4457
2016-10-29,0.4639
2016-10-30,0.4513
2016-10-31,0.4501
2016-11-01,0.4725
2016-11-02,0.4785
2016-11-03,0.4405
2016-11-04,0.4521
2016-11-05,0.4529
2016-11-06,0.4593
2016-11-07,0.4515
2016-11-08,0.4549
2016-11-09,0.4611
2016-11-10,0.4545
2016-11-11,0.4557
2016-11-12,0.4464
2016-11-13,0.446
2016-11-14,0.4471
2016-11-15,0.4516
2016-11-16,0.4716
2016-11-17,0.4658
2016-11-18,0.475
2016-11-19,0.4756
2016-11-20,0.4605
2016-11-21,0.4644
2016-11-22,0.4716
2016-11-23,0.4651
2016-11-24,0.4609
2016-11-25,0.4622
2016-11-26,0.4581
2016-11-27,0.4526
2016-11-28,0.4538
2016-11-29,0.4546
2016-11-30,0.4616
2016-12-01,0.4688
2016-12-02,0.4802
2016-12-03,0.472
2016-12-04,0.4718
2016-12-05,0.4617
2016-12-06,0.4658
2016-12-07,0.4692
2016-12-08,0.4701
2016-12-09,0.4725
2016-12-10,0.4741
2016-12-11,0.4703
2016-12-12,0.475
2016-12-13,0.4746
2016-12-14,0.4726
2016-12-15,0.4713
2016-12-16,0.4747
2016-12-17,0.479
2016-12-18,0.4789
2016-12-19,0.4782
2016-12-20,0.4833
2016-12-21,0.4989
2016-12-22,0.5141
2016-12-23,0.5408
2016-12-24,0.5275
2016-12-25,0.5292
2016-12-26,0.5318
2016-12-27,0.5416
2016-12-28,0.5638
2016-12-29,0.5587
2016-12-30,0.5516
2016-12-31,0.5544
2017-01-01,0.5656
2017-01-02,0.5718
2017-01-03,0.5759
2017-01-04,0.609
2017-01-05,0.553
2017-01-06,0.5004
2017-01-07,0.5062
2017-01-08,0.5105
2017-01-09,0.5051
2017-01-10,0.5062
2017-01-11,0.4345
2017-01-12,0.4478
2017-01-13,0.4605
2017-01-14,0.4562
2017-01-15,0.4589
2017-01-16,0.4628
2017-01-17,0.5057
2017-01-18,0.4915
2017-01-19,0.5025
2017-01-20,0.4982
2017-01-21,0.5132
2017-01-22,0.5113
2017-01-23,0.5089
2017-01-24,0.491
2017-01-25,0.4946
2017-01-26,0.5052
2017-01-27,0.5067
2017-01-28,0.5076
2017-01-29,0.5023
2017-01-30,0.5043
2017-01-31,0.5277
2017-02-01,0.5356
2017-02-02,0.5435
2017-02-03,0.5452
2017-02-04,0.5524
2017-02-05,0.5432
2017-02-06,0.546
2017-02-07,0.5573
2017-02-08,0.5557
2017-02-09,0.5239
2017-02-10,0.5292
2017-02-11,0.5356
2017-02-12,0.5327
2017-02-13,0.5289
2017-02-14,0.5338
2017-02-15,0.5342
2017-02-16,0.5435
2017-02-17,0.5512
2017-02-18,0.5513
2017-02-19,0.5498
2017-02-20,0.5612
2017-02-21,0.5751
2017-02-22,0.5732
2017-02-23,0.5921
2017-02-24,0.588
2017-02-25,0.5754
2017-02-26,0.5854
2017-02-27,0.5885
2017-02-28,0.5855
2017-03-01,0.597
2017-03-02,0.6056
2017-03-03,0.6111
2017-03-04,0.6038
2017-03-05,0.6051
2017-03-06,0.6052
2017-03-07,0.5891
2017-03-08,0.5595
2017-03-09,0.5739
2017-03-10,0.5376
2017-03-11,0.5673
2017-03-12,0.5855
2017-03-13,0.5852
2017-03-14,0.5865
2017-03-15,0.5886
2017-03-16,0.5596
2017-03-17,0.517
2017-03-18,0.4631
2017-03-19,0.4927
2017-03-20,0.5012
2017-03-21,0.5326
2017-03-22,0.4987
2017-03-23,0.4944
2017-03-24,0.4447
2017-03-25,0.4632
2017-03-26,0.4596
2017-03-27,0.4997
2017-03-28,0.4998
2017-03-29,0.4968
2017-03-30,0.4954
2017-03-31,0.5139
2017-04-01,0.5166
2017-04-02,0.5229
2017-04-03,0.5376
2017-04-04,0.5356
2017-04-05,0.5321
2017-04-06,0.5535
2017-04-07,0.5509
2017-04-08,0.5475
2017-04-09,0.5573
2017-04-10,0.5555
2017-04-11,0.5608
2017-04-12,0.5548
2017-04-13,0.5381
2017-04-14,0.5382
2017-04-15,0.5383
2017-04-16,0.5373
2017-04-17,0.5429
2017-04-18,0.5458
2017-04-19,0.5478
2017-04-20,0.5561
2017-04-21,0.5594
2017-04-22,0.5576
2017-04-23,0.5592
2017-04-24,0.5606
2017-04-25,0.567
2017-04-26,0.5712
2017-04-27,0.5851
2017-04-28,0.5835
2017-04-29,0.5854
2017-04-30,0.5912
2017-05-01,0.6041
2017-05-02,0.6089
2017-05-03,0.6208
2017-05-04,0.6223
2017-05-05,0.617
2017-05-06,0.6256
2017-05-07,0.6132
2017-05-08,0.6454
2017-05-09,0.6491
2017-05-10,0.6587
2017-05-11,0.6646
2017-05-12,0.6375
2017-05-13,0.651
2017-05-14,0.6528
2017-05-15,0.6397
2017-05-16,0.6422
2017-05-17,0.6493
2017-05-18,0.663
2017-05-19,0.6724
2017-05-20,0.6825
2017-05-21,0.6798
2017-05-22,0.68
2017-05-23,0.6995
2017-05-24,0.7139
2017-05-25,0.6967
2017-05-26,0.6882
2017-05-27,0.6522
2017-05-28,0.6785
2017-05-29,0.6847
2017-05-30,0.6662
2017-05-31,0.6818
2017-06-01,0.6915
2017-06-02,0.699
2017-06-03,0.7046
2017-06-04,0.6997
2017-06-05,0.7142
2017-06-06,0.7288
2017-06-07,0.7106
2017-06-08,0.7175
2017-06-09,0.715
2017-06-10,0.7225
2017-06-11,0.7253
2017-06-12,0.6902
2017-06-13,0.6915
2017-06-14,0.6575
2017-06-15,0.652
2017-06-16,0.6592
2017-06-17,0.6802
2017-06-18,0.6595
2017-06-19,0.6675
2017-06-20,0.6821
2017-06-21,0.6694
2017-06-22,0.6729
2017-06-23,0.6712
2017-06-24,0.6551
2017-06-25,0.6459
2017-06-26,0.6353
2017-06-27,0.6488
2017-06-28,0.6515
2017-06-29,0.6471
2017-06-30,0.6328
2017-07-01,0.6263
2017-07-02,0.6409
2017-07-03,0.6437
2017-07-04,0.6489
2017-07-05,0.6482
2017-07-06,0.6464
2017-07-07,0.6298
2017-07-08,0.6372
2017-07-09,0.6301
2017-07-10,0.6011
2017-07-11,0.6006
2017-07-12,0.6095
2017-07-13,0.6037
2017-07-14,0.5808
2017-07-15,0.5352
2017-07-16,0.5175
2017-07-17,0.5811
2017-07-18,0.5956
2017-07-19,0.5864
2017-07-20,0.6644
2017-07-21,0.6433
2017-07-22,0.6618
2017-07-23,0.6514
2017-07-24,0.65
2017-07-25,0.62
2017-07-26,0.6135
2017-07-27,0.6309
2017-07-28,0.6398
2017-07-29,0.6227
2017-07-30,0.6204
2017-07-31,0.6247
2017-08-01,0.602
2017-08-02,0.5929
2017-08-03,0.6026
2017-08-04,0.6043
2017-08-05,0.6436
2017-08-06,0.6355
2017-08-07,0.6451
2017-08-08,0.6425
2017-08-09,0.63
2017-08-10,0.6362
2017-08-11,0.6547
2017-08-12,0.6689
2017-08-13,0.6804
2017-08-14,0.6928
2017-08-15,0.679
2017-08-16,0.6903
2017-08-17,0.6819
2017-08-18,0.6639
2017-08-19,0.6641
2017-08-20,0.6539
2017-08-21,0.644
2017-08-22,0.6481
2017-08-23,0.6509
2017-08-24,0.6631
2017-08-25,0.663
2017-08-26,0.6603
2017-08-27,0.6588
2017-08-28,0.6591
2017-08-29,0.6709
2017-08-30,0.6674
2017-08-31,0.6739
2017-09-01,0.6818
2017-09-02,0.6575
2017-09-03,0.6581
2017-09-04,0.6366
2017-09-05,0.6412
2017-09-06,0.6506
2017-09-07,0.6486
2017-09-08,0.6249
2017-09-09,0.6234
2017-09-10,0.6152
2017-09-11,0.6101
2017-09-12,0.6049
2017-09-13,0.5777
2017-09-14,0.4988
2017-09-15,0.5581
2017-09-16,0.5587
2017-09-17,0.5585
2017-09-18,0.5966
2017-09-19,0.58
2017-09-20,0.5762
2017-09-21,0.544
2017-09-22,0.5437
2017-09-23,0.5619
2017-09-24,0.55
2017-09-25,0.5732
2017-09-26,0.5691
2017-09-27,0.5995
2017-09-28,0.596
2017-09-29,0.5918
2017-09-30,0.6066
2017-10-01,0.6097
2017-10-02,0.6081
2017-10-03,0.5996
2017-10-04,0.5903
2017-10-05,0.5972
2017-10-06,0.6002
2017-10-07,0.6057
2017-10-08,0.6176
2017-10-09,0.6282
2017-10-10,0.6229
2017-10-11,0.6272
2017-10-12,0.6637
2017-10-13,0.6722
2017-10-14,0.6797
2017-10-15,0.6722
2017-10-16,0.673
2017-10-17,0.661
2017-10-18,0.6589
2017-10-19,0.6632
2017-10-20,0.6772
2017-10-21,0.677
2017-10-22,0.672
2017-10-23,0.6598
2017-10-24,0.635
2017-10-25,0.6469
2017-10-26,0.6548
2017-10-27,0.6457
2017-10-28,0.6442
2017-10-29,0.6659
2017-10-30,0.6606
2017-10-31,0.6743
2017-11-01,0.6847
2017-11-02,0.694
2017-11-03,0.6969
2017-11-04,0.7037
2017-11-05,0.6988
2017-11-06,0.6804
2017-11-07,0.6836
2017-11-08,0.6949
2017-11-09,0.6776
2017-11-10,0.6514
2017-11-11,0.6344
2017-11-12,0.5951
2017-11-13,0.6332
2017-11-14,0.6351
2017-11-15,0.664
2017-11-16,0.6831
2017-11-17,0.6738
2017-11-18,0.674
2017-11-19,0.6802
2017-11-20,0.6859
2017-11-21,0.675
2017-11-22,0.6788
2017-11-23,0.6695
2017-11-24,0.6721
2017-11-25,0.6873
2017-11-26,0.7014
2017-11-27,0.7086
2017-11-28,0.7079
2017-11-29,0.6984
2017-11-30,0.7006
2017-12-01,0.7185
2017-12-02,0.7179
2017-12-03,0.7222
2017-12-04,0.7263
2017-12-05,0.7263
2017-12-06,0.7625
2017-12-07,0.788
2017-12-08,0.7699
2017-12-09,0.7478
2017-12-10,0.7505
2017-12-11,0.765
2017-12-12,0.7641
2017-12-13,0.7459
2017-12-14,0.7436
2017-12-15,0.7548
2017-12-16,0.7743
2017-12-17,0.7648
2017-12-18,0.7579
2017-12-19,0.7372
2017-12-20,0.7137
2017-12-21,0.6971
2017-12-22,0.6678
2017-12-23,0.6794
2017-12-24,0.6581
2017-12-25,0.6586
2017-12-26,0.6912
2017-12-27,0.6806
2017-12-28,0.6552
2017-12-29,0.66
2017-12-30,0.6157
2017-12-31,0.6412
2018-01-01,0.6288
2018-01-02,0.6582
2018-01-03,0.6622
2018-01-04,0.6603
2018-01-05,0.6934
2018-01-06,0.692
2018-01-07,0.6714
2018-01-08,0.6431
2018-01-09,0.6283
2018-01-10,0.6341
2018-01-11,0.5925
2018-01-12,0.609
2018-01-13,0.62
2018-01-14,0.6041
2018-01-15,0.6013
2018-01-16,0.5285
2018-01-17,0.5178
2018-01-18,0.5223
2018-01-19,0.5305
2018-01-20,0.5782
2018-01-21,0.5297
2018-01-22,0.5007
2018-01-23,0.5068
2018-01-24,0.5233
2018-01-25,0.5192
2018-01-26,0.5141
2018-01-27,0.5258
2018-01-28,0.5358
2018-01-29,0.5159
2018-01-30,0.4621
2018-01-31,0.4675
2018-02-01,0.4107
2018-02-02,0.3981
2018-02-03,0.4216
2018-02-04,0.3597
2018-02-05,0.2357
2018-02-06,0.3248
2018-02-07,0.3173
2018-02-08,0.3674
2018-02-09,0.3998
2018-02-10,0.3908
2018-02-11,0.3589
2018-02-12,0.4164
2018-02-13,0.3911
2018-02-14,0.4504
2018-02-15,0.4832
2018-02-16,0.4865
2018-02-17,0.5269
2018-02-18,0.4978
2018-02-19,0.5272
2018-02-20,0.53
2018-02-21,0.4945
2018-02-22,0.4583
2018-02-23,0.4725
2018-02-24,0.4473
2018-02-25,0.4426
2018-02-26,0.4803
2018-02-27,0.4961
2018-02-28,0.4786
2018-03-01,0.5068
2018-03-02,0.5101
2018-03-03,0.5271
2018-03-04,0.5277
2018-03-05,0.5293
2018-03-06,0.4917
2018-03-07,0.4527
2018-03-08,0.4202
2018-03-09,0.4202
2018-03-10,0.3889
2018-03-11,0.4349
2018-03-12,0.4129
2018-03-13,0.4142
2018-03-14,0.3493
2018-03-15,0.3538
2018-03-16,0.3629
2018-03-17,0.3239
2018-03-18,0.3495
2018-03-19,0.376
2018-03-20,0.4011
2018-03-21,0.4001
2018-03-22,0.389
2018-03-23,0.3933
2018-03-24,0.3819
2018-03-25,0.3702
2018-03-26,0.3509
2018-03-27,0.3242
2018-03-28,0.3333
2018-03-29,0.2587
2018-03-30,0.2312
2018-03-31,0.2417
2018-04-01,0.2296
2018-04-02,0.2552
2018-04-03,0.2945
2018-04-04,0.2296
2018-04-05,0.2326
2018-04-06,0.2124
2018-04-07,0.2444
2018-04-08,0.2579
2018-04-09,0.2292
2018-04-10,0.2392
2018-04-11,0.2533
2018-04-12,0.343
2018-04-13,0.3437
2018-04-14,0.3508
2018-04-15,0.3766
2018-04-16,0.3539
2018-04-17,0.3412
2018-04-18,0.3631
2018-04-19,0.3695
2018-04-20,0.4087
2018-04-21,0.4096
2018-04-22,0.4051
2018-04-23,0.4129
2018-04-24,0.4551
2018-04-25,0.4064
2018-04-26,0.4309
2018-04-27,0.4132
2018-04-28,0.4353
2018-04-29,0.4384
2018-04-30,0.4277
2018-05-01,0.4177
2018-05-02,0.4248
2018-05-03,0.4562
2018-05-04,0.4525
2018-05-05,0.4577
2018-05-06,0.4462
2018-05-07,0.4311
2018-05-08,0.4233
2018-05-09,0.4277
2018-05-10,0.4114
2018-05-11,0.3691
2018-05-12,0.374
2018-05-13,0.3891
2018-05-14,0.3841
2018-05-15,0.3709
2018-05-16,0.3595
2018-05-17,0.3352
2018-05-18,0.3503
2018-05-19,0.3499
2018-05-20,0.3712
2018-05-21,0.3626
2018-05-22,0.3321
2018-05-23,0.2898
2018-05-24,0.2949
2018-05-25,0.2814
2018-05-26,0.272
2018-05-27,0.2735
2018-05-28,0.2515
2018-05-29,0.2862
2018-05-30,0.2788
2018-05-31,0.2892
2018-06-01,0.2934
2018-06-02,0.3043
2018-06-03,0.31
2018-06-04,0.2905
2018-06-05,0.3025
2018-06-06,0.3062
2018-06-07,0.3077
2018-06-08,0.3042
2018-06-09,0.2983
2018-06-10,0.216
2018-06-11,0.2293
2018-06-12,0.1926
2018-06-13,0.1673
2018-06-14,0.2084
2018-06-15,0.181
2018-06-16,0.1933
2018-06-17,0.1881
2018-06-18,0.2191
2018-06-19,0.2228
2018-06-20,0.2255
2018-06-21,0.2216
2018-06-22,0.1388
2018-06-23,0.1553
2018-06-24,0.1523
2018-06-25,0.166
2018-06-26,0.1466
2018-06-27,0.1597
2018-06-28,0.1211
2018-06-29,0.1724
2018-06-30,0.1926
2018-07-01,0.1926
2018-07-02,0.2226
2018-07-03,0.21
2018-07-04,0.2196
2018-07-05,0.2146
2018-07-06,0.2228
2018-07-07,0.2388
2018-07-08,0.2359
2018-07-09,0.2314
2018-07-10,0.189
2018-07-11,0.1984
2018-07-12,0.171
2018-07-13,0.1785
2018-07-14,0.1848
2018-07-15,0.1967
2018-07-16,0.2399
2018-07-17,0.3022
2018-07-18,0.3072
2018-07-19,0.3152
2018-07-20,0.302
2018-07-21,0.3096
2018-07-22,0.3084
2018-07-23,0.3361
2018-07-24,0.3887
2018-07-25,0.3736
2018-07-26,0.3508
2018-07-27,0.3709
2018-07-28,0.3718
2018-07-29,0.3743
2018-07-30,0.3696
2018-07-31,0.3333
2018-08-01,0.3223
2018-08-02,0.3176
2018-08-03,0.306
2018-08-04,0.2663
2018-08-05,0.2695
2018-08-06,0.2595
2018-08-07,0.2374
2018-08-08,0.1834
2018-08-09,0.2204
2018-08-10,0.1677
2018-08-11,0.1917
2018-08-12,0.1921
2018-08-13,0.1861
2018-08-14,0.1767
2018-08-15,0.1888
2018-08-16,0.1916
2018-08-17,0.2248
2018-08-18,0.2052
2018-08-19,0.2161
2018-08-20,0.1893
2018-08-21,0.2143
2018-08-22,0.201
2018-08-23,0.2194
2018-08-24,0.2403
2018-08-25,0.2452
2018-08-26,0.2386
2018-08-27,0.2546
2018-08-28,0.2805
2018-08-29,0.2736
2018-08-30,0.2666
2018-08-31,0.2727
2018-09-01,0.2893
2018-09-02,0.2983
2018-09-03,0.2954
2018-09-04,0.3048
2018-09-05,0.2476
2018-09-06,0.2135
2018-09-07,0.2043
2018-09-08,0.1765
2018-09-09,0.1849
2018-09-10,0.1913
2018-09-11,0.1899
2018-09-12,0.1967
2018-09-13,0.2179
2018-09-14,0.2184
2018-09-15,0.222
2018-09-16,0.2189
2018-09-17,0.1895
2018-09-18,0.2002
2018-09-19,0.2058
2018-09-20,0.22
2018-09-21,0.249
2018-09-22,0.2451
2018-09-23,0.2448
2018-09-24,0.2304
2018-09-25,0.2123
2018-09-26,0.2181
2018-09-27,0.243
2018-09-28,0.2367
2018-09-29,0.2325
2018-09-30,0.2349
2018-10-01,0.2304
2018-10-02,0.2245
2018-10-03,0.2196
2018-10-04,0.2294
2018-10-05,0.234
2018-10-06,0.2301
2018-10-07,0.2318
2018-10-08,0.2364
2018-10-09,0.2349
2018-10-10,0.2278
2018-10-11,0.1853
2018-10-12,0.1899
2018-10-13,0.1909
2018-10-14,0.1893
2018-10-15,0.222
2018-10-16,0.2247
2018-10-17,0.2228
2018-10-18,0.2175
2018-10-19,0.2157
2018-10-20,0.2226
2018-10-21,0.2236
2018-10-22,0.2229
2018-10-23,0.2217
2018-10-24,0.2241
2018-10-25,0.223
2018-10-26,0.224
2018-10-27,0.2247
2018-10-28,0.2244
2018-10-29,0.207
2018-10-30,0.2084
2018-10-31,0.2131
2018-11-01,0.218
2018-11-02,0.2187
2018-11-03,0.2169
2018-11-04,0.2276
2018-11-05,0.2255
2018-11-06,0.2302
2018-11-07,0.2371
2018-11-08,0.226
2018-11-09,0.2168
2018-11-10,0.2196
2018-11-11,0.2174
2018-11-12,0.2157
2018-11-13,0.2095
2018-11-14,0.1131
2018-11-15,0.1138
2018-11-16,0.1082
2018-11-17,0.1095
2018-11-18,0.1184
2018-11-19,-0.0177
2018-11-20,-0.1203
2018-11-21,-0.0615
2018-11-22,-0.1197
2018-11-23,-0.1213
2018-11-24,-0.2608
2018-11-25,-0.2128
2018-11-26,-0.2893
2018-11-27,-0.2594
2018-11-28,-0.1293
2018-11-29,-0.1219
2018-11-30,-0.1942
2018-12-01,-0.1449
2018-12-02,-0.1578
2018-12-03,-0.2382
2018-12-04,-0.2295
2018-12-05,-0.2743
2018-12-06,-0.3362
2018-12-07,-0.3869
2018-12-08,-0.3716
2018-12-09,-0.3197
2018-12-10,-0.3661
2018-12-11,-0.3845
2018-12-12,-0.3542
2018-12-13,-0.4195
2018-12-14,-0.4435
2018-12-15,-0.4483
2018-12-16,-0.4422
2018-12-17,-0.3163
2018-12-18,-0.2555
2018-12-19,-0.2411
2018-12-20,-0.1285
2018-12-21,-0.1938
2018-12-22,-0.1558
2018-12-23,-0.1616
2018-12-24,-0.133
2018-12-25,-0.2156
2018-12-26,-0.2004
2018-12-27,-0.273
2018-12-28,-0.173
2018-12-29,-0.19
2018-12-30,-0.1883
2018-12-31,-0.2313
2019-01-01,-0.1917
2019-01-02,-0.164
2019-01-03,-0.1978
2019-01-04,-0.1838
2019-01-05,-0.1925
2019-01-06,-0.1192
2019-01-07,-0.131
2019-01-08,-0.1328
2019-01-09,-0.1294
2019-01-10,-0.2349
2019-01-11,-0.2349
2019-01-12,-0.2368
2019-01-13,-0.2742
2019-01-14,-0.2188
2019-01-15,-0.2486
2019-01-16,-0.2393
2019-01-17,-0.2272
2019-01-18,-0.237
2019-01-19,-0.2104
2019-01-20,-0.2607
2019-01-21,-0.2611
2019-01-22,-0.2438
2019-01-23,-0.252
2019-01-24,-0.246
2019-01-25,-0.2473
2019-01-26,-0.2482
2019-01-27,-0.2544
2019-01-28,-0.2899
2019-01-29,-0.3036
2019-01-30,-0.2862
2019-01-31,-0.2958
2019-02-01,-0.2818
2019-02-02,-0.2751
2019-02-03,-0.2929
2019-02-04,-0.2922
2019-02-05,-0.2859
2019-02-06,-0.307
2019-02-07,-0.3093
2019-02-08,-0.2171
2019-02-09,-0.2141
2019-02-10,-0.207
2019-02-11,-0.2237
2019-02-12,-0.2239
2019-02-13,-0.2252
2019-02-14,-0.2296
2019-02-15,-0.228
2019-02-16,-0.2202
2019-02-17,-0.207
2019-02-18,-0.131
2019-02-19,-0.1219
2019-02-20,-0.1125
2019-02-21,-0.123
2019-02-22,-0.107
2019-02-23,-0.063
2019-02-24,-0.1629
2019-02-25,-0.1415
2019-02-26,-0.149
2019-02-27,-0.1476
2019-02-28,-0.149
2019-03-01,-0.1434
2019-03-02,-0.1434
2019-03-03,-0.1514
2019-03-04,-0.1764
2019-03-05,-0.133
2019-03-06,-0.1292
2019-03-07,-0.1279
2019-03-08,-0.1323
2019-03-09,-0.1117
2019-03-10,-0.1133
2019-03-11,-0.1278
2019-03-12,-0.1251
2019-03-13,-0.1269
2019-03-14,-0.126
2019-03-15,-0.112
2019-03-16,-0.0869
2019-03-17,-0.0931
2019-03-18,-0.0922
2019-03-19,-0.085
2019-03-20,-0.0756
2019-03-21,-0.0899
2019-03-22,-0.0876
2019-03-23,-0.088
2019-03-24,-0.0909
2019-03-25,-0.1077
2019-03-26,-0.1046
2019-03-27,-0.0748
2019-03-28,-0.079
2019-03-29,-0.0589
2019-03-30,-0.0582
2019-03-31,-0.0566
2019-04-01,-0.0454
2019-04-02,0.1142
2019-04-03,0.1232
2019-04-04,0.1138
2019-04-05,0.1351
2019-04-06,0.1368
2019-04-07,0.1605
2019-04-08,0.1748
2019-04-09,0.1604
2019-04-10,0.178
2019-04-11,0.1357
2019-04-12,0.1407
2019-04-13,0.1391
2019-04-14,0.1535
2019-04-15,0.1346
2019-04-16,0.1612
2019-04-17,0.164
2019-04-18,0.172
2019-04-19,0.1716
2019-04-20,0.1752
2019-04-21,0.1724
2019-04-22,0.1856
2019-04-23,0.2084
2019-04-24,0.1928
2019-04-25,0.1455
2019-04-26,0.1502
2019-04-27,0.1555
2019-04-28,0.15
2019-04-29,0.1504
2019-04-30,0.169
2019-05-01,0.179
2019-05-02,0.1907
2019-05-03,0.2279
2019-05-04,0.243
2019-05-05,0.2364
2019-05-06,0.2304
2019-05-07,0.2474
2019-05-08,0.26
2019-05-09,0.2853
2019-05-10,0.3078
2019-05-11,0.3955
2019-05-12,0.3613
2019-05-13,0.4278
2019-05-14,0.4355
2019-05-15,0.4495
2019-05-16,0.4213
2019-05-17,0.3792
2019-05-18,0.3748
2019-05-19,0.4451
2019-05-20,0.4277
2019-05-21,0.4269
2019-05-22,0.4031
2019-05-23,0.4195
2019-05-24,0.425
2019-05-25,0.4296
2019-05-26,0.472
2019-05-27,0.4757
2019-05-28,0.4684
2019-05-29,0.4567
2019-05-30,0.4311
2019-05-31,0.449
2019-06-01,0.4483
2019-06-02,0.4596
2019-06-03,0.421
2019-06-04,0.3851
2019-06-05,0.3962
2019-06-06,0.3944
2019-06-07,0.4124
2019-06-08,0.406
2019-06-09,0.3821
2019-06-10,0.4087
2019-06-11,0.403
2019-06-12,0.4186
2019-06-13,0.4241
2019-06-14,0.4533
2019-06-15,0.462
2019-06-16,0.4706
2019-06-17,0.4875
2019-06-18,0.4702
2019-06-19,0.4823
2019-06-20,0.4952
2019-06-21,0.5202
2019-06-22,0.5448
2019-06-23,0.5483
2019-06-24,0.555
2019-06-25,0.5798
2019-06-26,0.6112
2019-06-27,0.5486
2019-06-28,0.5904
2019-06-29,0.5751
2019-06-30,0.5306
2019-07-01,0.5182
2019-07-02,0.5261
2019-07-03,0.5711
2019-07-04,0.5401
2019-07-05,0.5324
2019-07-06,0.5407
2019-07-07,0.5501
2019-07-08,0.5797
2019-07-09,0.5866
2019-07-10,0.5677
2019-07-11,0.5364
2019-07-12,0.5553
2019-07-13,0.5368
2019-07-14,0.4895
2019-07-15,0.5189
2019-07-16,0.4458
2019-07-17,0.4566
2019-07-18,0.5057
2019-07-19,0.498
2019-07-20,0.5127
2019-07-21,0.4995
2019-07-22,0.4864
2019-07-23,0.4632
2019-07-24,0.4573
2019-07-25,0.4629
2019-07-26,0.4593
2019-07-27,0.4371
2019-07-28,0.4419
2019-07-29,0.4302
2019-07-30,0.435
2019-07-31,0.4609
2019-08-01,0.4779
2019-08-02,0.4837
2019-08-03,0.4966
2019-08-04,0.5041
2019-08-05,0.5353
2019-08-06,0.5187
2019-08-07,0.539
2019-08-08,0.5364
2019-08-09,0.5327
2019-08-10,0.5096
2019-08-11,0.5187
2019-08-12,0.5121
2019-08-13,0.4883
2019-08-14,0.445
2019-08-15,0.4603
2019-08-16,0.4633
2019-08-17,0.4546
2019-08-18,0.461
2019-08-19,0.4879
2019-08-20,0.4818
2019-08-21,0.4474
2019-08-22,0.4487
2019-08-23,0.462
2019-08-24,0.4478
2019-08-25,0.4451
2019-08-26,0.4587
2019-08-27,0.448
2019-08-28,0.423
2019-08-29,0.4087
2019-08-30,0.4146
2019-08-31,0.4163
2019-09-01,0.4254
2019-09-02,0.4587
2019-09-03,0.4702
2019-09-04,0.4677
2019-09-05,0.4673
2019-09-06,0.4502
2019-09-07,0.4584
2019-09-08,0.4536
2019-09-09,0.4495
2019-09-10,0.4361
2019-09-11,0.4375
2019-09-12,0.4512
2019-09-13,0.4478
2019-09-14,0.4486
2019-09-15,0.4454
2019-09-16,0.4427
2019-09-17,0.4391
2019-09-18,0.4365
2019-09-19,0.4422
2019-09-20,0.4367
2019-09-21,0.4263
2019-09-22,0.4297
2019-09-23,0.4091
2019-09-24,0.3367
2019-09-25,0.3233
2019-09-26,0.298
2019-09-27,0.3062
2019-09-28,0.3079
2019-09-29,0.2964
2019-09-30,0.315
2019-10-01,0.3183
2019-10-02,0.3223
2019-10-03,0.3138
2019-10-04,0.3066
2019-10-05,0.3046
2019-10-06,0.2795
2019-10-07,0.312
2019-10-08,0.309
2019-10-09,0.3416
2019-10-10,0.34
2019-10-11,0.3174
2019-10-12,0.3201
2019-10-13,0.3176
2019-10-14,0.319
2019-10-15,0.3041
2019-10-16,0.2909
2019-10-17,0.2971
2019-10-18,0.2874
2019-10-19,0.2865
2019-10-20,0.3094
2019-10-21,0.3095
2019-10-22,0.2941
2019-10-23,0.2416
2019-10-24,0.2427
2019-10-25,0.3465
2019-10-26,0.3867
2019-10-27,0.4059
2019-10-28,0.3897
2019-10-29,0.396
2019-10-30,0.3796
2019-10-31,0.3775
2019-11-01,0.383
2019-11-02,0.386
2019-11-03,0.38
2019-11-04,0.3934
2019-11-05,0.3893
2019-11-06,0.3908
2019-11-07,0.3811
2019-11-08,0.3521
2019-11-09,0.3536
2019-11-10,0.37
2019-11-11,0.3463
2019-11-12,0.3518
2019-11-13,0.349
2019-11-14,0.34
2019-11-15,0.3262
2019-11-16,0.3272
2019-11-17,0.3294
2019-11-18,0.3035
2019-11-19,0.2981
2019-11-20,0.295
2019-11-21,0.2532
2019-11-22,0.2208
2019-11-23,0.2268
2019-11-24,0.1846
2019-11-25,0.2077
2019-11-26,0.2116
2019-11-27,0.2498
2019-11-28,0.2409
2019-11-29,0.2714
2019-11-30,0.2534
2019-12-01,0.2397
2019-12-02,0.23
2019-12-03,0.2294
2019-12-04,0.2203
2019-12-05,0.2404
2019-12-06,0.2538
2019-12-07,0.2517
2019-12-08,0.2534
2019-12-09,0.2345
2019-12-10,0.2235
2019-12-11,0.2205
2019-12-12,0.2201
2019-12-13,0.2258
2019-12-14,0.207
2019-12-15,0.2115
2019-12-16,0.1859
2019-12-17,0.1534
2019-12-18,0.2325
2019-12-19,0.2178
2019-12-20,0.2218
2019-12-21,0.2171
2019-12-22,0.2525
2019-12-23,0.2365
2019-12-24,0.2274
2019-12-25,0.2239
2019-12-26,0.2245
2019-12-27,0.2292
2019-12-28,0.2366
2019-12-29,0.2462
2019-12-30,0.2293
2019-12-31,0.2229
2020-01-01,0.2233
2020-01-02,0.1984
2020-01-03,0.2386
2020-01-04,0.2416
2020-01-05,0.2418
2020-01-06,0.2823
2020-01-07,0.3145
2020-01-08,0.3076
2020-01-09,0.2858
2020-01-10,0.3128
2020-01-11,0.3044
2020-01-12,0.3155
2020-01-13,0.3117
2020-01-14,0.3649
2020-01-15,0.3625
2020-01-16,0.3552
2020-01-17,0.3686
2020-01-18,0.3694
2020-01-19,0.352
2020-01-20,0.3482
2020-01-21,0.355
2020-01-22,0.3487
2020-01-23,0.3268
2020-01-24,0.3311
2020-01-25,0.3247
2020-01-26,0.3425
2020-01-27,0.3663
2020-01-28,0.3924
2020-01-29,0.3922
2020-01-30,0.4037
2020-01-31,0.393
2020-02-01,0.3943
2020-02-02,0.3916
2020-02-03,0.3872
2020-02-04,0.3792
2020-02-05,0.4086
2020-02-06,0.4137
2020-02-07,0.4151
2020-02-08,0.4208
2020-02-09,0.4339
2020-02-10,0.4164
2020-02-11,0.438
2020-02-12,0.442
2020-02-13,0.4346
2020-02-14,0.4408
2020-02-15,0.4155
2020-02-16,0.4176
2020-02-17,0.4014
2020-02-18,0.43
2020-02-19,0.3968
2020-02-20,0.3955
2020-02-21,0.4008
2020-02-22,0.399
2020-02-23,0.4165
2020-02-24,0.3967
2020-02-25,0.3764
2020-02-26,0.3384
2020-02-27,0.3373
2020-02-28,0.3353
2020-02-29,0.3224
2020-03-01,0.3194
2020-03-02,0.3469
2020-03-03,0.3364
2020-03-04,0.3371
2020-03-05,0.3593
2020-03-06,0.365
2020-03-07,0.3473
2020-03-08,0.2843
2020-03-09,0.2663
2020-03-10,0.2683
2020-03-11,0.2729
2020-03-12,-0.1396
2020-03-13,0.0023
2020-03-14,-0.0876
2020-03-15,-0.0431
2020-03-16,-0.1104
2020-03-17,-0.026
2020-03-18,-0.0299
2020-03-19,0.104
2020-03-20,0.1013
2020-03-21,0.1017
2020-03-22,0.0487
2020-03-23,0.1446
2020-03-24,0.1797
2020-03-25,0.1695
2020-03-26,0.1772
2020-03-27,0.1444
2020-03-28,0.1093
2020-03-29,0.0609
2020-03-30,0.1388
2020-03-31,0.1386
2020-04-01,0.1683
2020-04-02,0.1865
2020-04-03,0.1817
2020-04-04,0.1945
2020-04-05,0.1863
2020-04-06,0.2417
2020-04-07,0.2303
2020-04-08,0.2491
2020-04-09,0.2415
2020-04-10,0.1961
2020-04-11,0.1989
2020-04-12,0.2098
2020-04-13,0.1968
2020-04-14,0.1983
2020-04-15,0.1684
2020-04-16,0.2268
2020-04-17,0.2217
2020-04-18,0.2409
2020-04-19,0.229
2020-04-20,0.1961
2020-04-21,0.1983
2020-04-22,0.2266
2020-04-23,0.2636
2020-04-24,0.2649
2020-04-25,0.2678
2020-04-26,0.2815
2020-04-27,0.2887
2020-04-28,0.2878
2020-04-29,0.3636
2020-04-30,0.3539
2020-05-01,0.3677
2020-05-02,0.3757
2020-05-03,0.3696
2020-05-04,0.3681
2020-05-05,0.3748
2020-05-06,0.3924
2020-05-07,0.4326
2020-05-08,0.4236
2020-05-09,0.4066
2020-05-10,0.3483
2020-05-11,0.3396
2020-05-12,0.3565
2020-05-13,0.3903
2020-05-14,0.4191
2020-05-15,0.3894
2020-05-16,0.3937
2020-05-17,0.4113
2020-05-18,0.4128
2020-05-19,0.4136
2020-05-20,0.3988
2020-05-21,0.3695
2020-05-22,0.3759
2020-05-23,0.3772
2020-05-24,0.3507
2020-05-25,0.3586
2020-05-26,0.3533
2020-05-27,0.3764
2020-05-28,0.402
2020-05-29,0.3931
2020-05-30,0.409
2020-05-31,0.3929
2020-06-01,0.4365
2020-06-02,0.396
2020-06-03,0.4037
2020-06-04,0.4135
2020-06-05,0.403
2020-06-06,0.4044
2020-06-07,0.409
2020-06-08,0.4093
2020-06-09,0.4095
2020-06-10,0.4156
2020-06-11,0.3775
2020-06-12,0.3891
2020-06-13,0.3893
2020-06-14,0.3815
2020-06-15,0.3877
2020-06-16,0.3925
2020-06-17,0.3878
2020-06-18,0.3825
2020-06-19,0.3756
2020-06-20,0.3802
2020-06-21,0.3752
2020-06-22,0.4005
2020-06-23,0.3956
2020-06-24,0.3752
2020-06-25,0.3722
2020-06-26,0.3646
2020-06-27,0.3535
2020-06-28,0.361
2020-06-29,0.3661
2020-06-30,0.363
2020-07-01,0.3696
2020-07-02,0.3594
2020-07-03,0.3574
2020-07-04,0.3615
2020-07-05,0.3582
2020-07-06,0.3757
2020-07-07,0.3698
2020-07-08,0.381
2020-07-09,0.3673
2020-07-10,0.3708
2020-07-11,0.3675
2020-07-12,0.3709
2020-07-13,0.3673
2020-07-14,0.3686
2020-07-15,0.364
2020-07-16,0.3595
2020-07-17,0.3612
2020-07-18,0.3625
2020-07-19,0.3653
2020-07-20,0.3617
2020-07-21,0.3764
2020-07-22,0.3853
2020-07-23,0.3898
2020-07-24,0.3856
2020-07-25,0.3951
2020-07-26,0.4087
2020-07-27,0.4659
2020-07-28,0.4593
2020-07-29,0.4666
2020-07-30,0.4666
2020-07-31,0.4751
2020-08-01,0.4947
2020-08-02,0.4624
2020-08-03,0.4674
2020-08-04,0.4654
2020-08-05,0.4875
2020-08-06,0.4876
2020-08-07,0.4785
2020-08-08,0.4839
2020-08-09,0.4804
2020-08-10,0.488
2020-08-11,0.4658
2020-08-12,0.4736
2020-08-13,0.4817
2020-08-14,0.4809
2020-08-15,0.4845
2020-08-16,0.4855
2020-08-17,0.5011
2020-08-18,0.4872
2020-08-19,0.4758
2020-08-20,0.481
2020-08-21,0.4651
2020-08-22,0.4721
2020-08-23,0.4712
2020-08-24,0.4754
2020-08-25,0.4561
2020-08-26,0.4611
2020-08-27,0.4534
2020-08-28,0.4629
2020-08-29,0.4611
2020-08-30,0.4702
2020-08-31,0.4686
2020-09-01,0.4804
2020-09-02,0.455
2020-09-03,0.3947
2020-09-04,0.4067
2020-09-05,0.387
2020-09-06,0.3945
2020-09-07,0.4012
2020-09-08,0.3861
2020-09-09,0.393
2020-09-10,0.3995
2020-09-11,0.4026
2020-09-12,0.4054
2020-09-13,0.3988
2020-09-14,0.4177
2020-09-15,0.4236
2020-09-16,0.4328
2020-09-17,0.4307
2020-09-18,0.4295
2020-09-19,0.4369
2020-09-20,0.4288
2020-09-21,0.4037
2020-09-22,0.4068
2020-09-23,0.3905
2020-09-24,0.4188
2020-09-25,0.4154
2020-09-26,0.4184
2020-09-27,0.4192
2020-09-28,0.4173
2020-09-29,0.4224
2020-09-30,0.4186
2020-10-01,0.4095
2020-10-02,0.4074
2020-10-03,0.4066
2020-10-04,0.4125
2020-10-05,0.418
2020-10-06,0.4083
2020-10-07,0.4119
2020-10-08,0.4241
2020-10-09,0.4324
2020-10-10,0.4435
2020-10-11,0.4468
2020-10-12,0.4544
2020-10-13,0.4486
2020-10-14,0.4471
2020-10-15,0.4507
2020-10-16,0.4426
2020-10-17,0.4436
2020-10-18,0.4495
2020-10-19,0.4599
2020-10-20,0.4672
2020-10-21,0.5033
2020-10-22,0.505
2020-10-23,0.5021
2020-10-24,0.5072
2020-10-25,0.5039
2020-10-26,0.5048
2020-10-27,0.5246
2020-10-28,0.5099
2020-10-29,0.5154
2020-10-30,0.5193
2020-10-31,0.5255
2020-11-01,0.5223
2020-11-02,0.5159
2020-11-03,0.5227
2020-11-04,0.5257
2020-11-05,0.5666
2020-11-06,0.5651
2020-11-07,0.5428
2020-11-08,0.5594
2020-11-09,0.5531
2020-11-10,0.552
2020-11-11,0.5625
2020-11-12,0.5756
2020-11-13,0.5753
2020-11-14,0.5686
2020-11-15,0.565
2020-11-16,0.5833
2020-11-17,0.6028
2020-11-18,0.6016
2020-11-19,0.6007
2020-11-20,0.6148
2020-11-21,0.6139
2020-11-22,0.6084
2020-11-23,0.6044
2020-11-24,0.618
2020-11-25,0.6087
2020-11-26,0.5702
2020-11-27,0.5689
2020-11-28,0.5839
2020-11-29,0.5933
2020-11-30,0.6208
2020-12-01,0.6021
2020-12-02,0.6081
2020-12-03,0.6116
2020-12-04,0.5955
2020-12-05,0.603
2020-12-06,0.6074
2020-12-07,0.6028
2020-12-08,0.5839
2020-12-09,0.5872
2020-12-10,0.5802
2020-12-11,0.5741
2020-12-12,0.5899
2020-12-13,0.5942
2020-12-14,0.5958
2020-12-15,0.5974
2020-12-16,0.6302
2020-12-17,0.6478
2020-12-18,0.6457
2020-12-19,0.656
2020-12-20,0.6492
2020-12-21,0.6386
2020-12-22,0.6468
2020-12-23,0.6366
2020-12-24,0.6394
2020-12-25,0.6525
2020-12-26,0.674
2020-12-27,0.6704
2020-12-28,0.6703
2020-12-29,0.6674
2020-12-30,0.6824
2020-12-31,0.6816
2021-01-01,0.6821
2021-01-02,0.7025
2021-01-03,0.7088
2021-01-04,0.6913
2021-01-05,0.7066
2021-01-06,0.7223
2021-01-07,0.7328
2021-01-08,0.7361
2021-01-09,0.7289
2021-01-10,0.7123
2021-01-11,0.6853
2021-01-12,0.6694
2021-01-13,0.6987
2021-01-14,0.7093
2021-01-15,0.6891
2021-01-16,0.6835
2021-01-17,0.6817
2021-01-18,0.6843
2021-01-19,0.6803
2021-01-20,0.6728
2021-01-21,0.6257
2021-01-22,0.6474
2021-01-23,0.6365
2021-01-24,0.6382
2021-01-25,0.6399
2021-01-26,0.6418
2021-01-27,0.613
2021-01-28,0.6473
2021-01-29,0.6517
2021-01-30,0.6526
2021-01-31,0.639
2021-02-01,0.6427
2021-02-02,0.6613
2021-02-03,0.6776
2021-02-04,0.6717
2021-02-05,0.6768
2021-02-06,0.686
2021-02-07,0.6817
2021-02-08,0.7266
2021-02-09,0.7236
2021-02-10,0.7116
2021-02-11,0.7257
2021-02-12,0.7207
2021-02-13,0.7181
2021-02-14,0.7264
2021-02-15,0.7192
2021-02-16,0.7232
2021-02-17,0.7364
2021-02-18,0.7304
2021-02-19,0.7442
2021-02-20,0.7421
2021-02-21,0.7474
2021-02-22,0.7288
2021-02-23,0.696
2021-02-24,0.6997
2021-02-25,0.6852
2021-02-26,0.6738
2021-02-27,0.6716
2021-02-28,0.6676
2021-03-01,0.6942
2021-03-02,0.6846
2021-03-03,0.6982
2021-03-04,0.6837
2021-03-05,0.6846
2021-03-06,0.6851
2021-03-07,0.6975
2021-03-08,0.7015
2021-03-09,0.7142
2021-03-10,0.7193
2021-03-11,0.7247
2021-03-12,0.7199
2021-03-13,0.7361
2021-03-14,0.7286
2021-03-15,0.7091
2021-03-16,0.7095
2021-03-17,0.7186
2021-03-18,0.7132
2021-03-19,0.7146
2021-03-20,0.7141
2021-03-21,0.7093
2021-03-22,0.6924
2021-03-23,0.691
2021-03-24,0.6785
2021-03-25,0.6706
2021-03-26,0.6884
2021-03-27,0.6941
2021-03-28,0.6918
2021-03-29,0.7004
2021-03-30,0.7044
2021-03-31,0.7038
2021-04-01,0.702
2021-04-02,0.7019
2021-04-03,0.6925
2021-04-04,0.6968
2021-04-05,0.6988
2021-04-06,0.6903
2021-04-07,0.6797
2021-04-08,0.6881
2021-04-09,0.6878
2021-04-10,0.6947
2021-04-11,0.6955
2021-04-12,0.694
2021-04-13,0.7088
2021-04-14,0.7038
2021-04-15,0.7036
2021-04-16,0.6948
2021-04-17,0.6875
2021-04-18,0.6621
2021-04-19,0.6582
2021-04-20,0.6616
2021-04-21,0.6462
2021-04-22,0.6309
2021-04-23,0.6239
2021-04-24,0.6182
2021-04-25,0.6078
2021-04-26,0.6428
2021-04-27,0.6482
2021-04-28,0.646
2021-04-29,0.6367
2021-04-30,0.6611
2021-05-01,0.6613
2021-05-02,0.6531
2021-05-03,0.6563
2021-05-04,0.6333
2021-05-05,0.6553
2021-05-06,0.6486
2021-05-07,0.6515
2021-05-08,0.6592
2021-05-09,0.6557
2021-05-10,0.6406
2021-05-11,0.6445
2021-05-12,0.6045
2021-05-13,0.5917
2021-05-14,0.5967
2021-05-15,0.5715
2021-05-16,0.5621
2021-05-17,0.538
2021-05-18,0.5309
2021-05-19,0.4706
2021-05-20,0.5127
2021-05-21,0.4665
2021-05-22,0.4741
2021-05-23,0.4315
2021-05-24,0.4868
2021-05-25,0.4827
2021-05-26,0.4947
2021-05-27,0.4862
2021-05-28,0.4453
2021-05-29,0.4312
2021-05-30,0.4462
2021-05-31,0.4707
2021-06-01,0.4609
2021-06-02,0.4751
2021-06-03,0.4947
2021-06-04,0.4643
2021-06-05,0.4425
2021-06-06,0.4476
2021-06-07,0.4161
2021-06-08,0.4132
2021-06-09,0.473
2021-06-10,0.4656
2021-06-11,0.4705
2021-06-12,0.4483
2021-06-13,0.494
2021-06-14,0.5122
2021-06-15,0.5093
2021-06-16,0.484
2021-06-17,0.4812
2021-06-18,0.4714
2021-06-19,0.446
2021-06-20,0.4343
2021-06-21,0.3975
2021-06-22,0.4039
2021-06-23,0.4165
2021-06-24,0.4378
2021-06-25,0.3979
2021-06-26,0.3806
2021-06-27,0.4049
2021-06-28,0.435
2021-06-29,0.4626
2021-06-30,0.4386
2021-07-01,0.4196
2021-07-02,0.4273
2021-07-03,0.4427
2021-07-04,0.4525
2021-07-05,0.4294
2021-07-06,0.4301
2021-07-07,0.4423
2021-07-08,0.4111
2021-07-09,0.4299
2021-07-10,0.4201
2021-07-11,0.4287
2021-07-12,0.4109
2021-07-13,0.4079
2021-07-14,0.4113
2021-07-15,0.3924
2021-07-16,0.3873
2021-07-17,0.3867
2021-07-18,0.3888
2021-07-19,0.3725
2021-07-20,0.3533
2021-07-21,0.393
2021-07-22,0.4014
2021-07-23,0.4228
2021-07-24,0.4349
2021-07-25,0.4501
2021-07-26,0.4819
2021-07-27,0.4864
2021-07-28,0.5091
2021-07-29,0.4998
2021-07-30,0.5128
2021-07-31,0.5234
2021-08-01,0.5179
2021-08-02,0.4931
2021-08-03,0.4799
2021-08-04,0.4981
2021-08-05,0.5123
2021-08-06,0.5318
2021-08-07,0.5446
2021-08-08,0.5434
2021-08-09,0.5659
2021-08-10,0.5578
2021-08-11,0.5591
2021-08-12,0.5465
2021-08-13,0.5767
2021-08-14,0.5662
2021-08-15,0.5667
2021-08-16,0.5599
2021-08-17,0.5495
2021-08-18,0.5446
2021-08-19,0.5632
2021-08-20,0.5808
2021-08-21,0.5839
2021-08-22,0.5779
2021-08-23,0.5861
2021-08-24,0.5762
2021-08-25,0.5775
2021-08-26,0.5616
2021-08-27,0.5781
2021-08-28,0.5761
2021-08-29,0.5771
2021-08-30,0.5748
2021-08-31,0.5593
2021-09-01,0.5701
2021-09-02,0.5805
2021-09-03,0.5825
2021-09-04,0.5826
2021-09-05,0.5962
2021-09-06,0.6031
2021-09-07,0.5543
2021-09-08,0.5479
2021-09-09,0.5482
2021-09-10,0.537
2021-09-11,0.5366
2021-09-12,0.5471
2021-09-13,0.5353
2021-09-14,0.5529
2021-09-15,0.564
2021-09-16,0.5538
2021-09-17,0.5534
2021-09-18,0.5617
2021-09-19,0.5576
2021-09-20,0.518
2021-09-21,0.4827
2021-09-22,0.5172
2021-09-23,0.5302
2021-09-24,0.5117
2021-09-25,0.5085
2021-09-26,0.5099
2021-09-27,0.5052
2021-09-28,0.4948
2021-09-29,0.4905
2021-09-30,0.5169
2021-10-01,0.5586
2021-10-02,0.5571
2021-10-03,0.5609
2021-10-04,0.5676
2021-10-05,0.5854
2021-10-06,0.6076
2021-10-07,0.5984
2021-10-08,0.5987
2021-10-09,0.6034
2021-10-10,0.6084
2021-10-11,0.6207
2021-10-12,0.6116
2021-10-13,0.6183
2021-10-14,0.6174
2021-10-15,0.6408
2021-10-16,0.637
2021-10-17,0.6396
2021-10-18,0.6401
2021-10-19,0.6514
2021-10-20,0.6585
2021-10-21,0.6372
2021-10-22,0.6273
2021-10-23,0.63
2021-10-24,0.6267
2021-10-25,0.6379
2021-10-26,0.6217
2021-10-27,0.6099
2021-10-28,0.6219
2021-10-29,0.6309
2021-10-30,0.628
2021-10-31,0.6241
2021-11-01,0.6211
2021-11-02,0.6304
2021-11-03,0.6286
2021-11-04,0.619
2021-11-05,0.6156
2021-11-06,0.618
2021-11-07,0.6272
2021-11-08,0.6497
2021-11-09,0.6461
2021-11-10,0.6325
2021-11-11,0.6328
2021-11-12,0.6227
2021-11-13,0.6242
2021-11-14,0.6275
2021-11-15,0.6192
2021-11-16,0.597
2021-11-17,0.5952
2021-11-18,0.5722
2021-11-19,0.5809
2021-11-20,0.5927
2021-11-21,0.5876
2021-11-22,0.5688
2021-11-23,0.5778
2021-11-24,0.5739
2021-11-25,0.5842
2021-11-26,0.5451
2021-11-27,0.5521
2021-11-28,0.572
2021-11-29,0.5762
2021-11-30,0.5698
2021-12-01,0.5698
2021-12-02,0.5653
2021-12-03,0.5423
2021-12-04,0.5023
2021-12-05,0.5042
2021-12-06,0.5163
2021-12-07,0.5156
2021-12-08,0.515
2021-12-09,0.4899
2021-12-10,0.4849
2021-12-11,0.5042
2021-12-12,0.5121
2021-12-13,0.4779
2021-12-14,0.4936
2021-12-15,0.499
2021-12-16,0.4868
2021-12-17,0.4727
2021-12-18,0.479
2021-12-19,0.4787
2021-12-20,0.4798
2021-12-21,0.5018
2021-12-22,0.4977
2021-12-23,0.5169
2021-12-24,0.5173
2021-12-25,0.5155
2021-12-26,0.5173
2021-12-27,0.5171
2021-12-28,0.4861
2021-12-29,0.4733
2021-12-30,0.4801
2021-12-31,0.4718
2022-01-01,0.4851
2022-01-02,0.4828
2022-01-03,0.473
2022-01-04,0.4672
2022-01-05,0.4389
2022-01-06,0.4344
2022-01-07,0.4133
2022-01-08,0.4176
2022-01-09,0.4189
2022-01-10,0.4181
2022-01-11,0.4312
2022-01-12,0.4462
2022-01-13,0.4292
2022-01-14,0.4356
2022-01-15,0.4369
2022-01-16,0.4363
2022-01-17,0.4241
2022-01-18,0.4272
2022-01-19,0.4193
2022-01-20,0.4053
2022-01-21,0.3398
2022-01-22,0.3128
2022-01-23,0.337
2022-01-24,0.3448
2022-01-25,0.3502
2022-01-26,0.3484
2022-01-27,0.3522
2022-01-28,0.3657
2022-01-29,0.3721
2022-01-30,0.3709
2022-01-31,0.3788
2022-02-01,0.3806
2022-02-02,0.3503
2022-02-03,0.3527
2022-02-04,0.4149
2022-02-05,0.4207
2022-02-06,0.4321
2022-02-07,0.451
2022-02-08,0.454
2022-02-09,0.4565
2022-02-10,0.4465
2022-02-11,0.43
2022-02-12,0.4272
2022-02-13,0.4275
2022-02-14,0.4335
2022-02-15,0.4564
2022-02-16,0.4508
2022-02-17,0.405
2022-02-18,0.397
2022-02-19,0.3978
2022-02-20,0.3741
2022-02-21,0.3504
2022-02-22,0.3692
2022-02-23,0.3542
2022-02-24,0.3707
2022-02-25,0.3873
2022-02-26,0.3833
2022-02-27,0.3609
2022-02-28,0.4401
2022-03-01,0.4539
2022-03-02,0.4493
2022-03-03,0.4297
2022-03-04,0.3816
2022-03-05,0.386
2022-03-06,0.3704
2022-03-07,0.3666
2022-03-08,0.3765
2022-03-09,0.4238
2022-03-10,0.3867
2022-03-11,0.3771
2022-03-12,0.3791
2022-03-13,0.3604
2022-03-14,0.3898
2022-03-15,0.3855
2022-03-16,0.4108
2022-03-17,0.4094
2022-03-18,0.4211
2022-03-19,0.426
2022-03-20,0.4135
2022-03-21,0.4102
2022-03-22,0.428
2022-03-23,0.4323
2022-03-24,0.4477
2022-03-25,0.4496
2022-03-26,0.4516
2022-03-27,0.4772
2022-03-28,0.4808
2022-03-29,0.4824
2022-03-30,0.4782
2022-03-31,0.4607
2022-04-01,0.4681
2022-04-02,0.4646
2022-04-03,0.4701
2022-04-04,0.4722
2022-04-05,0.461
2022-04-06,0.4321
2022-04-07,0.4356
2022-04-08,0.4182
2022-04-09,0.4243
2022-04-10,0.4188
2022-04-11,0.3799
2022-04-12,0.3876
2022-04-13,0.4031
2022-04-14,0.3843
2022-04-15,0.3934
2022-04-16,0.3922
2022-04-17,0.381
2022-04-18,0.3978
2022-04-19,0.4073
2022-04-20,0.4058
2022-04-21,0.3911
2022-04-22,0.3806
2022-04-23,0.3782
2022-04-24,0.3771
2022-04-25,0.3919
2022-04-26,0.3547
2022-04-27,0.3735
2022-04-28,0.3818
2022-04-29,0.3641
2022-04-30,0.3495
2022-05-01,0.362
2022-05-02,0.3647
2022-05-03,0.3511
2022-05-04,0.3822
2022-05-05,0.3304
2022-05-06,0.3225
2022-05-07,0.3127
2022-05-08,0.2842
2022-05-09,0.2047
2022-05-10,0.2201
2022-05-11,0.1659
2022-05-12,0.1746
2022-05-13,0.1834
2022-05-14,0.2029
2022-05-15,0.2316
2022-05-16,0.1992
2022-05-17,0.2142
2022-05-18,0.1701
2022-05-19,0.2115
2022-05-20,0.1849
2022-05-21,0.1905
2022-05-22,0.2147
2022-05-23,0.1823
2022-05-24,0.1977
2022-05-25,0.1963
2022-05-26,0.1903
2022-05-27,0.1714
2022-05-28,0.1838
2022-05-29,0.1906
2022-05-30,0.2524
2022-05-31,0.2539
2022-06-01,0.2052
2022-06-02,0.2245
2022-06-03,0.2034
2022-06-04,0.2076
2022-06-05,0.211
2022-06-06,0.247
2022-06-07,0.244
2022-06-08,0.2208
2022-06-09,0.2176
2022-06-10,0.1917
2022-06-11,0.1724
2022-06-12,0.1263
2022-06-13,-0.0391
2022-06-14,-0.043
2022-06-15,-0.0177
2022-06-16,-0.1235
2022-06-17,-0.1106
2022-06-18,-0.1908
2022-06-19,-0.1048
2022-06-20,-0.0996
2022-06-21,-0.0915
2022-06-22,-0.1266
2022-06-23,-0.0679
2022-06-24,-0.0568
2022-06-25,-0.0487
2022-06-26,-0.0684
2022-06-27,-0.0832
2022-06-28,-0.1081
2022-06-29,-0.117
2022-06-30,-0.156
2022-07-01,-0.1537
2022-07-02,-0.1597
2022-07-03,-0.1562
2022-07-04,-0.102
2022-07-05,-0.1033
2022-07-06,-0.0816
2022-07-07,-0.0271
2022-07-08,-0.019
2022-07-09,-0.0282
2022-07-10,-0.065
2022-07-11,-0.1071
2022-07-12,-0.1423
2022-07-13,-0.0959
2022-07-14,-0.0738
2022-07-15,-0.0555
2022-07-16,-0.0374
2022-07-17,-0.0378
2022-07-18,0.0112
2022-07-19,0.0602
2022-07-20,0.0562
2022-07-21,0.0526
2022-07-22,0.0359
2022-07-23,0.027
2022-07-24,0.0345
2022-07-25,-0.0155
2022-07-26,-0.0304
2022-07-27,0.0463
2022-07-28,0.0834
2022-07-29,0.0877
2022-07-30,0.0751
2022-07-31,0.0648
2022-08-01,0.0637
2022-08-02,0.052
2022-08-03,0.0641
2022-08-04,0.0362
2022-08-05,0.0618
2022-08-06,0.0516
2022-08-07,0.058
2022-08-08,0.0836
2022-08-09,0.0604
2022-08-10,0.0887
2022-08-11,0.0893
2022-08-12,0.1063
2022-08-13,0.1074
2022-08-14,0.1034
2022-08-15,0.0951
2022-08-16,0.087
2022-08-17,0.0668
2022-08-18,0.0623
2022-08-19,-0.0393
2022-08-20,-0.0272
2022-08-21,-0.0078
2022-08-22,-0.0191
2022-08-23,-0.0078
2022-08-24,-0.0125
2022-08-25,-0.0045
2022-08-26,-0.0701
2022-08-27,-0.0802
2022-08-28,-0.1004
2022-08-29,-0.068
2022-08-30,-0.0906
2022-08-31,-0.0793
2022-09-01,-0.0743
2022-09-02,-0.0818
2022-09-03,-0.0896
2022-09-04,-0.0811
2022-09-05,-0.0897
2022-09-06,-0.143
2022-09-07,-0.1161
2022-09-08,-0.114
2022-09-09,-0.0081
2022-09-10,0.0082
2022-09-11,0.0092
2022-09-12,0.037
2022-09-13,-0.0645
2022-09-14,-0.0592
2022-09-15,-0.0872
2022-09-16,-0.0844
2022-09-17,-0.0638
2022-09-18,-0.1014
2022-09-19,-0.0933
2022-09-20,-0.132
2022-09-21,-0.1534
2022-09-22,-0.0995
2022-09-23,-0.1042
2022-09-24,-0.1274
2022-09-25,-0.135
2022-09-26,-0.1107
2022-09-27,-0.1154
2022-09-28,-0.0947
2022-09-29,-0.0895
2022-09-30,-0.0946
2022-10-01,-0.1014
2022-10-02,-0.1183
2022-10-03,-0.0831
2022-10-04,-0.0454
2022-10-05,-0.0547
2022-10-06,-0.0651
2022-10-07,-0.087
2022-10-08,-0.0934
2022-10-09,-0.0926
2022-10-10,-0.1077
2022-10-11,-0.114
2022-10-12,-0.106
2022-10-13,-0.0925
2022-10-14,-0.1041
2022-10-15,-0.1102
2022-10-16,-0.099
2022-10-17,-0.0815
2022-10-18,-0.0941
2022-10-19,-0.1054
2022-10-20,-0.1108
2022-10-21,-0.1024
2022-10-22,-0.0997
2022-10-23,-0.0796
2022-10-24,-0.092
2022-10-25,-0.0513
2022-10-26,-0.0163
2022-10-27,-0.0421
2022-10-28,-0.0256
2022-10-29,-0.0158
2022-10-30,-0.0248
2022-10-31,-0.0308
2022-11-01,-0.0309
2022-11-02,-0.0477
2022-11-03,-0.0449
2022-11-04,0.001
2022-11-05,0.0071
2022-11-06,-0.0087
2022-11-07,-0.0245
2022-11-08,-0.1354
2022-11-09,-0.3263
2022-11-10,-0.1906
2022-11-11,-0.2325
2022-11-12,-0.2401
2022-11-13,-0.2734
2022-11-14,-0.2479
2022-11-15,-0.229
2022-11-16,-0.2406
2022-11-17,-0.2342
2022-11-18,-0.2217
2022-11-19,-0.2186
2022-11-20,-0.2513
2022-11-21,-0.286
2022-11-22,-0.2531
2022-11-23,-0.2233
2022-11-24,-0.2219
2022-11-25,-0.2255
2022-11-26,-0.2304
2022-11-27,-0.23835
2022-11-28,-0.2463
2022-11-29,-0.2283
2022-11-30,-0.1754
2022-12-01,-0.1897
2022-12-02,-0.1811
2022-12-03,-0.193
2022-12-04,-0.1769
2022-12-05,-0.1839
2022-12-06,-0.1759
2022-12-07,-0.1912
2022-12-08,-0.1642
2022-12-09,-0.1696
2022-12-10,-0.1704
2022-12-11,-0.172
2022-12-12,-0.1648
2022-12-13,-0.1265
2022-12-14,-0.1233
2022-12-15,-0.153
2022-12-16,-0.2034
2022-12-17,-0.191
2022-12-18,-0.1907
2022-12-19,-0.2143
2022-12-20,-0.1798
2022-12-21,-0.186
2022-12-22,-0.1846
2022-12-23,-0.1864
2022-12-24,-0.1822
2022-12-25,-0.1824
2022-12-26,-0.1784
2022-12-27,-0.1906
2022-12-28,-0.2005
2022-12-29,-0.1926
2022-12-30,-0.1948
2022-12-31,-0.1973
2023-01-01,-0.1911999999999999
2023-01-02,-0.1851
2023-01-03,-0.1859
2023-01-04,-0.1728
2023-01-05,-0.174
2023-01-06,-0.1641
2023-01-07,-0.1604499999999999
2023-01-08,-0.1568
2023-01-09,-0.1484
2023-01-10,-0.1313
2023-01-11,-0.1051
2023-01-12,-0.045
2023-01-13,0.0067
2023-01-14,0.0601
2023-01-15,0.0539
2023-01-16,0.0671
2023-01-17,0.0665
2023-01-18,0.0456
2023-01-19,0.0622
2023-01-20,0.127
2023-01-21,0.12775
2023-01-22,0.1285
2023-01-23,0.1263
2023-01-24,0.1241
2023-01-25,0.1425
2023-01-26,0.1393
2023-01-27,0.1421
2023-01-28,0.1397
2023-01-29,0.1671
2023-01-30,0.1315
2023-01-31,0.1435
2023-02-01,0.164
2023-02-02,0.156
2023-02-03,0.1536
2023-02-04,0.15
2023-02-05,0.1353
2023-02-06,0.1272
2023-02-07,0.1465
2023-02-08,0.1342
2023-02-09,0.0901
2023-02-10,0.0821
2023-02-11,0.0924
2023-02-12,0.0886
2023-02-13,0.0898
2023-02-14,0.1071
2023-02-15,0.1828
2023-02-16,0.1632
2023-02-17,0.1921
2023-02-18,0.1929
2023-02-19,0.1839
2023-02-20,0.1979
2023-02-21,0.1847
2023-02-22,0.1769
2023-02-23,0.168
2023-02-24,0.142
2023-02-25,0.14865
2023-02-26,0.1553
2023-02-27,0.1485
2023-02-28,0.1417
2023-03-01,0.1589
2023-03-02,0.1539
2023-03-03,0.1119
2023-03-04,0.1113
2023-03-05,0.1152
2023-03-06,0.1152
2023-03-07,0.1088
2023-03-08,0.0896
2023-03-09,0.0302
2023-03-10,0.0609625
2023-03-11,0.091725
2023-03-12,0.1224875
2023-03-13,0.15325
2023-03-14,0.1840125
2023-03-15,0.214775
2023-03-16,0.2455375
2023-03-17,0.2763
2023-03-18,0.2636
2023-03-19,0.2944
2023-03-20,0.2849
2023-03-21,0.2927
2023-03-22,0.271
2023-03-23,0.2967
2023-03-24,0.2728
2023-03-25,0.2695666666666667
2023-03-26,0.2663333333333333
2023-03-27,0.2631
2023-03-28,0.2664
2023-03-29,0.2943
2023-03-30,0.296
2023-03-31,0.3074
2023-04-01,0.3066
2023-04-02,0.2983
2023-04-03,0.2903
2023-04-04,0.2967
2023-04-05,0.2950333333333333
2023-04-06,0.2933666666666666
2023-04-07,0.2917
2023-04-08,0.2923
2023-04-09,0.3094666666666666
2023-04-10,0.3266333333333333
2023-04-11,0.3438
2023-04-12,0.3448666666666666
2023-04-13,0.3459333333333333
2023-04-14,0.347
2023-04-15,0.33924
2023-04-16,0.33148
2023-04-17,0.3237199999999999
2023-04-18,0.3159599999999999
2023-04-19,0.3082
2023-04-20,0.28915
2023-04-21,0.2701
2023-04-22,0.2841
2023-04-23,0.2782
2023-04-24,0.287
2023-04-25,0.2958
2023-04-26,0.2975
2023-04-27,0.323
2023-04-28,0.3198
2023-04-29,0.3167
2023-04-30,0.3199
2023-05-01,0.2899
2023-05-02,0.3039
2023-05-03,0.3112
2023-05-04,0.3169499999999999
2023-05-05,0.3227
2023-05-06,0.3065666666666666
2023-05-07,0.2904333333333333
2023-05-08,0.2743
2023-05-09,0.2722
2023-05-10,0.2724
2023-05-11,0.2548
2023-05-12,0.2488
2023-05-13,0.2508
2023-05-14,0.2528
2023-05-15,0.2606
2023-05-16,0.2547
2023-05-17,0.2522
2023-05-18,0.2497
2023-05-19,0.2511
2023-05-20,0.2569
2023-05-21,0.2479
2023-05-22,0.2491
2023-05-23,0.2591
2023-05-24,0.2344
2023-05-25,0.238
2023-05-26,0.2447
2023-05-27,0.2484
2023-05-28,0.2814
2023-05-29,0.2726
2023-05-30,0.271
2023-05-31,0.2577
2023-06-01,0.2467
2023-06-02,0.2584
2023-06-03,0.2571
2023-06-04,0.2558
2023-06-05,0.2166
2023-06-06,0.2572
2023-06-07,0.2327
2023-06-08,0.2379
2023-06-09,0.2364
2023-06-10,0.2187
2023-06-11,0.2201
2023-06-12,0.2202
2023-06-13,0.2195
2023-06-14,0.1953
2023-06-15,0.21
2023-06-16,0.233
2023-06-17,0.2383
2023-06-18,0.2334
2023-06-19,0.2459
2023-06-20,0.2863
2023-06-21,0.30515
2023-06-22,0.324
2023-06-23,0.3384
2023-06-24,0.3361
2023-06-25,0.3341
2023-06-26,0.3291
2023-06-27,0.3267
2023-06-28,0.3243
2023-06-29,0.3322
2023-06-30,0.3322
2023-07-01,0.3334
2023-07-02,0.3335
2023-07-03,0.3447
2023-07-04,0.3374
2023-07-05,0.3307
2023-07-06,0.32
2023-07-07,0.3276
2023-07-08,0.326
2023-07-09,0.3237
2023-07-10,0.3286
2023-07-11,0.3331
2023-07-12,0.3278
2023-07-13,0.35
2023-07-14,0.3259
2023-07-15,0.3254
2023-07-16,0.3244
2023-07-17,0.3222
2023-07-18,0.315
2023-07-19,0.31445
2023-07-20,0.3139
2023-07-21,0.3167
2023-07-22,0.3141
2023-07-23,0.3115
2023-07-24,0.3089
2023-07-25,0.3063
2023-07-26,0.3037
2023-07-27,0.3005
2023-07-28,0.3056
2023-07-29,0.3066
2023-07-30,0.305375
2023-07-31,0.30415
2023-08-01,0.302925
2023-08-02,0.3017
2023-08-03,0.3006
2023-08-04,0.2995
2023-08-05,0.2996
2023-08-06,0.2997
2023-08-07,0.3025
2023-08-08,0.3168
2023-08-09,0.3121
2023-08-10,0.3085
2023-08-11,0.3077
2023-08-12,0.3079
2023-08-13,0.3048
2023-08-14,0.3076
2023-08-15,0.3018
2023-08-16,0.2918
2023-08-17,0.2364
2023-08-18,0.2189
2023-08-19,0.2207
2023-08-20,0.2206833333333333
2023-08-21,0.2206666666666666
2023-08-22,0.22065
2023-08-23,0.2206333333333333
2023-08-24,0.2206166666666666
2023-08-25,0.2206
2023-08-26,0.2196
2023-08-27,0.2219
2023-08-28,0.2226
2023-08-29,0.2671
2023-08-30,0.257
2023-08-31,0.2186
2023-09-01,0.2143
2023-09-02,0.2164
2023-09-03,0.2193
2023-09-04,0.2144
2023-09-05,0.2141
2023-09-06,0.2134
2023-09-07,0.2272
2023-09-08,0.2181
2023-09-09,0.2179
2023-09-10,0.20625
2023-09-11,0.1946
2023-09-12,0.2172
2023-09-13,0.2282
2023-09-14,0.2375
2023-09-15,0.2408
2023-09-16,0.2374
2023-09-17,0.2358
2023-09-18,0.2343
2023-09-19,0.2546
2023-09-20,0.2528
2023-09-21,0.2371
2023-09-22,0.2374
2023-09-23,0.2372
2023-09-24,0.2288
2023-09-25,0.2285
2023-09-26,0.2262
2023-09-27,0.2304
2023-09-28,0.2502
2023-09-29,0.2467
2023-09-30,0.2484
2023-10-01,0.2745
2023-10-02,0.2642
2023-10-03,0.2607
2023-10-04,0.27
2023-10-05,0.2602
2023-10-06,0.2732
2023-10-07,0.2742
2023-10-08,0.2732
2023-10-09,0.2639
2023-10-10,0.2593
2023-10-11,0.243
2023-10-12,0.2402
2023-10-13,0.2431
2023-10-14,0.2433
2023-10-15,0.2507
2023-10-16,0.2865
2023-10-17,0.2841
2023-10-18,0.2817
2023-10-19,0.2909
2023-10-20,0.3051
2023-10-21,0.3193
2023-10-22,0.3206
2023-10-23,0.3802
2023-10-24,0.3956
2023-10-25,0.4053
2023-10-26,0.3989
2023-10-27,0.3935
2023-10-28,0.3966
2023-10-29,0.4048
2023-10-30,0.4029
2023-10-31,0.4048
2023-11-01,0.417
2023-11-02,0.4074
2023-11-03,0.4039
2023-11-04,0.4101
2023-11-05,0.4092
2023-11-06,0.4083
2023-11-07,0.4144
2023-11-08,0.4201
2023-11-09,0.4325
2023-11-10,0.4422
2023-11-11,0.4362
2023-11-12,0.4371
2023-11-13,0.429
2023-11-14,0.4136
2023-11-15,0.4476
2023-11-16,0.4217
2023-11-17,0.4279
2023-11-18,0.4278
2023-11-19,0.43455
2023-11-20,0.4413
2023-11-21,0.4178
2023-11-22,0.4273
2023-11-23,0.4368
2023-11-24,0.4425
2023-11-25,0.4435
2023-11-26,0.4386
2023-11-27,0.4346
2023-11-28,0.43865
2023-11-29,0.4427
2023-11-30,0.4407
2023-12-01,0.4541
2023-12-02,0.46245
2023-12-03,0.4708
2023-12-04,0.4935
2023-12-05,0.517
2023-12-06,0.512
2023-12-07,0.506
2023-12-08,0.50795
2023-12-09,0.5099
2023-12-10,0.5096
2023-12-11,0.4793
2023-12-12,0.4814
2023-12-13,0.4986
2023-12-14,0.4993
2023-12-15,0.486
2023-12-16,0.4884
2023-12-17,0.4787
2023-12-18,0.4926
2023-12-19,0.4878
2023-12-20,0.5026
2023-12-21,0.5051
2023-12-22,0.506
2023-12-23,0.503
2023-12-24,0.4947
2023-12-25,0.5005
2023-12-26,0.4866
2023-12-27,0.4961
2023-12-28,0.4867
2023-12-29,0.4779
2023-12-30,0.4801
2023-12-31,0.48
2024-01-01,0.5012
2024-01-02,0.5102
2024-01-03,0.485
2024-01-04,0.4978
2024-01-05,0.4959
2024-01-06,0.4931
2024-01-07,0.492
2024-01-08,0.525
2024-01-09,0.5148
2024-01-10,0.5216
2024-01-11,0.5163
2024-01-12,0.4765
2024-01-13,0.4767
2024-01-14,0.4647
2024-01-15,0.4725
2024-01-16,0.4778
2024-01-17,0.4717
2024-01-18,0.4525
2024-01-19,0.4566
2024-01-20,0.4574
2024-01-21,0.4556
2024-01-22,0.4288
2024-01-23,0.4308
2024-01-24,0.4348
2024-01-25,0.4318
2024-01-26,0.4576
2024-01-27,0.4608
2024-01-28,0.4588
2024-01-29,0.4738
2024-01-30,0.4693
2024-01-31,0.464
2024-02-01,0.4691
2024-02-02,0.4705
2024-02-03,0.4683
2024-02-04,0.4631
2024-02-05,0.4633
2024-02-06,0.4686
2024-02-07,0.4818
2024-02-08,0.4935
2024-02-09,0.5124
2024-02-10,0.5182
2024-02-11,0.5219
2024-02-12,0.5378
2024-02-13,0.5337
2024-02-14,0.5513340066914422
2024-02-15,0.5490405722107858
2024-02-16,0.5495370629623225
2024-02-17,0.547735488570768
2024-02-18,0.5477163909104006
2024-02-19,0.549868640656157
2024-02-20,0.5464830801281205
2024-02-21,0.5503329269088052
2024-02-22,0.5457467523867406
2024-02-23,0.5350647848799217
2024-02-24,0.5354131949895811
2024-02-25,0.5417157881362764
2024-02-26,0.5419337908575541
2024-02-27,0.5629654618292023
2024-02-28,0.5766722233112497
2024-02-29,0.6091796212110475
2024-03-01,0.5992226408574308
2024-03-02,0.6057061142389741
2024-03-03,0.6101231442588005
2024-03-04,0.6085792429035591
2024-03-05,0.6096202204705825
2024-03-06,0.6036416350918022
2024-03-07,0.6199198126186596
2024-03-08,0.6171901651050411
2024-03-09,0.6237372641016503
2024-03-10,0.6236771552264513
2024-03-11,0.6399411383484879
2024-03-12,0.6367444195621424
2024-03-13,0.635749530933191
2024-03-14,0.6344837320509735
2024-03-15,0.6258303585764298
2024-03-16,0.614658987599848
2024-03-17,0.6067887177283686
2024-03-18,0.6061088773803749
2024-03-19,0.6027258969188708
2024-03-20,0.6036507292303664
2024-03-21,0.6019667659654795
2024-03-22,0.5871130441421366
2024-03-23,0.5755187039699795
2024-03-24,0.593488199666733
2024-03-25,0.5890390962818758
2024-03-26,0.6029199202601065
2024-03-27,0.6039025859569772
2024-03-28,0.5988589441267251
2024-03-29,0.6059778771696519
2024-03-30,0.599312257988571
2024-03-31,0.5993145596818199
2024-04-01,0.6058546454360625
2024-04-02,0.5950401951750001
2024-04-03,0.5733395670607266
2024-04-04,0.5836592238698339
2024-04-05,0.5836592238698339
2024-04-06,0.5832310397790054
2024-04-07,0.5898075246313566
2024-04-08,0.5906332884612977
2024-04-09,0.6028784961123125
2024-04-10,0.5888205748104292
2024-04-11,0.5955913331434644
2024-04-12,0.5932224983602986
2024-04-13,0.5766501637216295
2024-04-14,0.5611007363909679
2024-04-15,0.5662862487942055
2024-04-16,0.550407403671193
2024-04-17,0.5528288318715433
2024-04-18,0.5343520652488777
2024-04-19,0.5494796779563597
2024-04-20,0.5520365329313791
2024-04-21,0.5597604333179415
2024-04-22,0.5593268381651709
2024-04-23,0.5714300635270595
2024-04-24,0.5514058358671834
2024-04-25,0.551883893152847
2024-04-26,0.5536970928554936
2024-04-27,0.5481085535489507
2024-04-29,0.5481349195017877
2024-04-30,0.5471531724156047
2024-05-01,0.5250715748801129
2024-05-02,0.505963558157002
2024-05-03,0.5119799419702787
2024-05-04,0.5406740945760566
2024-05-05,0.5489255963472669
2024-05-06,0.5485231670184145
2024-05-07,0.5423373959187155
2024-05-08,0.5361044228247455
2024-05-09,0.5268072145860568
2024-05-10,0.5404433151509168
2024-05-11,0.5243775724997871
2024-05-12,0.524006327755865
2024-05-13,0.5286747751533465
2024-05-14,0.5286146557659219
2024-05-15,0.5278169343673419
2024-05-16,0.553124447317441
2024-05-17,0.5595422382485956
2024-05-18,0.5639433657062952
2024-05-19,0.5640523205265756
2024-05-20,0.5583712292559958
2024-05-21,0.5861817367365203
2024-05-22,0.5744167508502146
2024-05-23,0.5657588123401593
2024-05-24,0.5665317239407099
2024-05-25,0.5706713886396382
2024-05-26,0.5748887832613487
2024-05-27,0.5692314124229748
2024-05-28,0.5672221045695748
2024-05-29,0.5604336804814994
2024-05-30,0.5552241351392013
2024-05-31,0.56014870218012
2024-06-01,0.5547775299536382
2024-06-02,0.5558242319113154
2024-06-03,0.553893256091993
2024-06-04,0.5605753076665602
2024-06-05,0.5713524210910833
2024-06-06,0.5725758366082142
2024-06-07,0.5555725330517509
2024-06-08,0.5624578334542396
2024-06-09,0.5623990044340044
2024-06-10,0.5635266454035599
2024-06-11,0.5618744640746172
2024-06-12,0.5528292789687533
2024-06-13,0.5532544692560832
2024-06-14,0.5375271189042572
2024-06-15,0.5388692577461478
2024-06-16,0.5416580901052387
2024-06-17,0.541674922825872
2024-06-18,0.5411283628141896
2024-06-19,0.5288281525411629
2024-06-20,0.5136995272968576
2024-06-21,0.5226487113121436
2024-06-22,0.5213269695833125
2024-06-23,0.5230278397288929
2024-06-24,0.5192611695833388
2024-06-25,0.4899209290783277
2024-06-26,0.5051756787613599
2024-06-27,0.5012667433910694
2024-06-28,0.5008626871312596
2024-06-29,0.4955132593715812
2024-06-30,0.4966380669069338
2024-07-01,0.503694836350428
2024-07-02,0.5124876976475145
2024-07-03,0.503492343093339
2024-07-04,0.4886688101195089
2024-07-05,0.4744864863906416
2024-07-06,0.4294458142604431
2024-07-07,0.4678130489066038
2024-07-08,0.4570056411021197
2024-07-09,0.4559204651830919
2024-07-10,0.4668355590092523
2024-07-11,0.4639660411660041
2024-07-12,0.4635266420590944
2024-07-13,0.4646788130743176
2024-07-14,0.4743951282170819
2024-07-15,0.494745802245566
2024-07-16,0.5042040012385361
2024-07-17,0.5194982632725097
2024-07-18,0.5181375137430527
2024-07-19,0.5128461421884812
2024-07-20,0.5351556451132414
2024-07-21,0.5363281018773479
2024-07-22,0.5429771847968075
2024-07-23,0.5392703311961233
2024-07-24,0.5251092088921524
2024-07-25,0.5240197934504937
2024-07-26,0.5246870489465796
2024-07-27,0.5385942483869142
2024-07-28,0.544178416934978
2024-07-29,0.5381386271020813
2024-07-30,0.5347366059059632
2024-07-31,0.5261921117934114
2024-08-01,0.5162446462086917
2024-08-02,0.5156090085112954
2024-08-03,0.4940333657197083
2024-08-04,0.4817269521968474
2024-08-05,0.4654775333999623
2024-08-06,0.4248687143082769
2024-08-07,0.4448728016234406
2024-08-08,0.4345703023243822
2024-08-09,0.4848415139802478
2024-08-10,0.4833335773115378
2024-08-11,0.4853118052368733
2024-08-12,0.4675755930631622
2024-08-13,0.467549297758967
2024-08-14,0.4849889053870219
2024-08-15,0.4666151526635464
2024-08-16,0.4542055716776401
2024-08-17,0.468550298509709
2024-08-18,0.470341105874582
2024-08-19,0.4716017674335174
2024-08-20,0.467615321177774
2024-08-21,0.4705963465345433
2024-08-22,0.4868405664444469
2024-08-23,0.4801494252799423
2024-08-24,0.5107453235581032
2024-08-25,0.505528625948664
2024-08-26,0.5107819523836479
2024-08-27,0.5014976732440536
2024-08-28,0.4783176631217354
2024-08-29,0.4666195114843744
2024-08-30,0.4694625462829069
2024-08-31,0.4665836362654906
2024-09-01,0.4664663683125372
2024-09-02,0.4606663045378961
2024-09-03,0.453471187540394
2024-09-04,0.4570709739866591
2024-09-05,0.4386707701542198
2024-09-06,0.439793989162176
2024-09-07,0.414430934511473
2024-09-08,0.4167537702920936
2024-09-09,0.4223019700474624
2024-09-10,0.4529153062219129
2024-09-11,0.4526824083516137
2024-09-12,0.4504892532235881
2024-09-13,0.4557530346529144
2024-09-14,0.4763321592135281
2024-09-15,0.4743048285919657
2024-09-16,0.4701021782439489
2024-09-17,0.4556551343317703
2024-09-18,0.4758090320040991
2024-09-19,0.4742106755529072
2024-09-20,0.4952248887542828
2024-09-21,0.4974395724113564
2024-09-22,0.4969561848091638
2024-09-23,0.493963128168051
2024-09-24,0.4978911775376178
2024-09-25,0.5033320343311969
2024-09-26,0.4977115592918012
2024-09-27,0.5094626388032463
2024-09-28,0.5149268813477856
2024-09-29,0.51368771921936
2024-09-30,0.5151398798767783
2024-10-01,0.4989195967825955
2024-10-02,0.4775596534408206
2024-10-03,0.4363642273895236
2024-10-04,0.4743802184318882
2024-10-05,0.4870406267879339
2024-10-06,0.4837127542883656
2024-10-07,0.4872315182077778
2024-10-08,0.4910517219991097
2024-10-09,0.4831695569820285
2024-10-10,0.4704385414179772
2024-10-11,0.4366183696956415
2024-10-12,0.4853104249822663
2024-10-13,0.4879273292360876
2024-10-14,0.4852157864981578
2024-10-15,0.5066616855298326
2024-10-16,0.5105124897574875
2024-10-17,0.5184820658318735
2024-10-18,0.5141638482001923
2024-10-19,0.5226166793684732
2024-10-20,0.5207061350695473
2024-10-21,0.5236540025578482
2024-10-22,0.5156109008275422
2024-10-23,0.5135959546143611
2024-10-24,0.5057845992346511
2024-10-25,0.5192639671549777
2024-10-26,0.5114862362424841
2024-10-27,0.510319656202878
2024-10-28,0.5168762160655022
2024-10-29,0.5280174767482968
2024-10-30,0.544851491069073
2024-10-31,0.5424876783258815
2024-11-01,0.530322531805307
2024-11-02,0.5223003113665232
2024-11-03,0.5176475473954841
2024-11-04,0.5173833539590161
2024-11-05,0.5108293474116072
2024-11-06,0.5199882787232768
2024-11-07,0.5575240045602545
2024-11-08,0.5573843437947288
2024-11-09,0.5602699589519111
2024-11-10,0.5596035810925295
2024-11-11,0.5779092333637903
2024-11-12,0.6116972554143956
2024-11-13,0.6101065779638651
2024-11-14,0.6127733966087462
2024-11-15,0.618097460336136
2024-11-16,0.6173404573093956
2024-11-17,0.6108620584737514
2024-11-18,0.608004029640245
2024-11-19,0.6131704459842745
2024-11-20,0.6132970984191752
2024-11-21,0.6174980679189582
2024-11-22,0.5929487175860447
2024-11-23,0.6296175780469128
2024-11-24,0.6261633967434933
2024-11-25,0.6258047930510072
2024-11-26,0.6104960239971139
2024-11-27,0.5986437759356453
2024-11-28,0.6159698457873115
2024-11-29,0.6130949624755594
2024-11-30,0.6189926151930303
2024-12-01,0.6150908661695959
2024-12-02,0.6185029925670668
2024-12-03,0.6084684329873908
2024-12-04,0.609618872818123
2024-12-05,0.6134826096106976
2024-12-06,0.6041517628216159
2024-12-07,0.5979557735802213
2024-12-08,0.616429355423066
2024-12-09,0.5825559366431927
2024-12-10,0.5972670724499202
2024-12-11,0.5995632096621497
2024-12-12,0.598601370525087
2024-12-13,0.6113098674235176
2024-12-14,0.6142001161418303
2024-12-15,0.6132892133424258
2024-12-16,0.6192032471788139
2024-12-17,0.6260430624462288
2024-12-18,0.6254087092535354
2024-12-19,0.6053677497455813
2024-12-20,0.5928140455348466
2024-12-21,0.5890734061428882
2024-12-22,0.5874535966264377
2024-12-23,0.5753795674938567
2024-12-24,0.5741877137439826
2024-12-25,0.5892157221235662
2024-12-26,0.5672766563428272
2024-12-27,0.5725288778778599
2024-12-28,0.5691303170553214
2024-12-29,0.5724026092905523
2024-12-30,0.5616179148181483
2024-12-31,0.5583265508498393
2025-01-01,0.5611609026383185
2025-01-02,0.5667670314394033
2025-01-03,0.5760239381603012
2025-01-04,0.5655897350072415
2025-01-05,0.5814427333021676
2025-01-06,0.58241825848249
2025-01-07,0.5948104492545636
2025-01-08,0.5735015102788927
2025-01-09,0.5652777751546167
2025-01-10,0.5524324234966695
2025-01-11,0.5515972957629196
2025-01-12,0.5626685989268245
2025-01-13,0.5598143421044264
2025-01-14,0.5603000374372394
2025-01-15,0.5702076029143162
2025-01-16,0.5822722773315202
2025-01-17,0.5743312592571627
2025-01-18,0.5986960584448445
2025-01-19,0.5851780586205998
2025-01-20,0.5910114346234846
2025-01-21,0.5931380492445467
2025-01-22,0.601948002351266
2025-01-23,0.5913539779496391
2025-01-24,0.5913592104410861
2025-01-25,0.5945283839237928
2025-01-26,0.5954210498045585
2025-01-27,0.5915239936988415
2025-01-28,0.5644411785973786
2025-01-29,0.5778767383943917
2025-01-30,0.58786768763019
2025-01-31,0.5931760511486797
2025-02-01,0.581636260783578
2025-02-02,0.5746529285166035
2025-02-03,0.5611702020688203
2025-02-04,0.5774705797855743
2025-02-05,0.559621754740327
2025-02-06,0.5541718818558979
2025-02-07,0.5547817945545378
2025-02-08,0.5510669131699718
2025-02-09,0.5527625850959186
2025-02-10,0.5493776423738911
2025-02-11,0.5560884300651565
2025-02-12,0.5481520988449372
2025-02-13,0.5584689722982668
2025-02-14,0.5508728992439513
2025-02-15,0.5543500291654416
2025-02-16,0.5558595515627393
2025-02-17,0.5517989005910766
2025-02-18,0.5484535225366907
2025-02-19,0.5455758119771753
2025-02-20,0.5510259704784402
2025-02-21,0.5582344771752785
2025-02-22,0.5469536104034978
2025-02-23,0.5507346588303191
2025-02-24,0.5473901690050853
2025-02-25,0.530140622443671
2025-02-26,0.511719900546386
2025-02-27,0.4871496755370405
2025-02-28,0.4873925667143494
2025-03-01,0.4850807404985593
2025-03-02,0.4963466733164334
2025-03-03,0.5395278308833344
2025-03-04,0.4971989554449003
2025-03-05,0.5042860141870394
2025-03-06,0.5191195579747772
2025-03-07,0.5180267566154158
2025-03-08,0.4978920172700931
2025-03-09,0.495860534052608
2025-03-10,0.459363027480194
2025-03-11,0.4541281397030287
2025-03-12,0.4766076577465837
2025-03-13,0.479907358789744
2025-03-14,0.4650276082172043
2025-03-15,0.4842738356153049
2025-03-16,0.4840436123012365
2025-03-17,0.4701123104696471
2025-03-18,0.4817859295797449
2025-03-19,0.471607303136658
2025-03-20,0.494038869126953
2025-03-21,0.478940946640577
2025-03-22,0.4814376284444851
2025-03-23,0.4806036484508119
2025-03-24,0.4892363701276587
2025-03-25,0.501002395139366
2025-03-26,0.5007889618624852
2025-03-27,0.4969894556092885
2025-03-28,0.4774965737099366
2025-03-29,0.4823648878130368
2025-03-30,0.4684289834711036
2025-03-31,0.4655864543899397
2025-04-01,0.4705625260722464
2025-04-02,0.4869374638711952
2025-04-03,0.4825510666589117
2025-04-04,0.4699911064117125
2025-04-05,0.4798158680475205
2025-04-06,0.4718767408708191
2025-04-07,0.44323009667186
2025-04-08,0.4479094424394677
2025-04-09,0.4313218869531857
2025-04-10,0.4741673956708339
2025-04-11,0.4499765590545933
2025-04-12,0.4756514735229601
2025-04-13,0.4862752280200933
2025-04-14,0.4748770610434433
2025-04-15,0.4811680038642187
2025-04-16,0.4769791601881441
2025-04-17,0.4822516440206814
2025-04-18,0.4851804821041323
2025-04-19,0.482483844036969
2025-04-20,0.4866532690129178
2025-04-21,0.4839907586969348
2025-04-22,0.4965986337867028
2025-04-23,0.5272091204330148
2025-04-24,0.5279506631877333
2025-04-25,0.5257814675166624
2025-04-26,0.5319342543691633
2025-04-27,0.5302736128506804
2025-04-28,0.5291602530823877
2025-04-29,0.5299575490379399
2025-04-30,0.5294874808621329
2025-05-01,0.528713530657216
2025-05-02,0.5378107216930624
2025-05-03,0.5384046354230114
2025-05-04,0.536182388379495
2025-05-05,0.5320157210657129
2025-05-06,0.5274870033257366
2025-05-07,0.526525444432853
2025-05-08,0.5368221540023792
2025-05-09,0.5606722022904579
2025-05-10,0.5622845328013514
2025-05-11,0.5647548160329414
2025-05-12,0.5666238073431009
2025-05-13,0.5571173168814818
2025-05-14,0.5617370518221684
2025-05-15,0.5608872440078868
2025-05-16,0.5587255758745822
2025-05-17,0.5600493021788525
2025-05-18,0.5582312804172817
2025-05-19,0.5609515311982636
2025-05-20,0.5654864011554128
2025-05-21,0.5692904883615423
2025-05-22,0.575109491051804
2025-05-23,0.5839106879787644
2025-05-24,0.5739490892047764
2025-05-25,0.5754764147023266
2025-05-26,0.5686334986079034
2025-05-27,0.5750215392802196
2025-05-28,0.572671467588371
2025-05-29,0.5663668954953844
2025-05-30,0.5616944717448922
2025-05-31,0.5544924045315424
2025-06-01,0.5552576333093058
2025-06-02,0.5568658498780562
2025-06-03,0.5534293313275969
2025-06-04,0.5542193182219081
2025-06-05,0.5521278101682954
2025-06-06,0.5362850831782782
2025-06-07,0.5493407668252515
2025-06-08,0.5550869566069295
2025-06-09,0.5567748700234794
2025-06-10,0.5712869793681714
2025-06-11,0.5699857226890049
2025-06-12,0.564077052032532
2025-06-13,0.5447027072771427
2025-06-14,0.5518205554870164
2025-06-15,0.5503723885031698
2025-06-16,0.5468963786021034
2025-06-17,0.5628200172043459
2025-06-18,0.5452944824514699
2025-06-19,0.54737687612601
2025-06-20,0.5270653738595299
2025-06-21,0.5404150073545139
2025-06-22,0.5310243876221437
2025-06-23,0.5215662978642215
2025-06-24,0.5400293060733022
2025-06-25,0.5489158544089812
2025-06-26,0.5542801682856069
2025-06-27,0.5513500994707468
2025-06-28,0.5516441108768495
2025-06-29,0.5524069296965733
2025-06-30,0.5522286885727731
2025-07-01,0.5502616265251037
2025-07-02,0.5439829062967969
2025-07-03,0.558571592865547
2025-07-04,0.5555393166255743
2025-07-05,0.5476841713191606
2025-07-06,0.5483519549368554
2025-07-07,0.5522361811468638
2025-07-08,0.5472080700394677
2025-07-09,0.549286424460225
2025-07-10,0.5565964452398979
2025-07-11,0.575557003106196
2025-07-12,0.5794911179614648
2025-07-13,0.5787352889114943
2025-07-14,0.5806278388218332
2025-07-15,0.5853126172121983
2025-07-16,0.5731420003094471
2025-07-17,0.5787282355822981
2025-07-18,0.5806781243221293
2025-07-19,0.5709317140651975
2025-07-20,0.5708653384449924
2025-07-21,0.5704098821131273
2025-07-22,0.5676031325433607
2025-07-23,0.5747373675438803
2025-07-24,0.5689039118695342
2025-07-25,0.569806457175801
2025-07-26,0.5645685443445863
2025-07-27,0.5675465962840507
2025-07-28,0.571985975893386
2025-07-29,0.5666310363262577
2025-07-30,0.5641779514208256
2025-07-31,0.5444916976330354
2025-08-01,0.558579577532203
2025-08-02,0.5492866553129186
2025-08-03,0.5450458753302376
2025-08-04,0.5510227421388106
2025-08-05,0.5532385363688249
2025-08-06,0.546513547661501
2025-08-07,0.5520630661216643
2025-08-08,0.5592852610640862
2025-08-09,0.5583992888108511
2025-08-10,0.5566488388654166
2025-08-11,0.5645571116590906
2025-08-12,0.5640376131279188
2025-08-13,0.5678391977527361
2025-08-14,0.5763172612396498
2025-08-15,0.5588147847326325
2025-08-16,0.5556711744854174
2025-08-17,0.5559922485356789
2025-08-18,0.557122084936954
2025-08-19,0.5525493666078506
2025-08-20,0.5394877648284652
2025-08-21,0.5433541887481975
2025-08-22,0.5351293999153451
2025-08-23,0.5385737675221755
2025-08-24,0.5241010159083945
2025-08-25,0.5316017372632051
2025-08-26,0.5286776080364682
2025-08-27,0.5333169887500059
2025-08-28,0.5141534419276245
2025-08-29,0.5152528820313385
2025-08-30,0.5152528820313385
2025-08-31,0.5132478228373896
2025-09-01,0.5160479405402433
2025-09-02,0.5251859799312366
2025-09-03,0.5276951599238994
2025-09-04,0.5235717132188104
2025-09-05,0.5217319795145169
2025-09-06,0.5195687287247126
2025-09-07,0.523986538049509
2025-09-08,0.5270914983129281
2025-09-09,0.5242046772215156
2025-09-10,0.5340451471581086
2025-09-11,0.5397225493627164
2025-09-12,0.5421051204049371
2025-09-13,0.5411045760733221
2025-09-14,0.5405384804236145
2025-09-15,0.5383478418977624
2025-09-16,0.5433743636609157
2025-09-17,0.5428661192710645
2025-09-18,0.5393896409513396
2025-09-19,0.536792717219112
2025-09-20,0.5371524710221932
2025-09-21,0.5352368900229524
2025-09-22,0.5245895088673247
2025-09-23,0.5212604243944369
2025-09-24,0.5261368921575825
2025-09-25,0.5077037532951038
2025-09-26,0.5097287773248037
2025-09-27,0.5096198014326067
2025-09-28,0.520413013121302
2025-09-29,0.5290926227369877
2025-09-30,0.526867771752612
2025-10-01,0.5429372234132741
2025-10-02,0.5384239260732364
2025-10-03,0.5559546048698187
2025-10-04,0.5559546048698187
2025-10-05,0.5591862223945411
2025-10-06,0.5630947046036405
2025-10-07,0.5624780421623391
2025-10-08,0.555676655438747
2025-10-09,0.5483642201079383
2025-10-10,0.5171460799937585
2025-10-11,0.5049117838858315
2025-10-12,0.522850592461107
2025-10-13,0.5239243573780449
2025-10-14,0.5141902813703656
2025-10-15,0.5117896788383114
2025-10-16,0.4892601731747635
2025-10-17,0.4903384771321815
2025-10-18,0.48412417848813
2025-10-19,0.4914818530252443
2025-10-20,0.5001995508100175
2025-10-21,0.4908455186172325
2025-10-22,0.4851517904809669
2025-10-23,0.4959249103139949
2025-10-24,0.5000734004093762
2025-10-25,0.5025333292234222
2025-10-26,0.5149032134509169
2025-10-27,0.512323984662402
2025-10-28,0.5114126880827267
2025-10-29,0.5056908218535646
2025-10-30,0.4825614151978847
2025-10-31,0.4898091281048259
2025-11-01,0.4913226740872193
2025-11-02,0.4929911643046323
2025-11-03,0.4744554959650579
2025-11-04,0.4478328915586831
2025-11-05,0.4614714462951402
2025-11-06,0.44731481188027
2025-11-07,0.4447906790357609
2025-11-08,0.4572595739983974
2025-11-09,0.4636746156457363
2025-11-10,0.4703287151804258
2025-11-11,0.4541554148620508
2025-11-12,0.4470460877844042
2025-11-13,0.4469749820914612
2025-11-14,0.4059565748467298
2025-11-15,0.4123682192249507
2025-11-16,0.4039774802288287
2025-11-17,0.3892516489100726
2025-11-18,0.3953576645700358
2025-11-19,0.3858279558637027
2025-11-20,0.3891969441260159
2025-11-21,0.3402060443361894
2025-11-22,0.3434039663114299
2025-11-23,0.3507794336637259
2025-11-24,0.361845125195735
2025-11-25,0.3550400265045113
2025-11-26,0.3757698549610186
2025-11-27,0.3818989532087898
2025-11-28,0.3902223627393925
2025-11-29,0.3787007136648471
2025-11-30,0.3772022420755749
2025-12-01,0.3480511115097265
2025-12-02,0.384084354666242
2025-12-03,0.3975192928308203
2025-12-04,0.3883263445404516
2025-12-05,0.3971964853889987
2025-12-06,0.3763345046115801
2025-12-07,0.3744107526461349
2025-12-08,0.3794531347731206
2025-12-09,0.3879945224497468
2025-12-10,0.3994604050647997
2025-12-11,0.3982946628322839
2025-12-12,0.3757342006693701
2025-12-13,0.3834933269261636
2025-12-14,0.3820567971206813
2025-12-15,0.3715560844160129
2025-12-16,0.3582265954611719
2025-12-17,0.3464631656898372
2025-12-18,0.33855095472766
2025-12-19,0.333264301852279
2025-12-20,0.3678008031848183
2025-12-21,0.3639859109767574
2025-12-22,0.3610236503085873
2025-12-23,0.3551927580115461
2025-12-24,0.3595534808656093
2025-12-25,0.3664071450159087
2025-12-26,0.362507601452719
2025-12-27,0.3581550029226709
2025-12-28,0.3756551809226847
2025-12-29,0.3650325156256184
2025-12-30,0.3607924047608453
2025-12-31,0.3691367620830441
2026-01-01,0.3638820271525862
2026-01-02,0.375821194939762
2026-01-03,0.3845960427965864
2026-01-04,0.3855096528300569
2026-01-05,0.3882838301978216
2026-01-06,0.4065565530728003
2026-01-07,0.4015470907571111
2026-01-08,0.3865449322667277
2026-01-09,0.3964833561450731
2026-01-10,0.3836185563031488
2026-01-11,0.3823672058145483
2026-01-12,0.3829324298141434
2026-01-13,0.3883517274305965
2026-01-14,0.4208915583040976
2026-01-15,0.3858155926927643
2026-01-16,0.4151759280590663
2026-01-17,0.4120864726469697
2026-01-18,0.4110974636344738
2026-01-19,0.416416539589968
2026-01-20,0.3957107861861688
2026-01-21,0.3670455513550061
2026-01-22,0.353689299261671
2026-01-23,0.3758761562029621
2026-01-24,0.377158734488486
2026-01-25,0.3768160622734978
2026-01-26,0.3547995358771635
2026-01-27,0.3671011868961467
2026-01-28,0.375987979936499
2026-01-29,0.3763897536316069
2026-01-30,0.3411769017045363
2026-01-31,0.3391872385344679
2026-02-01,0.2884326545170522
2026-02-02,0.2815516488074575
2026-02-03,0.2949624363645605
2026-02-04,0.2669554178257804
2026-02-05,0.242171611972931
2026-02-06,0.1402689351608744
2026-02-07,0.2304084139310814
2026-02-08,0.2070137879688691
2026-02-09,0.2274416153655528
2026-02-10,0.2202135162872256
2026-02-11,0.202855579935525
2026-02-12,0.1864810498667925
2026-02-13,0.1735068933679915
2026-02-14,0.2105184651432784
2026-02-15,0.2176869685619129
2026-02-16,0.2070672777240897
2026-02-17,0.2038220129273253
2026-02-18,0.1920896114844414
2026-02-19,0.1850657099478281
2026-02-20,0.1843552574803055
2026-02-21,0.1985647455166093
2026-02-22,0.1981164540705711
2026-02-23,0.1944333587492967
2026-02-24,0.1587121623889366
2026-02-25,0.1506619798779625
2026-02-26,0.2056432641048916
2026-02-27,0.1935092110006977
2026-02-28,0.1703184838206154
2026-03-01,0.1900632617792647
2026-03-02,0.1680884983932473
2026-03-03,0.2176430238296011
2026-03-04,0.2037210348611674
2026-03-05,0.2531514866247261
2026-03-06,0.2382110560109108
2026-03-07,0.1993506206406488
2026-03-08,0.1919734902004598
2026-03-09,0.1806019618760792
2026-03-10,0.2089028265764335
2026-03-11,0.2227472658824477
2026-03-12,0.2313474407237169
2026-03-13,0.2272304196775466
2026-03-14,0.2338597056785569
2026-03-15,0.2333901611508171
2026-03-16,0.2560287025410577
2026-03-17,0.2752482477573572
2026-03-18,0.2698991231672936
2026-03-19,0.23742354095696
2026-03-20,0.2291350700602278
2026-03-21,0.2339043135067693
2026-03-22,0.2297653799407517
2026-03-23,0.2058561174950978
2026-03-24,0.2345271907905915
2026-03-25,0.2308407153675555
2026-03-26,0.2411477063152385
2026-03-27,0.2154582444726446
2026-03-28,0.1823349474725633
2026-03-30,0.1887950438187639
2026-03-31,0.1912905880948203
2026-04-01,0.2079447894197906
2026-04-02,0.2096160380027378
2026-04-03,0.1932199446490001
2026-04-04,0.193961957640892
2026-04-05,0.1987884258272317
2026-04-06,0.2008583145015232
2026-04-07,0.222512584467444
2026-04-08,0.2287155188804569
2026-04-09,0.244610646121328
2026-04-10,0.2521471084554792
2026-04-11,0.2607165815572833
2026-04-12,0.2656319152277261
2026-04-13,0.2374960071271342
