date,realizedLossUsd
2015-02-01,3406753.36
2015-02-02,4969417.38
2015-02-03,2778349.26
2015-02-04,5719091.81
2015-02-05,5374305.63
2015-02-06,2620475.13
2015-02-07,2220844.19
2015-02-08,1975579.42
2015-02-09,4449079.79
2015-02-10,2713449.18
2015-02-11,4687923.73
2015-02-12,2412117.46
2015-02-13,2877478.85
2015-02-14,3355330.03
2015-02-15,2452451.41
2015-02-16,3337284.0
2015-02-17,2140407.2
2015-02-18,2012452.7
2015-02-19,10514891.3
2015-02-20,1311188.46
2015-02-21,985416.99
2015-02-22,2064449.26
2015-02-23,4056906.59
2015-02-24,2755694.31
2015-02-25,6240727.18
2015-02-26,1839825.82
2015-02-27,2786633.02
2015-02-28,3206939.3
2015-03-01,2314637.25
2015-03-02,3084493.45
2015-03-03,9581888.17
2015-03-04,2498494.63
2015-03-05,6835899.29
2015-03-06,1712845.23
2015-03-07,8450954.12
2015-03-08,7413293.27
2015-03-09,9454702.85
2015-03-10,1903569.62
2015-03-11,1708653.49
2015-03-12,787203.04
2015-03-13,6469214.13
2015-03-14,1398761.87
2015-03-15,1107689.46
2015-03-16,3292370.56
2015-03-17,1043879.83
2015-03-18,6099278.03
2015-03-19,5247441.86
2015-03-20,2782444.49
2015-03-21,1834769.75
2015-03-22,1589084.08
2015-03-23,2571690.88
2015-03-24,4274911.51
2015-03-25,4682785.73
2015-03-26,3449962.96
2015-03-27,2909467.11
2015-03-28,1262224.14
2015-03-29,1499868.84
2015-03-30,3105992.3
2015-03-31,2036330.84
2015-04-01,11014997.54
2015-04-02,2780613.82
2015-04-03,2455646.85
2015-04-04,583910.57
2015-04-05,789007.37
2015-04-06,1253151.62
2015-04-07,1611290.56
2015-04-08,2364141.3
2015-04-09,4170250.11
2015-04-10,11002259.08
2015-04-11,1445645.18
2015-04-12,2122615.83
2015-04-13,5403070.82
2015-04-14,4691917.98
2015-04-15,14446078.43
2015-04-16,2259351.47
2015-04-17,2831810.67
2015-04-18,1049705.9
2015-04-19,834508.82
2015-04-20,2629522.32
2015-04-21,3401538.36
2015-04-22,1711530.9
2015-04-23,975016.19
2015-04-24,2001169.11
2015-04-25,1571008.54
2015-04-26,2594455.68
2015-04-27,3730891.12
2015-04-28,1782323.02
2015-04-29,1584719.42
2015-04-30,1125047.84
2015-05-01,1513633.01
2015-05-02,891250.08
2015-05-03,906790.88
2015-05-04,1641868.21
2015-05-05,2244576.82
2015-05-06,1173546.92
2015-05-07,2199619.16
2015-05-08,1106858.36
2015-05-09,1023032.62
2015-05-10,984997.77
2015-05-11,4596416.93
2015-05-12,2196608.76
2015-05-13,1175121.54
2015-05-14,2019652.32
2015-05-15,1302035.08
2015-05-16,996929.49
2015-05-17,634207.42
2015-05-18,1798381.72
2015-05-19,1780624.5
2015-05-20,1139192.09
2015-05-21,978932.81
2015-05-22,1993644.31
2015-05-23,1531501.26
2015-05-24,529656.55
2015-05-25,2444065.57
2015-05-26,1402987.09
2015-05-27,2153742.73
2015-05-28,2456690.75
2015-05-29,866972.03
2015-05-30,12814371.71
2015-05-31,2304235.03
2015-06-01,4803622.9
2015-06-02,3581774.94
2015-06-03,2190051.57
2015-06-04,1913183.07
2015-06-05,1311254.44
2015-06-06,687456.94
2015-06-07,3153895.17
2015-06-08,1183933.03
2015-06-09,950161.55
2015-06-10,2380727.2
2015-06-11,2119966.76
2015-06-12,1250156.96
2015-06-13,2309558.07
2015-06-14,1430935.74
2015-06-15,1249181.82
2015-06-16,1765407.89
2015-06-17,2322847.53
2015-06-18,1338299.71
2015-06-19,2894205.92
2015-06-20,2126938.21
2015-06-21,770761.68
2015-06-22,993301.99
2015-06-23,1422407.86
2015-06-24,2158757.15
2015-06-25,1692329.16
2015-06-26,1324581.33
2015-06-27,563603.56
2015-06-28,496874.34
2015-06-29,1429213.56
2015-06-30,1207298.66
2015-07-01,1413736.22
2015-07-02,2062487.96
2015-07-03,6980620.26
2015-07-04,409447.38
2015-07-05,2657812.42
2015-07-06,2661763.37
2015-07-07,1497379.37
2015-07-08,2767251.03
2015-07-09,5130472.84
2015-07-10,2720580.7
2015-07-11,2154720.78
2015-07-12,1225843.3
2015-07-13,3363234.19
2015-07-14,1786786.16
2015-07-15,1549785.95
2015-07-16,3085733.06
2015-07-17,2471842.11
2015-07-18,1722626.18
2015-07-19,859879.68
2015-07-20,4683781.66
2015-07-21,1802067.38
2015-07-22,1230955.17
2015-07-23,645619.29
2015-07-24,928514.95
2015-07-25,720351.26
2015-07-26,564160.1
2015-07-27,1512443.81
2015-07-28,1198538.97
2015-07-29,2085414.11
2015-07-30,2053180.32
2015-07-31,880929.33
2015-08-01,993581.12
2015-08-02,669466.75
2015-08-03,953097.32
2015-08-04,2748007.57
2015-08-05,1191742.41
2015-08-06,1311566.04
2015-08-07,1106249.54
2015-08-08,2497372.48
2015-08-09,22044488.56
2015-08-10,2259656.89
2015-08-11,1803353.43
2015-08-12,1352755.62
2015-08-13,1873202.75
2015-08-14,3556623.37
2015-08-15,2037640.41
2015-08-16,3950151.48
2015-08-17,2624008.14
2015-08-18,4010308.84
2015-08-19,9898881.35
2015-08-20,6935607.78
2015-08-21,4541161.38
2015-08-22,4104556.99
2015-08-23,1912174.86
2015-08-24,11811208.37
2015-08-25,25722808.49
2015-08-26,9842451.71
2015-08-27,2205128.67
2015-08-28,2500376.53
2015-08-29,2328671.05
2015-08-30,1675787.61
2015-08-31,1888603.05
2015-09-01,2197741.62
2015-09-02,2369327.94
2015-09-03,3410813.1
2015-09-04,1616111.83
2015-09-05,1082776.36
2015-09-06,1544379.18
2015-09-07,986281.39
2015-09-08,1570987.7
2015-09-09,1973446.41
2015-09-10,4908413.03
2015-09-11,1151053.44
2015-09-12,915619.76
2015-09-13,1560273.9
2015-09-14,2378487.56
2015-09-15,1568825.6
2015-09-16,1655498.62
2015-09-17,1245196.83
2015-09-18,933836.04
2015-09-19,1102987.07
2015-09-20,1117567.56
2015-09-21,2024896.2
2015-09-22,1775871.12
2015-09-23,4204160.82
2015-09-24,896256.1
2015-09-25,1227677.44
2015-09-26,861269.81
2015-09-27,586991.3
2015-09-28,2506232.8
2015-09-29,962458.05
2015-09-30,1041338.37
2015-10-01,2033187.55
2015-10-02,550647.4
2015-10-03,523483.47
2015-10-04,837313.91
2015-10-05,1035693.33
2015-10-06,1421817.78
2015-10-07,3658064.39
2015-10-08,2348076.41
2015-10-09,615446.87
2015-10-10,1147356.6
2015-10-11,845913.43
2015-10-12,5110811.7
2015-10-13,1063890.36
2015-10-14,4534016.0
2015-10-15,1197332.89
2015-10-16,1127944.4
2015-10-17,1392891.96
2015-10-18,1272207.83
2015-10-19,2034790.05
2015-10-20,741855.82
2015-10-21,1367972.48
2015-10-22,1718840.1
2015-10-23,930170.83
2015-10-24,458938.28
2015-10-25,941788.19
2015-10-26,1925677.25
2015-10-27,990048.04
2015-10-28,1417671.5
2015-10-29,1101176.64
2015-10-30,2316445.76
2015-10-31,4054621.53
2015-11-01,2367026.25
2015-11-02,1358331.66
2015-11-03,7425642.95
2015-11-04,15493030.95
2015-11-05,23996378.01
2015-11-06,12552811.63
2015-11-07,4329457.59
2015-11-08,4227895.55
2015-11-09,7773280.47
2015-11-10,16024867.66
2015-11-11,20389937.36
2015-11-12,8499594.7
2015-11-13,5260929.48
2015-11-14,2461289.68
2015-11-15,3553926.11
2015-11-16,5185411.24
2015-11-17,3060524.67
2015-11-18,1973195.09
2015-11-19,2800353.77
2015-11-20,3919503.61
2015-11-21,1484486.62
2015-11-22,1398729.35
2015-11-23,1525468.16
2015-11-24,2189918.88
2015-11-25,1798527.73
2015-11-26,2003868.39
2015-11-27,5468394.4
2015-11-28,1288296.33
2015-11-29,607396.06
2015-11-30,2122930.72
2015-12-01,3257633.51
2015-12-02,5040534.22
2015-12-03,2596368.53
2015-12-04,1681396.75
2015-12-05,1718344.63
2015-12-06,1960838.55
2015-12-07,1918467.44
2015-12-08,1318628.54
2015-12-09,2460898.8
2015-12-10,1663031.68
2015-12-11,2124672.12
2015-12-12,7358707.52
2015-12-13,2236868.94
2015-12-14,2138033.2
2015-12-15,1385489.34
2015-12-16,3375269.09
2015-12-17,1794009.96
2015-12-18,1721688.43
2015-12-19,1093198.19
2015-12-20,3164877.76
2015-12-21,7023185.56
2015-12-22,3407796.75
2015-12-23,2292934.4
2015-12-24,1519503.53
2015-12-25,971604.61
2015-12-26,6684037.88
2015-12-27,3338351.78
2015-12-28,3675710.55
2015-12-29,1966193.78
2015-12-30,1813597.92
2015-12-31,1435917.07
2016-01-01,895234.71
2016-01-02,538526.45
2016-01-03,1234178.75
2016-01-04,939489.44
2016-01-05,1017429.24
2016-01-06,1143876.46
2016-01-07,677732.47
2016-01-08,1288225.24
2016-01-09,1120249.49
2016-01-10,1055234.21
2016-01-11,1312259.23
2016-01-12,2973021.75
2016-01-13,6120306.57
2016-01-14,6804020.84
2016-01-15,14043001.01
2016-01-16,10105562.63
2016-01-17,5855578.39
2016-01-18,5161634.72
2016-01-19,3794726.92
2016-01-20,4216158.41
2016-01-21,8814909.68
2016-01-22,23951582.28
2016-01-23,18148096.72
2016-01-24,4177604.24
2016-01-25,3961668.64
2016-01-26,3020157.66
2016-01-27,4000433.63
2016-01-28,7797375.23
2016-01-29,9950338.26
2016-01-30,6702080.38
2016-01-31,2818935.32
2016-02-01,13442821.02
2016-02-02,3867775.82
2016-02-03,3835435.16
2016-02-04,2543351.87
2016-02-05,3719931.35
2016-02-06,4898460.84
2016-02-07,2790486.71
2016-02-08,3541573.28
2016-02-09,4307841.2
2016-02-10,3130223.18
2016-02-11,2363511.63
2016-02-12,1807781.33
2016-02-13,1382250.5
2016-02-14,1332277.71
2016-02-15,4948125.81
2016-02-16,2188640.25
2016-02-17,1496951.51
2016-02-18,1520582.15
2016-02-19,1809236.68
2016-02-20,1300710.14
2016-02-21,3195067.58
2016-02-22,1541007.48
2016-02-23,4554725.41
2016-02-24,3329979.63
2016-02-25,2431643.62
2016-02-26,1521083.48
2016-02-27,1281515.09
2016-02-28,2034870.82
2016-02-29,1194806.76
2016-03-01,2872346.93
2016-03-02,2285111.04
2016-03-03,5216893.52
2016-03-04,3484436.54
2016-03-05,9657945.87
2016-03-06,3292589.41
2016-03-07,3554513.64
2016-03-08,2989190.48
2016-03-09,4300290.31
2016-03-10,2182733.96
2016-03-11,1675263.25
2016-03-12,2274763.73
2016-03-13,1581406.69
2016-03-14,1583083.28
2016-03-15,1668189.07
2016-03-16,1270701.97
2016-03-17,965668.11
2016-03-18,2721860.59
2016-03-19,2253758.32
2016-03-20,1437364.8
2016-03-21,1906960.94
2016-03-22,817100.76
2016-03-23,685597.51
2016-03-24,1184054.7
2016-03-25,1102015.39
2016-03-26,754612.03
2016-03-27,504725.79
2016-03-28,986359.66
2016-03-29,2310181.78
2016-03-30,1993323.49
2016-03-31,1472068.05
2016-04-01,852180.0
2016-04-02,595733.41
2016-04-03,977482.93
2016-04-04,709769.09
2016-04-05,575756.23
2016-04-06,663190.39
2016-04-07,1064665.42
2016-04-08,1046741.85
2016-04-09,999633.15
2016-04-10,510000.16
2016-04-11,619163.76
2016-04-12,854212.08
2016-04-13,773682.62
2016-04-14,699613.73
2016-04-15,575134.19
2016-04-16,841216.53
2016-04-17,1121961.4
2016-04-18,971246.09
2016-04-19,681753.24
2016-04-20,900469.44
2016-04-21,474488.08
2016-04-22,849703.63
2016-04-23,614429.9
2016-04-24,822255.01
2016-04-25,791840.06
2016-04-26,1191369.16
2016-04-27,3102960.24
2016-04-28,4878687.23
2016-04-29,1156612.56
2016-04-30,1212161.74
2016-05-01,821986.82
2016-05-02,2866388.73
2016-05-03,1125728.75
2016-05-04,1942223.98
2016-05-05,778199.51
2016-05-06,524650.34
2016-05-07,2023036.21
2016-05-08,575607.64
2016-05-09,681806.44
2016-05-10,2016363.07
2016-05-11,1708362.23
2016-05-12,1150030.01
2016-05-13,733760.49
2016-05-14,566830.17
2016-05-15,289640.99
2016-05-16,1598912.14
2016-05-17,1048751.39
2016-05-18,1338672.38
2016-05-19,2641964.53
2016-05-20,3221463.16
2016-05-21,1168404.69
2016-05-22,1366061.48
2016-05-23,1245139.46
2016-05-24,946585.73
2016-05-25,765680.61
2016-05-26,493169.93
2016-05-27,1353221.62
2016-05-28,1565756.65
2016-05-29,3580289.43
2016-05-30,2336574.97
2016-05-31,2728233.59
2016-06-01,1822316.33
2016-06-02,1023848.25
2016-06-03,872170.29
2016-06-04,1376590.91
2016-06-05,1251946.95
2016-06-06,829456.74
2016-06-07,3098152.47
2016-06-08,1491999.21
2016-06-09,1859242.07
2016-06-10,1445906.33
2016-06-11,671605.5
2016-06-12,1917903.6
2016-06-13,4043754.11
2016-06-14,5152869.5
2016-06-15,2268390.14
2016-06-16,1350939.5
2016-06-17,6820000.19
2016-06-18,2798516.73
2016-06-19,2131759.32
2016-06-20,5750774.45
2016-06-21,23495165.37
2016-06-22,27653230.81
2016-06-23,28617153.59
2016-06-24,9021126.24
2016-06-25,4311631.92
2016-06-26,10383724.61
2016-06-27,6710801.49
2016-06-28,4386046.82
2016-06-29,7967533.12
2016-06-30,4736029.52
2016-07-01,2572076.93
2016-07-02,1165811.38
2016-07-03,4722720.7
2016-07-04,3401949.6
2016-07-05,2624312.12
2016-07-06,1491441.19
2016-07-07,12046796.13
2016-07-08,5614557.39
2016-07-09,4274319.61
2016-07-10,2714693.71
2016-07-11,2834110.18
2016-07-12,1609218.93
2016-07-13,2825001.12
2016-07-14,2214932.18
2016-07-15,1465330.95
2016-07-16,1162914.34
2016-07-17,878383.52
2016-07-18,1936365.24
2016-07-19,1767682.74
2016-07-20,2671120.82
2016-07-21,1752534.07
2016-07-22,3108015.83
2016-07-23,2514419.82
2016-07-24,1389441.19
2016-07-25,2144911.57
2016-07-26,3060780.0
2016-07-27,2165191.06
2016-07-28,1675775.91
2016-07-29,840613.86
2016-07-30,768796.49
2016-07-31,6506532.21
2016-08-01,8178742.05
2016-08-02,26020235.24
2016-08-03,17168006.74
2016-08-04,10957125.94
2016-08-05,4441174.58
2016-08-06,5116332.93
2016-08-07,5748546.48
2016-08-08,3977716.43
2016-08-09,5033699.68
2016-08-10,6028611.33
2016-08-11,3216441.95
2016-08-12,2811064.96
2016-08-13,1788511.4
2016-08-14,4183561.72
2016-08-15,5076207.11
2016-08-16,4833675.09
2016-08-17,3638527.91
2016-08-18,2369167.95
2016-08-19,3147602.32
2016-08-20,1497933.99
2016-08-21,1017684.91
2016-08-22,1779183.81
2016-08-23,2842197.33
2016-08-24,3313192.78
2016-08-25,2328895.8
2016-08-26,1644469.81
2016-08-27,1894823.48
2016-08-28,1491135.54
2016-08-29,3873097.69
2016-08-30,2004187.9
2016-08-31,2547284.45
2016-09-01,2235703.93
2016-09-02,1352245.4
2016-09-03,1038851.78
2016-09-04,858272.93
2016-09-05,1312235.72
2016-09-06,753897.81
2016-09-07,948919.91
2016-09-08,1858318.94
2016-09-09,1185614.34
2016-09-10,670772.57
2016-09-11,1683717.82
2016-09-12,3139303.33
2016-09-13,1996294.38
2016-09-14,1023334.63
2016-09-15,1155504.14
2016-09-16,905033.19
2016-09-17,846708.48
2016-09-18,673312.08
2016-09-19,1414691.46
2016-09-20,898581.51
2016-09-21,3690456.97
2016-09-22,1604611.11
2016-09-23,1656613.7
2016-09-24,2703063.52
2016-09-25,1277210.56
2016-09-26,960232.59
2016-09-27,1127129.38
2016-09-28,1038781.44
2016-09-29,1042160.73
2016-09-30,1405575.64
2016-10-01,371367.62
2016-10-02,854853.86
2016-10-03,722590.95
2016-10-04,1248048.57
2016-10-05,822695.54
2016-10-06,590127.92
2016-10-07,762004.97
2016-10-08,766410.3
2016-10-09,672799.86
2016-10-10,773892.65
2016-10-11,839971.75
2016-10-12,684375.37
2016-10-13,866379.69
2016-10-14,630010.07
2016-10-15,727982.61
2016-10-16,485794.28
2016-10-17,785359.82
2016-10-18,1132888.21
2016-10-19,1735493.65
2016-10-20,1729026.83
2016-10-21,782068.01
2016-10-22,519383.2
2016-10-23,648542.13
2016-10-24,1003721.32
2016-10-25,602023.07
2016-10-26,527783.55
2016-10-27,1065429.56
2016-10-28,530507.85
2016-10-29,633074.61
2016-10-30,2071324.55
2016-10-31,1903828.29
2016-11-01,1294817.1
2016-11-02,1074407.01
2016-11-03,6353472.21
2016-11-04,4296295.99
2016-11-05,1136125.95
2016-11-06,1124697.02
2016-11-07,1662269.05
2016-11-08,1185366.45
2016-11-09,1747860.78
2016-11-10,2108739.61
2016-11-11,885434.87
2016-11-12,1575115.83
2016-11-13,3103967.2
2016-11-14,2185809.55
2016-11-15,719870.87
2016-11-16,875605.48
2016-11-17,906454.08
2016-11-18,1353269.59
2016-11-19,564599.84
2016-11-20,2977645.32
2016-11-21,2269310.79
2016-11-22,1113117.12
2016-11-23,2028591.78
2016-11-24,1861104.1
2016-11-25,1439515.13
2016-11-26,1786831.03
2016-11-27,971822.0
2016-11-28,1615826.38
2016-11-29,1438098.78
2016-11-30,521910.38
2016-12-01,291327.42
2016-12-02,655228.09
2016-12-03,1315528.01
2016-12-04,750501.89
2016-12-05,3074251.49
2016-12-06,1234418.59
2016-12-07,754450.88
2016-12-08,584326.5
2016-12-09,573820.9
2016-12-10,166349.18
2016-12-11,793749.75
2016-12-12,231023.85
2016-12-13,940091.32
2016-12-14,851131.05
2016-12-15,498040.53
2016-12-16,520293.02
2016-12-17,260619.19
2016-12-18,417658.1
2016-12-19,591466.82
2016-12-20,471368.85
2016-12-21,502743.58
2016-12-22,1300312.01
2016-12-23,2926800.93
2016-12-24,3244178.28
2016-12-25,4580260.03
2016-12-26,1369989.24
2016-12-27,838649.69
2016-12-28,1342068.13
2016-12-29,2070283.11
2016-12-30,4212050.79
2016-12-31,1485087.91
2017-01-01,256131.26
2017-01-02,1333006.18
2017-01-03,1186772.0
2017-01-04,2541342.22
2017-01-05,28162058.86
2017-01-06,41421646.82
2017-01-07,25817068.51
2017-01-08,7095733.09
2017-01-09,11553127.53
2017-01-10,6987378.34
2017-01-11,37213129.83
2017-01-12,24535183.07
2017-01-13,15353577.42
2017-01-14,5692007.71
2017-01-15,6261256.5
2017-01-16,5982370.27
2017-01-17,3792060.49
2017-01-18,8834851.73
2017-01-19,3645875.33
2017-01-20,2872668.16
2017-01-21,1046405.47
2017-01-22,3081052.19
2017-01-23,1680833.99
2017-01-24,5201265.03
2017-01-25,4658661.57
2017-01-26,1511704.09
2017-01-27,1206570.68
2017-01-28,809093.7
2017-01-29,1040618.46
2017-01-30,1132946.17
2017-01-31,1119754.25
2017-02-01,1392646.32
2017-02-02,967432.24
2017-02-03,2435048.02
2017-02-04,1283080.99
2017-02-05,2118494.97
2017-02-06,1298994.96
2017-02-07,799419.66
2017-02-08,2877414.37
2017-02-09,16134065.69
2017-02-10,11026978.67
2017-02-11,2342866.37
2017-02-12,1817926.66
2017-02-13,3290976.65
2017-02-14,2262763.23
2017-02-15,1502188.68
2017-02-16,909437.21
2017-02-17,1120669.38
2017-02-18,886454.2
2017-02-19,1976202.85
2017-02-20,917273.34
2017-02-21,1000795.3
2017-02-22,1554268.96
2017-02-23,1048221.63
2017-02-24,5300784.61
2017-02-25,4292797.37
2017-02-26,2170539.8
2017-02-27,1436542.14
2017-02-28,1649184.4
2017-03-01,970971.21
2017-03-02,1656932.05
2017-03-03,3087890.79
2017-03-04,3060384.53
2017-03-05,2267989.79
2017-03-06,1169751.94
2017-03-07,7777618.36
2017-03-08,15711676.95
2017-03-09,12049487.4
2017-03-10,17870722.71
2017-03-11,11085355.56
2017-03-12,3463026.15
2017-03-13,2603436.55
2017-03-14,2397164.39
2017-03-15,1590338.84
2017-03-16,16131058.6
2017-03-17,35760770.05
2017-03-18,43178567.44
2017-03-19,19148460.49
2017-03-20,25929365.68
2017-03-21,9100822.51
2017-03-22,28253511.52
2017-03-23,16034058.25
2017-03-24,35231662.88
2017-03-25,30262748.9
2017-03-26,10646709.37
2017-03-27,13181166.0
2017-03-28,8317959.47
2017-03-29,9858463.11
2017-03-30,9022222.98
2017-03-31,6724253.76
2017-04-01,4268172.42
2017-04-02,5852460.62
2017-04-03,3535499.7
2017-04-04,3850548.75
2017-04-05,4697666.77
2017-04-06,1541114.97
2017-04-07,2801531.12
2017-04-08,2387064.76
2017-04-09,1278056.51
2017-04-10,1858653.97
2017-04-11,1385446.12
2017-04-12,2427757.8
2017-04-13,8693589.34
2017-04-14,7705809.69
2017-04-15,2968034.81
2017-04-16,4219213.44
2017-04-17,3910263.24
2017-04-18,1675828.86
2017-04-19,2042888.47
2017-04-20,955641.48
2017-04-21,1530367.59
2017-04-22,2405877.21
2017-04-23,1373637.89
2017-04-24,651467.39
2017-04-25,896936.87
2017-04-26,1938417.75
2017-04-27,1693935.77
2017-04-28,4389815.78
2017-04-29,2091898.64
2017-04-30,1879627.61
2017-05-01,1864620.22
2017-05-02,3441280.36
2017-05-03,2179363.59
2017-05-04,7215476.28
2017-05-05,11255337.31
2017-05-06,6443770.09
2017-05-07,4862289.33
2017-05-08,6157548.76
2017-05-09,6259059.75
2017-05-10,5082425.02
2017-05-11,6717277.12
2017-05-12,21959503.32
2017-05-13,20398023.52
2017-05-14,5823262.46
2017-05-15,20355994.84
2017-05-16,15290365.42
2017-05-17,12767803.4
2017-05-18,4910869.88
2017-05-19,4193664.75
2017-05-20,5510243.6
2017-05-21,5934105.32
2017-05-22,13020640.72
2017-05-23,10376945.09
2017-05-24,10550315.41
2017-05-25,48914966.61
2017-05-26,63708816.13
2017-05-27,85339997.17
2017-05-28,26953619.65
2017-05-29,20634120.52
2017-05-30,28311850.75
2017-05-31,21017194.16
2017-06-01,15090558.89
2017-06-02,11364352.59
2017-06-03,6762934.23
2017-06-04,9721407.03
2017-06-05,4403772.52
2017-06-06,14847158.54
2017-06-07,24617137.13
2017-06-08,19452608.11
2017-06-09,7189128.64
2017-06-10,6638217.57
2017-06-11,3936597.64
2017-06-12,51993789.57
2017-06-13,35591568.96
2017-06-14,60402634.1
2017-06-15,136548459.89
2017-06-16,40345506.96
2017-06-17,16509623.76
2017-06-18,30848385.24
2017-06-19,19457900.68
2017-06-20,10546438.56
2017-06-21,24379604.67
2017-06-22,14029242.45
2017-06-23,6450075.65
2017-06-24,20612109.45
2017-06-25,30876072.91
2017-06-26,61238755.62
2017-06-27,57469468.3
2017-06-28,19748527.77
2017-06-29,15984771.15
2017-06-30,23468806.18
2017-07-01,26813625.62
2017-07-02,18296118.28
2017-07-03,12948152.61
2017-07-04,9510465.02
2017-07-05,12348163.23
2017-07-06,8588820.44
2017-07-07,21623848.79
2017-07-08,20545099.91
2017-07-09,10493419.35
2017-07-10,41825005.39
2017-07-11,47146549.04
2017-07-12,38656689.48
2017-07-13,21554320.64
2017-07-14,44813201.35
2017-07-15,74432694.69
2017-07-16,84026066.85
2017-07-17,51490656.33
2017-07-18,32253340.94
2017-07-19,29176534.67
2017-07-20,11883799.31
2017-07-21,25203332.01
2017-07-22,7966086.23
2017-07-23,17415601.64
2017-07-24,11006982.56
2017-07-25,86535175.19
2017-07-26,51738108.49
2017-07-27,17954568.0
2017-07-28,14447576.77
2017-07-29,24162613.8
2017-07-30,49197135.04
2017-07-31,8799321.17
2017-08-01,29221180.41
2017-08-02,32786114.74
2017-08-03,6154635.24
2017-08-04,4680078.43
2017-08-05,7123143.45
2017-08-06,7874414.48
2017-08-07,7650941.51
2017-08-08,14672663.35
2017-08-09,27556178.15
2017-08-10,10821823.7
2017-08-11,5753215.46
2017-08-12,11785169.64
2017-08-13,26988720.86
2017-08-14,12760956.47
2017-08-15,67030439.07
2017-08-16,36789945.55
2017-08-17,31865921.3
2017-08-18,52012247.8
2017-08-19,50982944.65
2017-08-20,22896990.71
2017-08-21,36220914.88
2017-08-22,61796369.46
2017-08-23,20419668.89
2017-08-24,11987694.88
2017-08-25,6297593.54
2017-08-26,10186044.89
2017-08-27,5739504.57
2017-08-28,13378346.54
2017-08-29,6471057.35
2017-08-30,10835166.06
2017-08-31,3218472.96
2017-09-01,5558549.06
2017-09-02,42052163.74
2017-09-03,31930027.75
2017-09-04,106916170.51
2017-09-05,84678096.64
2017-09-06,19313442.26
2017-09-07,16482774.36
2017-09-08,67892451.53
2017-09-09,47345007.29
2017-09-10,54845033.27
2017-09-11,53482276.41
2017-09-12,52642104.17
2017-09-13,175466791.23
2017-09-14,230806221.91
2017-09-15,269077787.32
2017-09-16,65298019.75
2017-09-17,51032534.91
2017-09-18,31959966.88
2017-09-19,45990942.07
2017-09-20,34784559.75
2017-09-21,66365127.17
2017-09-22,77127584.05
2017-09-23,22926102.74
2017-09-24,25501029.64
2017-09-25,30086236.56
2017-09-26,45301563.98
2017-09-27,14555446.73
2017-09-28,18685149.14
2017-09-29,23476240.1
2017-09-30,7091281.16
2017-10-01,9655837.83
2017-10-02,8704252.42
2017-10-03,21135562.38
2017-10-04,18547885.03
2017-10-05,13834389.84
2017-10-06,8671352.71
2017-10-07,7086218.73
2017-10-08,3048747.97
2017-10-09,6574853.74
2017-10-10,11420125.09
2017-10-11,11035338.12
2017-10-12,5363147.9
2017-10-13,24269977.22
2017-10-14,10381186.33
2017-10-15,27050726.16
2017-10-16,12086644.91
2017-10-17,24019247.61
2017-10-18,57717387.12
2017-10-19,12476006.18
2017-10-20,11649583.15
2017-10-21,11872942.38
2017-10-22,25392945.94
2017-10-23,43675646.71
2017-10-24,68631762.34
2017-10-25,54669756.2
2017-10-26,15168447.47
2017-10-27,24596727.38
2017-10-28,18953396.36
2017-10-29,11433120.99
2017-10-30,15585194.17
2017-10-31,6833505.42
2017-11-01,9991601.33
2017-11-02,26924324.11
2017-11-03,23073436.16
2017-11-04,20510629.61
2017-11-05,13673053.4
2017-11-06,51848400.27
2017-11-07,47419487.7
2017-11-08,34226067.88
2017-11-09,60460945.21
2017-11-10,120881785.93
2017-11-11,97106863.32
2017-11-12,201631059.56
2017-11-13,161620119.56
2017-11-14,81264266.2
2017-11-15,27605421.63
2017-11-16,35195739.67
2017-11-17,60684162.74
2017-11-18,50196424.33
2017-11-19,24201237.12
2017-11-20,18015884.24
2017-11-21,49852675.16
2017-11-22,28278356.88
2017-11-23,32128139.65
2017-11-24,30799319.04
2017-11-25,14753935.76
2017-11-26,16837313.11
2017-11-27,28968948.58
2017-11-28,16746478.82
2017-11-29,156960608.95
2017-11-30,217724193.7
2017-12-01,75916566.78
2017-12-02,35004813.23
2017-12-03,40907810.19
2017-12-04,53891154.3
2017-12-05,37686700.92
2017-12-06,31391098.2
2017-12-07,94700134.44
2017-12-08,292157085.75
2017-12-09,306095643.3
2017-12-10,281063991.73
2017-12-11,79172091.01
2017-12-12,98914271.08
2017-12-13,177892656.94
2017-12-14,111878592.77
2017-12-15,68633330.66
2017-12-16,24046197.04
2017-12-17,77369672.92
2017-12-18,128728419.25
2017-12-19,178921889.41
2017-12-20,426501284.05
2017-12-21,342264807.76
2017-12-22,951168198.89
2017-12-23,338375214.04
2017-12-24,500984197.36
2017-12-25,262903031.76
2017-12-26,194770569.88
2017-12-27,293612046.54
2017-12-28,472581313.03
2017-12-29,303163928.44
2017-12-30,563013784.97
2017-12-31,433339778.32
2018-01-01,302229292.29
2018-01-02,194017686.25
2018-01-03,129091789.55
2018-01-04,184961919.69
2018-01-05,98876399.02
2018-01-06,93658154.11
2018-01-07,163914666.21
2018-01-08,405133830.18
2018-01-09,288324820.91
2018-01-10,359722386.18
2018-01-11,454894081.82
2018-01-12,216938449.77
2018-01-13,115113745.6
2018-01-14,246202322.31
2018-01-15,162566301.46
2018-01-16,833809503.67
2018-01-17,903743278.71
2018-01-18,444176759.62
2018-01-19,380661291.83
2018-01-20,244818982.15
2018-01-21,331754844.61
2018-01-22,432724655.5
2018-01-23,474466567.01
2018-01-24,279022703.32
2018-01-25,233428240.94
2018-01-26,329372845.66
2018-01-27,120757043.69
2018-01-28,107308872.95
2018-01-29,215639515.0
2018-01-30,568475508.93
2018-01-31,354168430.83
2018-02-01,671536223.71
2018-02-02,1005248362.04
2018-02-03,313373455.42
2018-02-04,384238330.77
2018-02-05,897607099.72
2018-02-06,962795905.24
2018-02-07,429646276.72
2018-02-08,475627334.82
2018-02-09,303929822.71
2018-02-10,192087666.8
2018-02-11,188050603.25
2018-02-12,202430397.89
2018-02-13,201743484.29
2018-02-14,127925228.37
2018-02-15,100375265.55
2018-02-16,117455344.66
2018-02-17,64271165.75
2018-02-18,120488586.74
2018-02-19,79799318.63
2018-02-20,79358951.25
2018-02-21,177817933.15
2018-02-22,209462418.52
2018-02-23,175309596.26
2018-02-24,145902674.02
2018-02-25,112977621.1
2018-02-26,116887378.8
2018-02-27,102203334.99
2018-02-28,238794803.03
2018-03-01,128399564.95
2018-03-02,59135558.54
2018-03-03,61322492.61
2018-03-04,35588673.91
2018-03-05,63576247.03
2018-03-06,109155315.95
2018-03-07,259660390.78
2018-03-08,259788076.03
2018-03-09,738606878.98
2018-03-10,164924063.63
2018-03-11,150000549.03
2018-03-12,160081904.38
2018-03-13,192227485.13
2018-03-14,271201872.39
2018-03-15,292505960.51
2018-03-16,214889780.43
2018-03-17,168570632.61
2018-03-18,231346051.14
2018-03-19,146872435.39
2018-03-20,119404697.21
2018-03-21,95304717.15
2018-03-22,163135373.67
2018-03-23,122349684.81
2018-03-24,56508708.23
2018-03-25,153247808.78
2018-03-26,265618878.36
2018-03-27,158917708.19
2018-03-28,176346228.06
2018-03-29,329446143.8
2018-03-30,364763905.59
2018-03-31,124933817.98
2018-04-01,190065729.74
2018-04-02,144662103.42
2018-04-03,149362356.0
2018-04-04,177890055.57
2018-04-05,195923782.39
2018-04-06,192379835.57
2018-04-07,126929236.56
2018-04-08,83872032.74
2018-04-09,179396874.8
2018-04-10,134253463.89
2018-04-11,178912691.04
2018-04-12,168982399.45
2018-04-13,87554010.06
2018-04-14,67530961.55
2018-04-15,45130601.64
2018-04-16,102897579.73
2018-04-17,112983915.65
2018-04-18,75375295.63
2018-04-19,56294652.49
2018-04-20,68825878.75
2018-04-21,52518983.46
2018-04-22,46799551.79
2018-04-23,44202932.1
2018-04-24,102230713.12
2018-04-25,128737936.83
2018-04-26,106216974.74
2018-04-27,106444663.57
2018-04-28,56570016.38
2018-04-29,65877205.37
2018-04-30,59720673.08
2018-05-01,60679952.12
2018-05-02,66577523.22
2018-05-03,47450433.06
2018-05-04,56300764.2
2018-05-05,36729538.05
2018-05-06,71159104.16
2018-05-07,79843301.52
2018-05-08,69034318.65
2018-05-09,59292749.88
2018-05-10,67064030.35
2018-05-11,180685699.66
2018-05-12,81593164.82
2018-05-13,49632998.21
2018-05-14,101457942.49
2018-05-15,84876302.38
2018-05-16,168912959.07
2018-05-17,154411381.03
2018-05-18,137507391.82
2018-05-19,38593312.09
2018-05-20,29069200.67
2018-05-21,44203887.75
2018-05-22,87684215.25
2018-05-23,171135976.34
2018-05-24,147058589.71
2018-05-25,111707932.77
2018-05-26,50769258.64
2018-05-27,68062943.2
2018-05-28,152705613.33
2018-05-29,117441241.85
2018-05-30,90482569.67
2018-05-31,90524248.2
2018-06-01,89592989.85
2018-06-02,33618586.51
2018-06-03,30229504.39
2018-06-04,83228249.31
2018-06-05,102193078.17
2018-06-06,75128392.25
2018-06-07,53233564.73
2018-06-08,93652231.77
2018-06-09,51677073.25
2018-06-10,216566558.06
2018-06-11,220171969.4
2018-06-12,144260278.0
2018-06-13,324642963.74
2018-06-14,128472741.34
2018-06-15,115218113.6
2018-06-16,54854635.15
2018-06-17,60768096.93
2018-06-18,103970562.57
2018-06-19,69773060.27
2018-06-20,78783065.14
2018-06-21,62205758.17
2018-06-22,188129986.18
2018-06-23,95023392.09
2018-06-24,137272665.48
2018-06-25,95403046.94
2018-06-26,94700096.69
2018-06-27,776869089.02
2018-06-28,138271815.39
2018-06-29,119244363.64
2018-06-30,49109514.58
2018-07-01,231700467.2
2018-07-02,67420210.93
2018-07-03,79266326.58
2018-07-04,58295047.96
2018-07-05,58583042.3
2018-07-06,115639652.93
2018-07-07,33041049.07
2018-07-08,102613756.41
2018-07-09,49122500.23
2018-07-10,102262112.8
2018-07-11,102486727.16
2018-07-12,114324366.97
2018-07-13,123381629.34
2018-07-14,40433596.17
2018-07-15,24291043.95
2018-07-16,69780893.28
2018-07-17,43479114.1
2018-07-18,75704401.39
2018-07-19,61678201.98
2018-07-20,45566852.32
2018-07-21,37953770.65
2018-07-22,18199639.83
2018-07-23,41971948.73
2018-07-24,55863389.52
2018-07-25,49460134.63
2018-07-26,50379269.08
2018-07-27,52383099.76
2018-07-28,20915349.32
2018-07-29,44001628.21
2018-07-30,42151929.84
2018-07-31,60932952.91
2018-08-01,73329386.23
2018-08-02,73419015.92
2018-08-03,99434656.6
2018-08-04,93525617.15
2018-08-05,64736027.82
2018-08-06,120587321.1
2018-08-07,74667084.18
2018-08-08,165897725.64
2018-08-09,177019090.94
2018-08-10,112622919.22
2018-08-11,102294034.9
2018-08-12,46074985.44
2018-08-13,108907481.93
2018-08-14,206997663.46
2018-08-15,126892458.77
2018-08-16,83987032.38
2018-08-17,57979923.94
2018-08-18,37340681.92
2018-08-19,29283881.4
2018-08-20,57331042.88
2018-08-21,78039372.7
2018-08-22,84915466.19
2018-08-23,70238927.5
2018-08-24,42766582.45
2018-08-25,32342327.06
2018-08-26,21555122.65
2018-08-27,58162788.15
2018-08-28,41342512.8
2018-08-29,48230444.6
2018-08-30,51038861.57
2018-08-31,48841999.19
2018-09-01,17971204.52
2018-09-02,14082590.63
2018-09-03,38106749.7
2018-09-04,36772647.45
2018-09-05,100579369.32
2018-09-06,172809474.44
2018-09-07,83085477.43
2018-09-08,48415119.05
2018-09-09,56518787.01
2018-09-10,86641512.55
2018-09-11,121656935.55
2018-09-12,75328822.81
2018-09-13,183972330.14
2018-09-14,32452717.36
2018-09-15,26175309.45
2018-09-16,24494252.29
2018-09-17,58526057.48
2018-09-18,49625388.16
2018-09-19,47761780.15
2018-09-20,56500835.59
2018-09-21,174545575.09
2018-09-22,33872661.91
2018-09-23,20605486.3
2018-09-24,37857210.62
2018-09-25,147162163.84
2018-09-26,37001306.87
2018-09-27,35888056.06
2018-09-28,47211180.18
2018-09-29,46072917.99
2018-09-30,33986232.46
2018-10-01,76629232.76
2018-10-02,68441326.18
2018-10-03,62605907.64
2018-10-04,39962497.36
2018-10-05,26913761.03
2018-10-06,22485735.82
2018-10-07,16563644.68
2018-10-08,26255083.66
2018-10-09,38908488.66
2018-10-10,40926552.57
2018-10-11,394284037.25
2018-10-12,52419712.98
2018-10-13,41783459.52
2018-10-14,41692433.99
2018-10-15,79497156.11
2018-10-16,93179459.18
2018-10-17,55846412.42
2018-10-18,46600328.88
2018-10-19,39745099.93
2018-10-20,440537578.22
2018-10-21,17489818.9
2018-10-22,50166664.55
2018-10-23,44048963.71
2018-10-24,27967906.23
2018-10-25,44815841.54
2018-10-26,95232242.84
2018-10-27,14038633.67
2018-10-28,16443203.59
2018-10-29,44065466.1
2018-10-30,39935791.97
2018-10-31,59331993.28
2018-11-01,63796528.99
2018-11-02,27398958.13
2018-11-03,17025245.74
2018-11-04,21128021.04
2018-11-05,27810747.15
2018-11-06,27652034.45
2018-11-07,23930271.33
2018-11-08,25021761.52
2018-11-09,31319004.65
2018-11-10,19308016.12
2018-11-11,15726550.65
2018-11-12,27870923.09
2018-11-13,58967114.57
2018-11-14,194745147.92
2018-11-15,765460807.29
2018-11-16,146425546.61
2018-11-17,58467434.97
2018-11-18,36636644.01
2018-11-19,290411841.43
2018-11-20,717439692.55
2018-11-21,231046581.89
2018-11-22,161032358.9
2018-11-23,191072551.86
2018-11-24,166986025.1
2018-11-25,302814832.73
2018-11-26,280375688.29
2018-11-27,319449509.54
2018-11-28,192720224.13
2018-11-29,124399909.64
2018-11-30,462376610.92
2018-12-01,62324084.05
2018-12-02,66658140.05
2018-12-03,149562581.79
2018-12-04,243133396.36
2018-12-05,970286897.64
2018-12-06,574302355.5
2018-12-07,288729059.39
2018-12-08,95115340.36
2018-12-09,55227664.44
2018-12-10,163688693.56
2018-12-11,372849277.09
2018-12-12,125693859.39
2018-12-13,117844061.0
2018-12-14,192220676.52
2018-12-15,91635087.42
2018-12-16,81106295.51
2018-12-17,106410901.91
2018-12-18,293993882.58
2018-12-19,146762157.18
2018-12-20,95668731.43
2018-12-21,138867591.24
2018-12-22,44824362.25
2018-12-23,70000200.46
2018-12-24,86715888.12
2018-12-25,98197102.22
2018-12-26,60928773.95
2018-12-27,100557083.24
2018-12-28,178079647.34
2018-12-29,167490225.67
2018-12-30,72409166.9
2018-12-31,103228243.53
2019-01-01,54270079.62
2019-01-02,41448931.55
2019-01-03,87457238.66
2019-01-04,51028589.8
2019-01-05,23526997.09
2019-01-06,62298103.58
2019-01-07,64773353.4
2019-01-08,87870421.93
2019-01-09,35519619.96
2019-01-10,289755565.64
2019-01-11,530565337.54
2019-01-12,42081332.98
2019-01-13,48351516.36
2019-01-14,100957528.06
2019-01-15,214850421.25
2019-01-16,47800547.12
2019-01-17,63138078.89
2019-01-18,42956365.22
2019-01-19,44908088.83
2019-01-20,38945702.6
2019-01-21,68635358.57
2019-01-22,163759134.44
2019-01-23,47045291.12
2019-01-24,36184643.05
2019-01-25,58913681.37
2019-01-26,43544908.49
2019-01-27,37855359.25
2019-01-28,104939986.49
2019-01-29,90749374.87
2019-01-30,119796773.98
2019-01-31,57310004.91
2019-02-01,69912041.03
2019-02-02,28712806.16
2019-02-03,29303855.0
2019-02-04,81652959.35
2019-02-05,44039302.19
2019-02-06,85886251.47
2019-02-07,64933823.09
2019-02-08,59793133.44
2019-02-09,21932563.22
2019-02-10,18804545.5
2019-02-11,46427708.92
2019-02-12,60939017.23
2019-02-13,182634600.63
2019-02-14,34121181.9
2019-02-15,41723779.95
2019-02-16,67897888.56
2019-02-17,34097677.91
2019-02-18,62947340.54
2019-02-19,80774721.06
2019-02-20,39805948.84
2019-02-21,77749278.83
2019-02-22,32066613.21
2019-02-23,76725399.11
2019-02-24,56350171.66
2019-02-25,82736554.92
2019-02-26,35457337.65
2019-02-27,38063830.58
2019-02-28,148887406.03
2019-03-01,33402960.64
2019-03-02,57131239.83
2019-03-03,14924418.1
2019-03-04,92071446.94
2019-03-05,32307222.8
2019-03-06,30409051.31
2019-03-07,26078654.52
2019-03-08,46952868.85
2019-03-09,17763850.6
2019-03-10,31081127.08
2019-03-11,46312982.79
2019-03-12,58388466.24
2019-03-13,26378486.15
2019-03-14,38346413.04
2019-03-15,35980115.62
2019-03-16,76988664.43
2019-03-17,14964196.66
2019-03-18,36532721.18
2019-03-19,21448759.72
2019-03-20,28670247.75
2019-03-21,56207751.63
2019-03-22,30828462.79
2019-03-23,18385314.47
2019-03-24,16822316.11
2019-03-25,39605980.49
2019-03-26,58396169.86
2019-03-27,19986889.85
2019-03-28,19242256.7
2019-03-29,21080755.9
2019-03-30,13816904.71
2019-03-31,90320288.31
2019-04-01,23938276.36
2019-04-02,52084632.34
2019-04-03,55620420.41
2019-04-04,53643545.2
2019-04-05,84539676.92
2019-04-06,24400042.76
2019-04-07,28018390.48
2019-04-08,51187653.13
2019-04-09,33242779.54
2019-04-10,24392376.25
2019-04-11,60950898.37
2019-04-12,35264514.14
2019-04-13,17978461.55
2019-04-14,106206763.66
2019-04-15,39466127.8
2019-04-16,24770528.33
2019-04-17,26109099.04
2019-04-18,19061033.59
2019-04-19,44783715.73
2019-04-20,13466842.86
2019-04-21,28230410.6
2019-04-22,36766049.22
2019-04-23,14379089.9
2019-04-24,167689713.98
2019-04-25,51002348.98
2019-04-26,155528405.13
2019-04-27,32853413.66
2019-04-28,21760310.84
2019-04-29,71464485.23
2019-04-30,17279089.58
2019-05-01,262097832.32
2019-05-02,35692812.56
2019-05-03,22107924.57
2019-05-04,13699076.15
2019-05-05,11060714.36
2019-05-06,21269058.27
2019-05-07,45607450.28
2019-05-08,26673695.42
2019-05-09,67778876.39
2019-05-10,47961083.86
2019-05-11,34006037.68
2019-05-12,48324428.51
2019-05-13,36469763.95
2019-05-14,56885423.63
2019-05-15,45338343.47
2019-05-16,68279332.33
2019-05-17,177754956.58
2019-05-18,45919804.07
2019-05-19,20945672.01
2019-05-20,65784975.53
2019-05-21,48914325.49
2019-05-22,65911921.27
2019-05-23,52134782.44
2019-05-24,16665266.91
2019-05-25,7875573.73
2019-05-26,18852135.64
2019-05-27,21440682.59
2019-05-28,27415930.35
2019-05-29,28729598.41
2019-05-30,45863048.97
2019-05-31,73988808.71
2019-06-01,19462421.04
2019-06-02,9396214.52
2019-06-03,43323497.82
2019-06-04,487303386.91
2019-06-05,205159442.64
2019-06-06,111525714.55
2019-06-07,22907455.67
2019-06-08,25791540.76
2019-06-09,34351064.4
2019-06-10,34150819.91
2019-06-11,47241687.19
2019-06-12,23470508.24
2019-06-13,14779835.16
2019-06-14,25880532.98
2019-06-15,10690399.31
2019-06-16,26612544.77
2019-06-17,30779708.8
2019-06-18,44859877.89
2019-06-19,21102111.66
2019-06-20,10708018.04
2019-06-21,10584253.01
2019-06-22,51491114.57
2019-06-23,23860586.66
2019-06-24,22720834.76
2019-06-25,22772763.67
2019-06-26,85613128.4
2019-06-27,267393517.13
2019-06-28,106766191.31
2019-06-29,61983167.45
2019-06-30,88823875.6
2019-07-01,215445302.14
2019-07-02,196872384.93
2019-07-03,47761282.86
2019-07-04,53914018.56
2019-07-05,116851475.2
2019-07-06,23807248.79
2019-07-07,20798827.91
2019-07-08,22404377.73
2019-07-09,33343008.04
2019-07-10,104864504.51
2019-07-11,199019733.91
2019-07-12,82630015.56
2019-07-13,84313105.71
2019-07-14,152304271.76
2019-07-15,159636848.42
2019-07-16,196263929.44
2019-07-17,212694540.25
2019-07-18,133968736.85
2019-07-19,68615206.92
2019-07-20,34300715.38
2019-07-21,45944523.88
2019-07-22,72065741.09
2019-07-23,106463338.4
2019-07-24,111546423.27
2019-07-25,64704773.96
2019-07-26,69229757.69
2019-07-27,61731971.02
2019-07-28,33407316.73
2019-07-29,132763240.99
2019-07-30,65687839.36
2019-07-31,42741408.23
2019-08-01,32255263.3
2019-08-02,24232416.73
2019-08-03,10923864.4
2019-08-04,13636059.57
2019-08-05,18135410.46
2019-08-06,42664017.17
2019-08-07,30320587.64
2019-08-08,32014985.75
2019-08-09,16870458.47
2019-08-10,36609215.64
2019-08-11,24997280.89
2019-08-12,27826354.26
2019-08-13,68401144.49
2019-08-14,171149684.53
2019-08-15,146906373.1
2019-08-16,88765299.32
2019-08-17,67186994.21
2019-08-18,27149418.41
2019-08-19,62015950.93
2019-08-20,28331445.09
2019-08-21,117518438.95
2019-08-22,76821798.95
2019-08-23,30701523.21
2019-08-24,33614947.74
2019-08-25,26199462.48
2019-08-26,43632641.56
2019-08-27,47718331.63
2019-08-28,69410779.9
2019-08-29,147490010.65
2019-08-30,59047565.14
2019-08-31,33491337.75
2019-09-01,22242721.93
2019-09-02,46638515.4
2019-09-03,23280705.23
2019-09-04,34289982.61
2019-09-05,27988885.26
2019-09-06,44235902.54
2019-09-07,27681417.36
2019-09-08,14847876.54
2019-09-09,53181951.89
2019-09-10,44951878.57
2019-09-11,45249995.81
2019-09-12,43019294.29
2019-09-13,21852997.56
2019-09-14,10669214.82
2019-09-15,13835476.59
2019-09-16,32684972.43
2019-09-17,32526077.68
2019-09-18,20876835.26
2019-09-19,62206032.03
2019-09-20,27157282.35
2019-09-21,26511550.99
2019-09-22,17956011.54
2019-09-23,58646252.44
2019-09-24,366201688.79
2019-09-25,483142350.28
2019-09-26,434112068.75
2019-09-27,135562095.67
2019-09-28,105847987.79
2019-09-29,59009663.87
2019-09-30,118370328.66
2019-10-01,123559975.11
2019-10-02,63617459.69
2019-10-03,80188753.58
2019-10-04,63161996.57
2019-10-05,27377264.0
2019-10-06,48860126.87
2019-10-07,69522925.65
2019-10-08,72474914.77
2019-10-09,62867330.67
2019-10-10,51586053.45
2019-10-11,66055867.88
2019-10-12,27373422.24
2019-10-13,25669852.27
2019-10-14,60789810.1
2019-10-15,93931374.89
2019-10-16,103232173.83
2019-10-17,69325565.11
2019-10-18,84500416.12
2019-10-19,22529253.39
2019-10-20,24545112.32
2019-10-21,178124693.99
2019-10-22,40287923.18
2019-10-23,212426671.68
2019-10-24,235950710.69
2019-10-25,99239329.91
2019-10-26,76160531.97
2019-10-27,35123044.54
2019-10-28,54774957.76
2019-10-29,51143451.25
2019-10-30,56307121.97
2019-10-31,77722053.48
2019-11-01,68473241.32
2019-11-02,17049012.61
2019-11-03,30315303.67
2019-11-04,29562724.31
2019-11-05,439192063.33
2019-11-06,67081624.53
2019-11-07,40134070.5
2019-11-08,101694026.87
2019-11-09,42440820.56
2019-11-10,17126092.31
2019-11-11,50371972.91
2019-11-12,60266044.92
2019-11-13,37942382.83
2019-11-14,57311479.21
2019-11-15,66989225.7
2019-11-16,29361498.39
2019-11-17,17513497.29
2019-11-18,96876441.49
2019-11-19,88966787.87
2019-11-20,76459184.17
2019-11-21,169317633.61
2019-11-22,355577782.29
2019-11-23,177341769.57
2019-11-24,98479478.28
2019-11-25,235593658.0
2019-11-26,172462535.92
2019-11-27,209805515.99
2019-11-28,50637047.79
2019-11-29,80291026.54
2019-11-30,88714395.64
2019-12-01,65098749.31
2019-12-02,103777854.73
2019-12-03,110776345.37
2019-12-04,92203461.39
2019-12-05,85912340.98
2019-12-06,122684063.64
2019-12-07,18591906.7
2019-12-08,23957739.11
2019-12-09,48211802.85
2019-12-10,63133164.78
2019-12-11,80871226.74
2019-12-12,74532513.37
2019-12-13,32478934.48
2019-12-14,43395457.41
2019-12-15,25092983.02
2019-12-16,75767658.52
2019-12-17,135674692.32
2019-12-18,237997430.6
2019-12-19,60939030.31
2019-12-20,95413067.84
2019-12-21,22711997.16
2019-12-22,24083214.35
2019-12-23,48727844.11
2019-12-24,55174421.29
2019-12-25,192743564.36
2019-12-26,69276711.71
2019-12-27,63970417.72
2019-12-28,28307912.14
2019-12-29,18074547.38
2019-12-30,191785767.82
2019-12-31,50714572.38
2020-01-01,14836827.14
2020-01-02,44319150.5
2020-01-03,30170539.27
2020-01-04,39725414.13
2020-01-05,14994218.37
2020-01-06,29018440.8
2020-01-07,38699898.38
2020-01-08,38510521.72
2020-01-09,54555119.38
2020-01-10,55609948.98
2020-01-11,14478832.91
2020-01-12,15284685.54
2020-01-13,14982747.63
2020-01-14,158864177.73
2020-01-15,39414526.52
2020-01-16,47378715.04
2020-01-17,15813849.45
2020-01-18,14220536.17
2020-01-19,51709904.14
2020-01-20,50522785.88
2020-01-21,21021794.04
2020-01-22,30272469.3
2020-01-23,49680298.61
2020-01-24,28200699.72
2020-01-25,20973956.2
2020-01-26,16620025.6
2020-01-27,16884762.0
2020-01-28,23804260.0
2020-01-29,29736296.54
2020-01-30,20233872.22
2020-01-31,25469641.11
2020-02-01,14493180.73
2020-02-02,51377696.7
2020-02-03,136283594.07
2020-02-04,47954168.82
2020-02-05,13135957.19
2020-02-06,44173724.88
2020-02-07,14564578.61
2020-02-08,9757986.53
2020-02-09,9285447.85
2020-02-10,29026371.73
2020-02-11,25830001.03
2020-02-12,11433150.69
2020-02-13,32116910.36
2020-02-14,20404578.87
2020-02-15,41336780.71
2020-02-16,29920019.49
2020-02-17,71017690.3
2020-02-18,39557407.37
2020-02-19,36828535.75
2020-02-20,127983782.83
2020-02-21,35043187.23
2020-02-22,14520432.82
2020-02-23,9672553.9
2020-02-24,35537822.55
2020-02-25,53236389.07
2020-02-26,124562514.47
2020-02-27,153201463.43
2020-02-28,98375136.87
2020-02-29,59927428.93
2020-03-01,64339294.6
2020-03-02,73400726.93
2020-03-03,69242545.75
2020-03-04,207059063.49
2020-03-05,52542105.91
2020-03-06,25994248.73
2020-03-07,16636245.92
2020-03-08,69325992.76
2020-03-09,285504973.48
2020-03-10,173097749.81
2020-03-11,359940747.95
2020-03-12,1474338429.0
2020-03-13,1453056309.35
2020-03-14,318313673.07
2020-03-15,193299371.0
2020-03-16,554372747.46
2020-03-17,362528100.24
2020-03-18,170751486.36
2020-03-19,174301844.21
2020-03-20,313939937.45
2020-03-21,82843973.08
2020-03-22,53499307.11
2020-03-23,128644413.69
2020-03-24,101548522.51
2020-03-25,168801862.79
2020-03-26,63211493.68
2020-03-27,78722749.48
2020-03-28,86213435.21
2020-03-29,96222017.75
2020-03-30,103191281.04
2020-03-31,92576940.85
2020-04-01,441352198.41
2020-04-02,72313658.4
2020-04-03,47394408.16
2020-04-04,43989229.03
2020-04-05,22465493.35
2020-04-06,37734107.57
2020-04-07,88711230.24
2020-04-08,29709981.68
2020-04-09,47499265.05
2020-04-10,410703970.34
2020-04-11,32070350.95
2020-04-12,18956929.55
2020-04-13,99884598.17
2020-04-14,33149618.38
2020-04-15,49697102.73
2020-04-16,87724146.48
2020-04-17,28547860.43
2020-04-18,12707100.95
2020-04-19,26871825.44
2020-04-20,61333049.74
2020-04-21,61159001.56
2020-04-22,36960495.95
2020-04-23,41365661.62
2020-04-24,32097031.17
2020-04-25,12216008.2
2020-04-26,20265938.26
2020-04-27,17203266.54
2020-04-28,20735126.08
2020-04-29,37598737.24
2020-04-30,74802765.83
2020-05-01,39771814.18
2020-05-02,8442659.42
2020-05-03,22134273.85
2020-05-04,35554602.76
2020-05-05,27321307.37
2020-05-06,32918847.0
2020-05-07,21791580.84
2020-05-08,33041743.18
2020-05-09,57456875.11
2020-05-10,143666831.44
2020-05-11,225802530.55
2020-05-12,120946837.65
2020-05-13,34666769.72
2020-05-14,26545750.34
2020-05-15,69559282.65
2020-05-16,23939955.79
2020-05-17,7475867.49
2020-05-18,21872995.32
2020-05-19,19720669.28
2020-05-20,28267773.55
2020-05-21,109237174.36
2020-05-22,55410307.75
2020-05-23,17981121.13
2020-05-24,23423983.64
2020-05-25,154476409.93
2020-05-26,51866337.67
2020-05-27,20859098.33
2020-05-28,24185250.25
2020-05-29,53933450.72
2020-05-30,15353500.51
2020-05-31,28761181.64
2020-06-01,48913212.35
2020-06-02,76192748.14
2020-06-03,31385230.86
2020-06-04,32034831.5
2020-06-05,22286444.1
2020-06-06,11543764.52
2020-06-07,14547324.54
2020-06-08,10937828.5
2020-06-09,10748784.39
2020-06-10,13039482.64
2020-06-11,60770217.5
2020-06-12,37979567.11
2020-06-13,12692688.86
2020-06-14,9220330.8
2020-06-15,95563649.21
2020-06-16,16998463.51
2020-06-17,26785908.99
2020-06-18,22473480.05
2020-06-19,37579419.97
2020-06-20,11003093.69
2020-06-21,8561573.27
2020-06-22,11162126.07
2020-06-23,12218519.43
2020-06-24,76426000.68
2020-06-25,57607827.93
2020-06-26,40109916.59
2020-06-27,24467630.52
2020-06-28,38630095.17
2020-06-29,34272598.22
2020-06-30,34608294.11
2020-07-01,20485295.05
2020-07-02,33144751.25
2020-07-03,24696715.63
2020-07-04,11075518.67
2020-07-05,13028171.75
2020-07-06,16886872.89
2020-07-07,16869611.47
2020-07-08,9431015.73
2020-07-09,23362488.58
2020-07-10,33580429.26
2020-07-11,7489470.46
2020-07-12,9767073.15
2020-07-13,25700452.41
2020-07-14,19425427.29
2020-07-15,18951015.97
2020-07-16,28648597.36
2020-07-17,21225580.25
2020-07-18,7395531.46
2020-07-19,7386611.78
2020-07-20,10817129.02
2020-07-21,21353773.08
2020-07-22,14673966.71
2020-07-23,8927665.7
2020-07-24,12355109.09
2020-07-25,5233721.41
2020-07-26,9162946.71
2020-07-27,17661024.16
2020-07-28,44525277.13
2020-07-29,10827772.04
2020-07-30,26475444.57
2020-07-31,10837017.14
2020-08-01,10196180.89
2020-08-02,56626128.04
2020-08-03,24394569.84
2020-08-04,32794760.7
2020-08-05,10300286.22
2020-08-06,13673420.16
2020-08-07,28210851.65
2020-08-08,14181583.29
2020-08-09,14057435.28
2020-08-10,16649845.26
2020-08-11,54343326.78
2020-08-12,45131430.41
2020-08-13,23406045.42
2020-08-14,13899059.84
2020-08-15,11489929.13
2020-08-16,12621851.96
2020-08-17,17781011.96
2020-08-18,42161927.68
2020-08-19,64689007.47
2020-08-20,22985207.7
2020-08-21,34405877.19
2020-08-22,28164446.12
2020-08-23,16232454.84
2020-08-24,13519059.62
2020-08-25,58265969.48
2020-08-26,42433718.46
2020-08-27,48704136.77
2020-08-28,24770959.24
2020-08-29,26581311.86
2020-08-30,10024677.03
2020-08-31,20901851.07
2020-09-01,19033616.99
2020-09-02,96142857.14
2020-09-03,206461098.55
2020-09-04,222930097.18
2020-09-05,115831632.33
2020-09-06,76293553.72
2020-09-07,141016033.92
2020-09-08,99782787.93
2020-09-09,88575118.57
2020-09-10,60940818.93
2020-09-11,91614451.35
2020-09-12,50955228.98
2020-09-13,34403376.27
2020-09-14,61042377.11
2020-09-15,65381677.22
2020-09-16,37233340.8
2020-09-17,43312884.92
2020-09-18,38163735.3
2020-09-19,30285966.99
2020-09-20,35360279.05
2020-09-21,107204172.54
2020-09-22,74706762.12
2020-09-23,81063768.21
2020-09-24,139258224.68
2020-09-25,47594176.44
2020-09-26,20569309.21
2020-09-27,35550287.24
2020-09-28,21114616.7
2020-09-29,42723697.39
2020-09-30,56790695.99
2020-10-01,59449424.22
2020-10-02,81569432.17
2020-10-03,18521857.88
2020-10-04,15611744.09
2020-10-05,16193393.1
2020-10-06,34371189.51
2020-10-07,33765481.36
2020-10-08,25330254.1
2020-10-09,15788559.1
2020-10-10,15352113.36
2020-10-11,13306681.2
2020-10-12,25410871.54
2020-10-13,27918723.01
2020-10-14,22232472.7
2020-10-15,19430886.88
2020-10-16,36356425.35
2020-10-17,13161345.04
2020-10-18,7782736.74
2020-10-19,14591937.06
2020-10-20,19676958.97
2020-10-21,33964388.35
2020-10-22,39841877.41
2020-10-23,31658446.2
2020-10-24,14172637.5
2020-10-25,24972919.41
2020-10-26,29498831.71
2020-10-27,15820595.47
2020-10-28,79847881.52
2020-10-29,35966621.05
2020-10-30,47643349.77
2020-10-31,21712938.77
2020-11-01,23613160.11
2020-11-02,53553296.06
2020-11-03,39595948.99
2020-11-04,44005087.81
2020-11-05,40571926.02
2020-11-06,78401525.69
2020-11-07,82313073.67
2020-11-08,42279133.01
2020-11-09,78241973.09
2020-11-10,45429154.55
2020-11-11,25060753.07
2020-11-12,33190534.92
2020-11-13,33001822.29
2020-11-14,48698605.02
2020-11-15,34910208.1
2020-11-16,23898939.63
2020-11-17,35433669.03
2020-11-18,93076860.6
2020-11-19,56370480.96
2020-11-20,32032467.6
2020-11-21,35407479.71
2020-11-22,63112388.39
2020-11-23,64460583.68
2020-11-24,49464650.1
2020-11-25,75263891.41
2020-11-26,401320515.89
2020-11-27,219922699.2
2020-11-28,50231057.9
2020-11-29,38215892.3
2020-11-30,38305766.53
2020-12-01,161621738.61
2020-12-02,88643155.77
2020-12-03,33451037.73
2020-12-04,111636428.77
2020-12-05,36557641.21
2020-12-06,24690018.52
2020-12-07,34596815.49
2020-12-08,92371493.43
2020-12-09,142966732.51
2020-12-10,113886784.62
2020-12-11,140797665.32
2020-12-12,24303880.56
2020-12-13,28699886.64
2020-12-14,33698606.31
2020-12-15,28999790.44
2020-12-16,27824583.68
2020-12-17,117889780.96
2020-12-18,94699876.9
2020-12-19,39285134.84
2020-12-20,59178681.84
2020-12-21,166469048.34
2020-12-22,94805638.4
2020-12-23,99657311.04
2020-12-24,82905930.95
2020-12-25,37776130.25
2020-12-26,33602429.34
2020-12-27,128702926.38
2020-12-28,92682420.11
2020-12-29,102624020.69
2020-12-30,59048836.88
2020-12-31,92918353.57
2021-01-01,37058743.79
2021-01-02,89695598.42
2021-01-03,145718805.72
2021-01-04,421108047.75
2021-01-05,215184530.41
2021-01-06,133180872.61
2021-01-07,179238908.57
2021-01-08,277082505.04
2021-01-09,158231163.69
2021-01-10,302903790.51
2021-01-11,1231340195.9
2021-01-12,572557207.13
2021-01-13,385300746.82
2021-01-14,164893581.73
2021-01-15,501491780.12
2021-01-16,204388267.4
2021-01-17,264675907.95
2021-01-18,211430027.43
2021-01-19,331174115.59
2021-01-20,477887364.23
2021-01-21,882277966.26
2021-01-22,685395617.78
2021-01-23,257839126.9
2021-01-24,177974192.49
2021-01-25,247044811.26
2021-01-26,395126487.3
2021-01-27,574385549.09
2021-01-28,244199682.76
2021-01-29,484463723.15
2021-01-30,310770834.53
2021-01-31,253131131.65
2021-02-01,253665114.54
2021-02-02,121460771.15
2021-02-03,91165255.41
2021-02-04,196621699.35
2021-02-05,111433908.23
2021-02-06,125740392.09
2021-02-07,212931466.73
2021-02-08,156673535.97
2021-02-09,271411503.41
2021-02-10,325716675.44
2021-02-11,222293033.6
2021-02-12,179296061.15
2021-02-13,115635200.64
2021-02-14,76801567.66
2021-02-15,235911126.23
2021-02-16,167063584.8
2021-02-17,124270646.74
2021-02-18,135951359.71
2021-02-19,106546982.36
2021-02-20,173651066.64
2021-02-21,98319794.04
2021-02-22,655151420.84
2021-02-23,1550788267.96
2021-02-24,507550464.74
2021-02-25,449006928.62
2021-02-26,892802367.81
2021-02-27,1106871284.65
2021-02-28,477993447.84
2021-03-01,225952388.19
2021-03-02,297569388.32
2021-03-03,192845917.19
2021-03-04,396830762.12
2021-03-05,589978275.14
2021-03-06,157478701.38
2021-03-07,129346532.6
2021-03-08,154106996.08
2021-03-09,82576951.09
2021-03-10,141337539.32
2021-03-11,167239364.44
2021-03-12,171044264.72
2021-03-13,69477055.6
2021-03-14,147370322.3
2021-03-15,508395409.05
2021-03-16,438604869.09
2021-03-17,220721957.32
2021-03-18,182452378.82
2021-03-19,132358302.1
2021-03-20,78381858.35
2021-03-21,183175379.39
2021-03-22,366509812.21
2021-03-23,439762331.02
2021-03-24,451676698.82
2021-03-25,780007533.79
2021-03-26,273998336.32
2021-03-27,106856256.36
2021-03-28,99351192.75
2021-03-29,112635645.03
2021-03-30,81279529.55
2021-03-31,120265483.42
2021-04-01,87958237.58
2021-04-02,74987187.24
2021-04-03,120351464.61
2021-04-04,130858240.71
2021-04-05,141665918.06
2021-04-06,160400140.18
2021-04-07,360720522.83
2021-04-08,118164617.13
2021-04-09,91336471.2
2021-04-10,114299472.33
2021-04-11,81694757.66
2021-04-12,114713691.37
2021-04-13,87993205.97
2021-04-14,220192595.38
2021-04-15,149701642.96
2021-04-16,324497679.75
2021-04-17,171827877.35
2021-04-18,1100697830.25
2021-04-19,472786785.24
2021-04-20,717924192.62
2021-04-21,470646169.27
2021-04-22,796678274.56
2021-04-23,1524972513.38
2021-04-24,421679900.58
2021-04-25,677632241.26
2021-04-26,342236862.11
2021-04-27,217474215.48
2021-04-28,243104393.86
2021-04-29,474274919.8
2021-04-30,183048808.17
2021-05-01,100255546.1
2021-05-02,128898718.36
2021-05-03,166259626.62
2021-05-04,612263341.45
2021-05-05,264283689.65
2021-05-06,252572140.92
2021-05-07,223234590.84
2021-05-08,115290243.32
2021-05-09,151697749.45
2021-05-10,301072801.48
2021-05-11,425260544.82
2021-05-12,631101189.52
2021-05-13,1809417073.4
2021-05-14,897105513.06
2021-05-15,629306437.09
2021-05-16,1007750942.82
2021-05-17,1750057605.9
2021-05-18,1090241660.23
2021-05-19,4585661596.64
2021-05-20,3023258369.09
2021-05-21,1592899144.33
2021-05-22,1228316074.57
2021-05-23,1425076404.69
2021-05-24,850725836.49
2021-05-25,1187153628.43
2021-05-26,687128521.56
2021-05-27,726996506.98
2021-05-28,1071847892.83
2021-05-29,730457742.76
2021-05-30,373128302.86
2021-05-31,407298262.11
2021-06-01,725731993.71
2021-06-02,456087177.64
2021-06-03,545894667.91
2021-06-04,741805912.49
2021-06-05,417853891.46
2021-06-06,406956140.76
2021-06-07,739308174.18
2021-06-08,1794321849.91
2021-06-09,389717610.67
2021-06-10,653413051.17
2021-06-11,412755223.24
2021-06-12,355844102.42
2021-06-13,237657122.96
2021-06-14,265771241.33
2021-06-15,356591290.1
2021-06-16,344251520.99
2021-06-17,648728080.93
2021-06-18,505114850.53
2021-06-19,290303925.65
2021-06-20,362610465.0
2021-06-21,1261434006.42
2021-06-22,1140565041.84
2021-06-23,733565459.39
2021-06-24,660553316.0
2021-06-25,3822431543.7
2021-06-26,738181466.59
2021-06-27,207593439.27
2021-06-28,406236859.33
2021-06-29,313008579.1
2021-06-30,545757486.41
2021-07-01,662610914.74
2021-07-02,1299127004.85
2021-07-03,125790533.41
2021-07-04,149131444.28
2021-07-05,295685895.59
2021-07-06,258847074.86
2021-07-07,223320522.07
2021-07-08,545260029.95
2021-07-09,196674715.74
2021-07-10,144453459.11
2021-07-11,101023836.21
2021-07-12,305015728.43
2021-07-13,357668096.04
2021-07-14,429268995.62
2021-07-15,641092616.59
2021-07-16,521282691.72
2021-07-17,174003098.84
2021-07-18,270124116.18
2021-07-19,365284972.47
2021-07-20,534592193.8
2021-07-21,360732174.38
2021-07-22,177708376.67
2021-07-23,1123054210.78
2021-07-24,90964134.85
2021-07-25,187788051.12
2021-07-26,692566097.54
2021-07-27,323229241.1
2021-07-28,336440596.98
2021-07-29,188331308.24
2021-07-30,267759022.45
2021-07-31,129874660.38
2021-08-01,249212562.79
2021-08-02,300996614.23
2021-08-03,421618980.46
2021-08-04,154255140.05
2021-08-05,266011493.85
2021-08-06,291609696.95
2021-08-07,113432201.06
2021-08-08,274779153.16
2021-08-09,227152644.84
2021-08-10,173085259.89
2021-08-11,133699753.47
2021-08-12,284851073.39
2021-08-13,90446705.71
2021-08-14,123947060.3
2021-08-15,127707889.35
2021-08-16,188005876.41
2021-08-17,267717577.22
2021-08-18,246020101.44
2021-08-19,175775333.4
2021-08-20,79715748.71
2021-08-21,121321960.12
2021-08-22,95179135.87
2021-08-23,150975078.21
2021-08-24,276931122.25
2021-08-25,205658593.81
2021-08-26,514529700.36
2021-08-27,284326736.3
2021-08-28,126500505.74
2021-08-29,183086273.16
2021-08-30,370010466.86
2021-08-31,325073657.35
2021-09-01,244885148.21
2021-09-02,186058316.04
2021-09-03,180039504.04
2021-09-04,139189816.95
2021-09-05,66406486.39
2021-09-06,106346733.16
2021-09-07,929047619.14
2021-09-08,488229218.17
2021-09-09,434864171.35
2021-09-10,545409294.17
2021-09-11,347010066.37
2021-09-12,227232357.52
2021-09-13,700035143.09
2021-09-14,265496975.21
2021-09-15,127094062.25
2021-09-16,308266655.32
2021-09-17,193486883.45
2021-09-18,101270128.39
2021-09-19,149448717.34
2021-09-20,1121087632.82
2021-09-21,1114800352.03
2021-09-22,405196678.85
2021-09-23,320453540.3
2021-09-24,941524738.1
2021-09-25,253958149.94
2021-09-26,417096266.66
2021-09-27,394081149.99
2021-09-28,681048630.2
2021-09-29,450092563.39
2021-09-30,498949245.27
2021-10-01,179548821.92
2021-10-02,131171176.48
2021-10-03,159678856.29
2021-10-04,328748938.73
2021-10-05,167252674.24
2021-10-06,189052002.02
2021-10-07,353995907.86
2021-10-08,287277133.74
2021-10-09,133912107.65
2021-10-10,135528134.07
2021-10-11,147585294.4
2021-10-12,349817235.91
2021-10-13,262167574.89
2021-10-14,185071268.97
2021-10-15,204943942.84
2021-10-16,194992296.12
2021-10-17,208976553.56
2021-10-18,258886671.64
2021-10-19,181330759.62
2021-10-20,157753601.52
2021-10-21,832799311.99
2021-10-22,684371659.82
2021-10-23,208479980.8
2021-10-24,201852448.66
2021-10-25,168374843.04
2021-10-26,363703550.19
2021-10-27,959726110.92
2021-10-28,360694470.6
2021-10-29,270655216.24
2021-10-30,185974429.51
2021-10-31,250374952.38
2021-11-01,307958180.13
2021-11-02,170416416.51
2021-11-03,275673358.75
2021-11-04,450701852.73
2021-11-05,324418196.55
2021-11-06,195119837.27
2021-11-07,100631329.02
2021-11-08,139373291.44
2021-11-09,247099295.53
2021-11-10,472863755.38
2021-11-11,431598385.32
2021-11-12,695594280.78
2021-11-13,175878746.57
2021-11-14,161045747.56
2021-11-15,321521914.81
2021-11-16,1471530031.23
2021-11-17,792263276.11
2021-11-18,1311247908.18
2021-11-19,746525383.08
2021-11-20,207903065.26
2021-11-21,247338882.78
2021-11-22,1013518142.31
2021-11-23,785584156.56
2021-11-24,590308679.85
2021-11-25,357438152.66
2021-11-26,1633858470.41
2021-11-27,384747872.88
2021-11-28,363321410.18
2021-11-29,342760304.84
2021-11-30,759610131.17
2021-12-01,520253475.96
2021-12-02,662444807.26
2021-12-03,835635725.99
2021-12-04,3015956915.22
2021-12-05,703603501.82
2021-12-06,1639807274.98
2021-12-07,519777648.88
2021-12-08,790816029.11
2021-12-09,1401729540.26
2021-12-10,803318178.05
2021-12-11,259489556.97
2021-12-12,186628191.47
2021-12-13,783779322.89
2021-12-14,713205025.25
2021-12-15,636903779.37
2021-12-16,651710372.82
2021-12-17,837202173.27
2021-12-18,386423377.29
2021-12-19,200966014.88
2021-12-20,682550164.05
2021-12-21,365257910.39
2021-12-22,424135418.08
2021-12-23,460155668.74
2021-12-24,277878392.47
2021-12-25,421165195.16
2021-12-26,263272259.39
2021-12-27,205144191.86
2021-12-28,768084825.26
2021-12-29,675742232.13
2021-12-30,760068593.46
2021-12-31,778751949.49
2022-01-01,170870751.96
2022-01-02,201550762.34
2022-01-03,516277681.3
2022-01-04,556082324.58
2022-01-05,568878695.4
2022-01-06,1366625814.3
2022-01-07,1233671859.71
2022-01-08,420741413.5
2022-01-09,290381050.51
2022-01-10,663399950.31
2022-01-11,657474038.22
2022-01-12,355099089.5
2022-01-13,471793579.11
2022-01-14,412940507.55
2022-01-15,149084519.38
2022-01-16,171535148.0
2022-01-17,677076967.17
2022-01-18,496997252.1
2022-01-19,930652871.17
2022-01-20,670028568.24
2022-01-21,2845616000.37
2022-01-22,1521471851.4
2022-01-23,600406464.65
2022-01-24,1786775902.4
2022-01-25,688832471.49
2022-01-26,733874257.59
2022-01-27,1021605217.53
2022-01-28,1052589438.07
2022-01-29,1151458607.11
2022-01-30,628786799.5
2022-01-31,593691149.66
2022-02-01,1585710423.21
2022-02-02,490207283.6
2022-02-03,555026468.57
2022-02-04,303833966.4
2022-02-05,162222997.24
2022-02-06,220575831.51
2022-02-07,339413969.32
2022-02-08,495980465.28
2022-02-09,367227875.56
2022-02-10,566420074.33
2022-02-11,644631756.59
2022-02-12,243024033.58
2022-02-13,161996232.91
2022-02-14,328326507.59
2022-02-15,178046612.59
2022-02-16,188315542.36
2022-02-17,779014825.19
2022-02-18,690261794.38
2022-02-19,208153999.22
2022-02-20,497830895.71
2022-02-21,860758805.08
2022-02-22,643608985.67
2022-02-23,381262405.65
2022-02-24,1377508465.64
2022-02-25,863825928.54
2022-02-26,320207521.39
2022-02-27,403902973.42
2022-02-28,1432200691.44
2022-03-01,506473707.07
2022-03-02,446555939.32
2022-03-03,487147873.81
2022-03-04,952507907.79
2022-03-05,259860997.47
2022-03-06,286543189.98
2022-03-07,656222893.89
2022-03-08,406651324.79
2022-03-09,827073908.62
2022-03-10,920171779.04
2022-03-11,831338833.61
2022-03-12,165436637.57
2022-03-13,218649819.41
2022-03-14,312788177.36
2022-03-15,424641221.51
2022-03-16,603015378.67
2022-03-17,1065679902.4
2022-03-18,192491982.94
2022-03-19,120575693.88
2022-03-20,175310552.89
2022-03-21,343827751.01
2022-03-22,238258976.76
2022-03-23,278554454.91
2022-03-24,154283848.42
2022-03-25,267895698.18
2022-03-26,125321257.94
2022-03-27,76558887.0
2022-03-28,224140271.69
2022-03-29,239647404.22
2022-03-30,256154086.5
2022-03-31,580698178.59
2022-04-01,393943002.64
2022-04-02,236596480.22
2022-04-03,182193213.92
2022-04-04,329283026.95
2022-04-05,265204785.7
2022-04-06,882937807.64
2022-04-07,517317531.89
2022-04-08,455329206.57
2022-04-09,186798835.99
2022-04-10,183834783.32
2022-04-11,974239969.58
2022-04-12,607335637.89
2022-04-13,456618814.1
2022-04-14,814370790.35
2022-04-15,218988834.38
2022-04-16,149318130.67
2022-04-17,133503833.61
2022-04-18,554365506.14
2022-04-19,261306154.18
2022-04-20,301579264.03
2022-04-21,525527928.75
2022-04-22,753468621.11
2022-04-23,255253571.68
2022-04-24,281078509.05
2022-04-25,868615938.03
2022-04-26,842977046.35
2022-04-27,586909032.29
2022-04-28,556203775.31
2022-04-29,662905630.09
2022-04-30,293949310.54
2022-05-01,515890903.09
2022-05-02,1008106775.67
2022-05-03,848297584.24
2022-05-04,281336099.25
2022-05-05,1056350302.69
2022-05-06,848583366.43
2022-05-07,344798868.05
2022-05-08,773338687.22
2022-05-09,3088880448.74
2022-05-10,1903519940.33
2022-05-11,3384722040.37
2022-05-12,2732900552.83
2022-05-13,1549430850.61
2022-05-14,657684888.36
2022-05-15,330875812.51
2022-05-16,723420549.84
2022-05-17,648363383.21
2022-05-18,768141663.78
2022-05-19,865698547.83
2022-05-20,800355869.3
2022-05-21,204338323.53
2022-05-22,136682654.19
2022-05-23,628104607.68
2022-05-24,391822972.27
2022-05-25,339176024.94
2022-05-26,602943665.49
2022-05-27,1060122890.19
2022-05-28,123501894.03
2022-05-29,129943374.16
2022-05-30,243284388.72
2022-05-31,581360236.96
2022-06-01,889796358.03
2022-06-02,1272109017.7
2022-06-03,600601623.32
2022-06-04,483269617.77
2022-06-05,197565181.32
2022-06-06,544949035.58
2022-06-07,1139157359.21
2022-06-08,375912348.61
2022-06-09,675710574.41
2022-06-10,607684451.4
2022-06-11,569225542.79
2022-06-12,545649754.8
2022-06-13,4819840747.28
2022-06-14,4231588424.23
2022-06-15,3476144771.35
2022-06-16,2022804561.2
2022-06-17,2493704265.91
2022-06-18,2502948469.12
2022-06-19,738333156.83
2022-06-20,814534935.45
2022-06-21,1037706757.33
2022-06-22,1050098648.81
2022-06-23,460504992.37
2022-06-24,712868177.11
2022-06-25,153273719.41
2022-06-26,125503916.02
2022-06-27,741762027.4
2022-06-28,526927508.4
2022-06-29,667138612.72
2022-06-30,1762860587.1
2022-07-01,886991791.69
2022-07-02,337582120.44
2022-07-03,368012658.24
2022-07-04,230819129.95
2022-07-05,435172904.92
2022-07-06,1026218844.06
2022-07-07,362210351.87
2022-07-08,497316539.44
2022-07-09,729073567.48
2022-07-10,188259787.0
2022-07-11,1465109614.9
2022-07-12,442187561.56
2022-07-13,311027883.37
2022-07-14,625811458.79
2022-07-15,1798207677.03
2022-07-16,152636838.11
2022-07-17,139674242.76
2022-07-18,397161039.76
2022-07-19,1385569260.17
2022-07-20,337733233.9
2022-07-21,1319382447.66
2022-07-22,1053019945.6
2022-07-23,416713382.29
2022-07-24,193353031.34
2022-07-25,623925497.98
2022-07-26,583652888.51
2022-07-27,200422559.67
2022-07-28,256104713.69
2022-07-29,342410252.77
2022-07-30,144654030.63
2022-07-31,200192570.44
2022-08-01,282514967.44
2022-08-02,392740897.16
2022-08-03,281668187.0
2022-08-04,518858051.28
2022-08-05,227456072.29
2022-08-06,70107427.57
2022-08-07,109903156.28
2022-08-08,208883916.09
2022-08-09,669119602.85
2022-08-10,222131473.56
2022-08-11,305103111.84
2022-08-12,204087391.13
2022-08-13,116151235.67
2022-08-14,115474948.76
2022-08-15,318050862.03
2022-08-16,199275660.57
2022-08-17,381729837.69
2022-08-18,159640505.65
2022-08-19,890002654.35
2022-08-20,222347864.08
2022-08-21,121903135.96
2022-08-22,398894572.85
2022-08-23,276173972.54
2022-08-24,246777830.89
2022-08-25,259501984.19
2022-08-26,340379449.26
2022-08-27,381528224.45
2022-08-28,145494875.64
2022-08-29,265391104.01
2022-08-30,640091786.0
2022-08-31,327437490.96
2022-09-01,421243798.39
2022-09-02,406352248.39
2022-09-03,107837046.2
2022-09-04,104991613.09
2022-09-05,189243814.88
2022-09-06,648983406.97
2022-09-07,415087192.51
2022-09-08,334782544.35
2022-09-09,212871706.0
2022-09-10,116812676.75
2022-09-11,146761674.32
2022-09-12,190678889.02
2022-09-13,1203805862.86
2022-09-14,665861370.99
2022-09-15,603109918.92
2022-09-16,227098405.41
2022-09-17,135068536.64
2022-09-18,154019739.55
2022-09-19,615017382.0
2022-09-20,462187911.5
2022-09-21,459193705.5
2022-09-22,290058189.49
2022-09-23,259240112.19
2022-09-24,84152243.17
2022-09-25,137291756.06
2022-09-26,190411698.04
2022-09-27,448355736.68
2022-09-28,499080337.12
2022-09-29,311917079.63
2022-09-30,386552191.05
2022-10-01,99385854.36
2022-10-02,98288688.23
2022-10-03,179937306.59
2022-10-04,234368708.26
2022-10-05,241544215.06
2022-10-06,198041122.54
2022-10-07,189790401.57
2022-10-08,289798787.25
2022-10-09,65591405.15
2022-10-10,221540966.5
2022-10-11,228040389.03
2022-10-12,494408716.15
2022-10-13,253593338.27
2022-10-14,199403114.65
2022-10-15,77526854.43
2022-10-16,84127763.99
2022-10-17,532128894.18
2022-10-18,329673622.15
2022-10-19,250992257.75
2022-10-20,164445612.68
2022-10-21,157352907.56
2022-10-22,345186235.91
2022-10-23,74237730.14
2022-10-24,119377846.55
2022-10-25,88325274.81
2022-10-26,270029272.13
2022-10-27,170955405.38
2022-10-28,169013574.95
2022-10-29,90252491.08
2022-10-30,134237340.6
2022-10-31,209416202.68
2022-11-01,194358733.38
2022-11-02,214719611.11
2022-11-03,173059237.54
2022-11-04,188277597.77
2022-11-05,155129607.16
2022-11-06,219555924.31
2022-11-07,1129160000.46
2022-11-08,793553477.23
2022-11-09,2106001760.44
2022-11-10,1172096412.38
2022-11-11,973608612.76
2022-11-12,1096377153.97
2022-11-13,290977591.12
2022-11-14,820193279.91
2022-11-15,819207839.46
2022-11-16,1046995948.25
2022-11-17,1675350466.14
2022-11-18,4441371047.47
2022-11-19,239226248.17
2022-11-20,300693394.01
2022-11-21,723751000.6
2022-11-22,628869634.03
2022-11-23,451198024.49
2022-11-24,286996275.76
2022-11-25,276488198.3
2022-11-26,255703825.55
2022-11-27,404117948.9
2022-11-28,552532072.25
2022-11-29,223494407.3
2022-11-30,301938922.03
2022-12-01,275647424.7
2022-12-02,323841043.07
2022-12-03,114263598.71
2022-12-04,232875631.05
2022-12-05,1118254596.73
2022-12-06,394105717.18
2022-12-07,115190904.19
2022-12-08,237748762.9
2022-12-09,381601350.68
2022-12-10,46161294.77
2022-12-11,143125889.75
2022-12-12,150631874.23
2022-12-13,380253747.35
2022-12-14,471252790.54
2022-12-15,183604882.77
2022-12-16,238531604.39
2022-12-17,189281314.16
2022-12-18,89920391.36
2022-12-19,553274655.54
2022-12-20,150678325.82
2022-12-21,298269096.87
2022-12-22,178728448.39
2022-12-23,204589869.45
2022-12-24,96457706.69
2022-12-25,222178787.2
2022-12-26,65609574.36
2022-12-27,207949696.51
2022-12-28,562705394.54
2022-12-29,451799148.31
2022-12-30,197866382.59
2022-12-31,825431128.01
2023-01-01,446787253.89
2023-01-02,68143379.77
2023-01-03,202162585.45
2023-01-04,260722084.59
2023-01-05,284884977.83
2023-01-06,280010697.19
2023-01-07,170425175.99
2023-01-08,60839654.8
2023-01-09,110697530.78
2023-01-10,297153068.0
2023-01-11,388788286.95
2023-01-12,137658231.09
2023-01-13,181471582.68
2023-01-14,136523659.38
2023-01-15,134503699.06
2023-01-16,165694130.54
2023-01-17,160658354.05
2023-01-18,245164210.13
2023-01-19,317734818.89
2023-01-20,153397797.97
2023-01-21,104304939.24
2023-01-22,55212080.5
2023-01-23,74925901.31
2023-01-24,94639722.11
2023-01-25,135314807.12
2023-01-26,571350190.66
2023-01-27,443376485.83
2023-01-28,35609525.98
2023-01-29,53667578.27
2023-01-30,125149680.56
2023-01-31,115033155.17
2023-02-01,81294857.17
2023-02-02,96405795.04
2023-02-03,171197417.95
2023-02-04,41659758.7
2023-02-05,83446411.87
2023-02-06,91920700.4
2023-02-07,99710698.27
2023-02-08,63502289.22
2023-02-09,200434893.9
2023-02-10,238364520.22
2023-02-11,99048055.58
2023-02-12,84606637.31
2023-02-13,132886764.99
2023-02-14,91141752.3
2023-02-15,111108541.53
2023-02-16,96928839.87
2023-02-17,150904361.13
2023-02-18,42494577.69
2023-02-19,54047348.55
2023-02-20,57892535.75
2023-02-21,102740753.29
2023-02-22,261662630.78
2023-02-23,75127840.48
2023-02-24,272396144.37
2023-02-25,161756585.16
2023-02-26,51117025.95
2023-02-27,249291642.1
2023-02-28,447466258.26
2023-03-01,385240078.77
2023-03-02,124542776.65
2023-03-03,218661451.22
2023-03-04,84771810.15
2023-03-05,295446175.47
2023-03-06,165628162.23
2023-03-07,1356789117.24
2023-03-08,156956230.53
2023-03-09,302760018.71
2023-03-10,276775204.87
2023-03-11,250790391.03
2023-03-12,224805577.18
2023-03-13,198820763.34
2023-03-14,172835949.5
2023-03-15,146851135.66
2023-03-16,120866321.82
2023-03-17,94881507.98
2023-03-18,52493339.8
2023-03-19,79401461.32
2023-03-20,127402737.66
2023-03-21,81780047.24
2023-03-22,167486785.86
2023-03-23,112429574.93
2023-03-24,132048789.63
2023-03-25,135762618.02
2023-03-26,139476446.41
2023-03-27,143190274.8
2023-03-28,137367731.98
2023-03-29,51096501.88
2023-03-30,6135737029.16
2023-03-31,144009210.77
2023-04-01,32661856.27
2023-04-02,36211422.74
2023-04-03,106932543.37
2023-04-04,175804215.62
2023-04-05,179992679.75
2023-04-06,184181143.89
2023-04-07,188369608.02
2023-04-08,21197416.17
2023-04-09,91286216.78
2023-04-10,161375017.4
2023-04-11,231463818.01
2023-04-12,188813238.48
2023-04-13,146162658.95
2023-04-14,103512079.43
2023-04-15,110586896.3
2023-04-16,117661713.18
2023-04-17,124736530.06
2023-04-18,131811346.94
2023-04-19,138886163.82
2023-04-20,167432692.64
2023-04-21,195979221.47
2023-04-22,90330526.56
2023-04-23,48143716.19
2023-04-24,106099769.1
2023-04-25,164055822.0
2023-04-26,130725007.82
2023-04-27,81846539.34
2023-04-28,48495488.32
2023-04-29,46883851.12
2023-04-30,39181181.58
2023-05-01,165213836.49
2023-05-02,104517119.09
2023-05-03,103214097.29
2023-05-04,78138106.61
2023-05-05,53062115.93
2023-05-06,104236085.05
2023-05-07,155410054.16
2023-05-08,206584023.28
2023-05-09,150798064.53
2023-05-10,161720086.06
2023-05-11,218802550.19
2023-05-12,246093204.78
2023-05-13,57465718.77
2023-05-14,69441008.8
2023-05-15,80766248.59
2023-05-16,108961015.02
2023-05-17,115860152.24
2023-05-18,122759289.46
2023-05-19,156071441.68
2023-05-20,35229364.74
2023-05-21,62115081.38
2023-05-22,120520658.52
2023-05-23,88551663.14
2023-05-24,176023361.79
2023-05-25,307207515.97
2023-05-26,124003577.71
2023-05-27,39540602.67
2023-05-28,25274098.96
2023-05-29,96898555.9
2023-05-30,74838243.3
2023-05-31,164497132.67
2023-06-01,123205588.83
2023-06-02,85555466.45
2023-06-03,69176657.03
2023-06-04,52797847.62
2023-06-05,280856144.03
2023-06-06,181065011.63
2023-06-07,116998758.25
2023-06-08,111922443.37
2023-06-09,61567674.4
2023-06-10,208221819.19
2023-06-11,93619130.96
2023-06-12,172287062.53
2023-06-13,174893270.52
2023-06-14,161274960.4
2023-06-15,287956619.3
2023-06-16,135943940.64
2023-06-17,70678785.26
2023-06-18,70787081.47
2023-06-19,365621054.3
2023-06-20,348180873.2
2023-06-21,211858295.21
2023-06-22,75535717.22
2023-06-23,207426378.29
2023-06-24,35277053.64
2023-06-25,42444382.79
2023-06-26,76956252.96
2023-06-27,78652629.76
2023-06-28,80349006.55
2023-06-29,352197475.2
2023-06-30,82389830.24
2023-07-01,30954453.64
2023-07-02,20599463.94
2023-07-03,42797503.74
2023-07-04,47416680.2
2023-07-05,82349239.81
2023-07-06,766927090.73
2023-07-07,87327362.79
2023-07-08,22292973.13
2023-07-09,24403726.04
2023-07-10,103528012.57
2023-07-11,43065860.98
2023-07-12,73475338.96
2023-07-13,267973999.96
2023-07-14,120739641.66
2023-07-15,56180526.03
2023-07-16,28493533.58
2023-07-17,216191836.13
2023-07-18,105656485.38
2023-07-19,94702131.24
2023-07-20,83747777.1
2023-07-21,258896708.15
2023-07-22,221062644.89
2023-07-23,183228581.62
2023-07-24,145394518.35
2023-07-25,107560455.08
2023-07-26,69726391.82
2023-07-27,477968350.84
2023-07-28,1374783583.85
2023-07-29,27572279.94
2023-07-30,69124283.43
2023-07-31,110676286.92
2023-08-01,98174874.47
2023-08-02,231068679.31
2023-08-03,55932660.58
2023-08-04,71222735.5
2023-08-05,30592760.51
2023-08-06,19997421.62
2023-08-07,91198909.72
2023-08-08,116999665.48
2023-08-09,56803477.92
2023-08-10,86586193.97
2023-08-11,36565044.17
2023-08-12,20156427.14
2023-08-13,17273076.92
2023-08-14,94268149.07
2023-08-15,58013380.74
2023-08-16,83859935.31
2023-08-17,301945301.52
2023-08-18,502555410.4
2023-08-19,98983606.52
2023-08-20,125254339.41
2023-08-21,151525072.3
2023-08-22,177795805.2
2023-08-23,204066538.09
2023-08-24,230337270.98
2023-08-25,216195200.84
2023-08-26,63507221.87
2023-08-27,39844257.07
2023-08-28,142447112.34
2023-08-29,449852118.04
2023-08-30,124016657.51
2023-08-31,165350497.1
2023-09-01,230468004.38
2023-09-02,57998442.15
2023-09-03,64536845.96
2023-09-04,88403229.29
2023-09-05,160204529.72
2023-09-06,141792891.27
2023-09-07,107176702.34
2023-09-08,86300151.04
2023-09-09,74828207.56
2023-09-10,39011850.86
2023-09-11,176036234.16
2023-09-12,135942388.48
2023-09-13,65839077.96
2023-09-14,49694508.71
2023-09-15,56502112.03
2023-09-16,37567973.69
2023-09-17,22908505.79
2023-09-18,54635017.6
2023-09-19,63659753.53
2023-09-20,137020508.65
2023-09-21,89157838.06
2023-09-22,56066591.97
2023-09-23,36724953.23
2023-09-24,32243418.2
2023-09-25,113237389.79
2023-09-26,80714096.19
2023-09-27,96082421.53
2023-09-28,89057507.5
2023-09-29,82900316.01
2023-09-30,26482971.27
2023-10-01,42365543.55
2023-10-02,195594393.52
2023-10-03,99362567.31
2023-10-04,73882411.2
2023-10-05,119784705.46
2023-10-06,68668912.6
2023-10-07,56178493.44
2023-10-08,19017560.91
2023-10-09,120566761.2
2023-10-10,91619026.08
2023-10-11,178492732.66
2023-10-12,132815409.35
2023-10-13,78570774.26
2023-10-14,99748179.53
2023-10-15,21784661.79
2023-10-16,61505479.2
2023-10-17,90052154.32
2023-10-18,58936295.42
2023-10-19,322579032.96
2023-10-20,97750726.42
2023-10-21,24034191.14
2023-10-22,32199512.33
2023-10-23,85999557.23
2023-10-24,137625046.05
2023-10-25,76710850.09
2023-10-26,73933974.93
2023-10-27,93971612.85
2023-10-28,34700275.91
2023-10-29,19356695.42
2023-10-30,64535915.98
2023-10-31,55963279.05
2023-11-01,39568004.14
2023-11-02,59430742.61
2023-11-03,76327364.12
2023-11-04,18643918.07
2023-11-05,30495584.42
2023-11-06,32249285.39
2023-11-07,39654909.45
2023-11-08,28786462.12
2023-11-09,136260610.67
2023-11-10,39109018.7
2023-11-11,41275099.15
2023-11-12,27157843.96
2023-11-13,50770476.64
2023-11-14,150229583.35
2023-11-15,136291077.13
2023-11-16,115761248.16
2023-11-17,101343644.16
2023-11-18,18951896.02
2023-11-19,31769700.52
2023-11-20,38238754.0
2023-11-21,98575908.21
2023-11-22,141067477.46
2023-11-23,38665954.29
2023-11-24,47226528.29
2023-11-25,17661563.29
2023-11-26,31695904.52
2023-11-27,85737532.61
2023-11-28,47851126.64
2023-11-29,57178064.37
2023-11-30,299891186.85
2023-12-01,34042828.79
2023-12-02,13893313.73
2023-12-03,22032979.9
2023-12-04,63501990.17
2023-12-05,47617342.58
2023-12-06,74796781.07
2023-12-07,82046179.15
2023-12-08,60824566.48
2023-12-09,31340507.4
2023-12-10,30984924.11
2023-12-11,347631910.38
2023-12-12,187166547.64
2023-12-13,95655217.61
2023-12-14,64052128.96
2023-12-15,100740149.0
2023-12-16,64531861.84
2023-12-17,65475163.65
2023-12-18,166398001.86
2023-12-19,71091680.52
2023-12-20,63411699.82
2023-12-21,53877833.27
2023-12-22,45786922.13
2023-12-23,25483255.05
2023-12-24,30628120.28
2023-12-25,53825335.43
2023-12-26,145428408.95
2023-12-27,85693857.22
2023-12-28,102582986.86
2023-12-29,260893087.42
2023-12-30,71380063.64
2023-12-31,50552344.83
2024-01-01,22254470.8
2024-01-02,54234206.75
2024-01-03,218637002.22
2024-01-04,94786033.34
2024-01-05,101826510.09
2024-01-06,38679152.82
2024-01-07,22599821.23
2024-01-08,62928800.37
2024-01-09,102468069.14
2024-01-10,166910563.84
2024-01-11,132859049.28
2024-01-12,465389724.57
2024-01-13,171619997.5
2024-01-14,110845152.29
2024-01-15,216640496.2
2024-01-16,166145243.68
2024-01-17,169599480.23
2024-01-18,263237348.45
2024-01-19,232997428.76
2024-01-20,67839584.58
2024-01-21,33264197.16
2024-01-22,343245250.79
2024-01-23,433521863.55
2024-01-24,340789345.17
2024-01-25,154589885.42
2024-01-26,168930210.44
2024-01-27,33800451.79
2024-01-28,31659467.3
2024-01-29,103709746.15
2024-01-30,92521894.57
2024-01-31,176698749.08
2024-02-01,176871618.77
2024-02-02,86509838.85
2024-02-03,19886777.86
2024-02-04,51664687.57
2024-02-05,112223126.82
2024-02-06,95785945.22
2024-02-07,44243328.44
2024-02-08,27032555.67
2024-02-09,64063346.17
2024-02-10,28196760.31
2024-02-11,19823078.71
2024-02-12,63620210.92
2024-02-13,140509875.99
2024-02-14,56812198.02
2024-02-15,67669889.54
2024-02-16,61615741.38
2024-02-17,53243524.89
2024-02-18,28622297.02
2024-02-19,28304233.31
2024-02-20,105113762.54
2024-02-21,165421039.81
2024-02-22,77897744.51
2024-02-23,100472811.08
2024-02-24,50604340.75
2024-02-25,13741773.87
2024-02-26,53983859.78
2024-02-27,62670138.22
2024-02-28,139884783.52
2024-02-29,189600104.01
2024-03-01,107469565.22
2024-03-02,34701094.32
2024-03-03,46583423.48
2024-03-04,40941591.29
2024-03-05,567373058.2
2024-03-06,236694405.73
2024-03-07,75252431.56
2024-03-08,90859693.25
2024-03-09,20231737.19
2024-03-10,38134275.89
2024-03-11,88780331.62
2024-03-12,218061434.64
2024-03-13,66518010.66
2024-03-14,294002327.72
2024-03-15,814353887.93
2024-03-16,194697728.18
2024-03-17,275612507.42
2024-03-18,351612977.6
2024-03-19,1221754377.67
2024-03-20,681969785.88
2024-03-21,237452926.69
2024-03-22,363333924.42
2024-03-23,117680048.04
2024-03-24,61396690.15
2024-03-25,81032614.25
2024-03-26,588620257.2
2024-03-27,174784457.56
2024-03-28,75359477.43
2024-03-29,140736127.71
2024-03-30,24254836.19
2024-03-31,19349693.57
2024-04-01,538015661.02
2024-04-02,755180064.57
2024-04-03,307657303.84
2024-04-04,215795181.77
2024-04-05,215114303.17
2024-04-06,57976617.09
2024-04-07,30676323.5
2024-04-08,47563945.36
2024-04-09,235349009.25
2024-04-10,238016956.39
2024-04-11,64995009.2
2024-04-12,281595345.48
2024-04-13,524141041.96
2024-04-14,488206134.37
2024-04-15,535696959.18
2024-04-16,446502815.55
2024-04-17,516497588.67
2024-04-18,494949076.05
2024-04-19,333536495.63
2024-04-20,61203430.33
2024-04-21,42890579.12
2024-04-22,77597072.77
2024-04-23,260179119.16
2024-04-24,249451808.35
2024-04-25,310709387.34
2024-04-26,301547078.99
2024-04-27,143660214.1
2024-04-28,71601603.73
2024-04-29,313791744.94
2024-04-30,487347222.67
2024-05-01,1160273606.68
2024-05-02,536961662.89
2024-05-03,300413124.04
2024-05-04,51758840.04
2024-05-05,87739931.06
2024-05-06,116054726.84
2024-05-07,226457612.09
2024-05-08,283348394.32
2024-05-09,214317435.81
2024-05-10,233733147.37
2024-05-11,92985699.03
2024-05-12,42733890.73
2024-05-13,119966803.35
2024-05-14,169420914.36
2024-05-15,97857107.61
2024-05-16,107114672.86
2024-05-17,95315828.72
2024-05-18,24250307.69
2024-05-19,35593322.47
2024-05-20,55327591.33
2024-05-21,97964909.02
2024-05-22,142426424.11
2024-05-23,236565358.13
2024-05-24,182369902.5
2024-05-25,19116991.89
2024-05-26,41040521.01
2024-05-27,53767954.25
2024-05-28,166601855.81
2024-05-29,152280128.55
2024-05-30,94254909.95
2024-05-31,158545445.92
2024-06-01,32329638.08
2024-06-02,25995129.84
2024-06-03,102060589.05
2024-06-04,51024561.43
2024-06-05,37700394.49
2024-06-06,51462098.65
2024-06-07,120968337.15
2024-06-08,77483970.16
2024-06-09,14210295.97
2024-06-10,84580338.83
2024-06-11,328525791.64
2024-06-12,146576043.38
2024-06-13,186869610.63
2024-06-14,308915466.91
2024-06-15,135774870.79
2024-06-16,33984612.76
2024-06-17,284677121.37
2024-06-18,374102670.39
2024-06-19,132687214.89
2024-06-20,182600590.71
2024-06-21,307274339.12
2024-06-22,34906832.16
2024-06-23,109572017.07
2024-06-24,931111610.56
2024-06-25,439001358.89
2024-06-26,457486088.51
2024-06-27,369706581.68
2024-06-28,358797666.93
2024-06-29,75780625.03
2024-06-30,58196331.36
2024-07-01,131345112.31
2024-07-02,261167457.87
2024-07-03,318975923.3
2024-07-04,842908355.96
2024-07-05,1606245036.23
2024-07-06,196624946.44
2024-07-07,167788363.13
2024-07-08,796556347.44
2024-07-09,250527946.33
2024-07-10,235939851.57
2024-07-11,268096555.24
2024-07-12,252234843.23
2024-07-13,63166815.47
2024-07-14,44253854.71
2024-07-15,73358226.08
2024-07-16,418779914.43
2024-07-17,143188027.17
2024-07-18,125394793.52
2024-07-19,115422097.77
2024-07-20,22863271.43
2024-07-21,31873066.84
2024-07-22,116995165.41
2024-07-23,240809756.74
2024-07-24,177403455.53
2024-07-25,387942298.68
2024-07-26,34008137.28
2024-07-27,39349367.8
2024-07-28,55021714.01
2024-07-29,173310254.69
2024-07-30,521520112.42
2024-07-31,197692943.87
2024-08-01,576016982.91
2024-08-02,371653454.19
2024-08-03,235911924.38
2024-08-04,398911632.96
2024-08-05,3305117881.24
2024-08-06,863684876.25
2024-08-07,546795573.96
2024-08-08,257798723.1
2024-08-09,306239912.86
2024-08-10,74730460.84
2024-08-11,151493255.35
2024-08-12,299543760.58
2024-08-13,588550458.29
2024-08-14,390009588.82
2024-08-15,441400542.21
2024-08-16,314701165.22
2024-08-17,88550747.36
2024-08-18,50145413.27
2024-08-19,303733466.76
2024-08-20,345872257.26
2024-08-21,239567087.76
2024-08-22,126870206.72
2024-08-23,101612043.13
2024-08-24,44145977.6
2024-08-25,18735434.69
2024-08-26,99539489.17
2024-08-27,679511026.44
2024-08-28,662685845.87
2024-08-29,278272424.53
2024-08-30,217185380.85
2024-08-31,65081132.8
2024-09-01,230606075.44
2024-09-02,253060922.47
2024-09-03,444032684.01
2024-09-04,335558729.64
2024-09-05,360413436.95
2024-09-06,685074736.24
2024-09-07,217904423.9
2024-09-08,147086073.75
2024-09-09,251334412.46
2024-09-10,469420578.56
2024-09-11,365689599.76
2024-09-12,190205401.15
2024-09-13,121839630.42
2024-09-14,70374890.84
2024-09-15,49003424.54
2024-09-16,314936503.67
2024-09-17,112944069.63
2024-09-18,118467850.55
2024-09-19,66726070.49
2024-09-20,109125218.83
2024-09-21,35741129.22
2024-09-22,40412710.18
2024-09-23,57861417.11
2024-09-24,76373246.37
2024-09-25,111806387.93
2024-09-26,61685597.89
2024-09-27,48751375.09
2024-09-28,26715462.7
2024-09-29,26512458.57
2024-09-30,309746041.95
2024-10-01,312331056.88
2024-10-02,462331443.24
2024-10-03,387710781.5
2024-10-04,103367890.44
2024-10-05,33970943.42
2024-10-06,43487205.79
2024-10-07,122687195.92
2024-10-08,394953026.87
2024-10-09,226931974.16
2024-10-10,522668054.34
2024-10-11,253489083.69
2024-10-12,17860061.13
2024-10-13,65469970.78
2024-10-14,46277181.02
2024-10-15,78446018.84
2024-10-16,36392304.37
2024-10-17,60164270.4
2024-10-18,35651180.89
2024-10-19,16258660.52
2024-10-20,11234730.3
2024-10-21,106508264.84
2024-10-22,132889062.45
2024-10-23,133067181.25
2024-10-24,53205480.91
2024-10-25,94624525.77
2024-10-26,39100757.24
2024-10-27,11305248.15
2024-10-28,20799289.25
2024-10-29,34323245.06
2024-10-30,74099025.8
2024-10-31,166038597.59
2024-11-01,333916873.52
2024-11-02,43474379.97
2024-11-03,100102681.88
2024-11-04,200518087.2
2024-11-05,133604651.77
2024-11-06,84064251.91
2024-11-07,69242416.73
2024-11-08,50643797.41
2024-11-09,28411653.13
2024-11-10,50412653.46
2024-11-11,44714626.94
2024-11-12,286856619.53
2024-11-13,290992406.91
2024-11-14,339062376.63
2024-11-15,229263580.54
2024-11-16,39441263.14
2024-11-17,81766054.9
2024-11-18,128555566.92
2024-11-19,91543347.11
2024-11-20,63764863.01
2024-11-21,58662704.74
2024-11-22,76388781.69
2024-11-23,94555844.66
2024-11-24,149847364.84
2024-11-25,448640187.87
2024-11-26,890750200.21
2024-11-27,137487359.92
2024-11-28,125169010.59
2024-11-29,101554169.22
2024-11-30,61428755.56
2024-12-01,38642465.5
2024-12-02,290270813.63
2024-12-03,208717380.26
2024-12-04,125054141.79
2024-12-05,379467095.36
2024-12-06,490615297.51
2024-12-07,78758182.65
2024-12-08,41947355.68
2024-12-09,382151606.72
2024-12-10,362634272.25
2024-12-11,114450756.54
2024-12-12,105104571.92
2024-12-13,107075209.73
2024-12-14,32080987.51
2024-12-15,31230087.07
2024-12-16,87953566.77
2024-12-17,97239447.84
2024-12-18,491675437.14
2024-12-19,741282067.71
2024-12-20,990232750.46
2024-12-21,173742833.0
2024-12-22,177720539.55
2024-12-23,863476897.84
2024-12-24,294981200.35
2024-12-25,73199949.94
2024-12-26,385101623.48
2024-12-27,328347432.57
2024-12-28,107246219.54
2024-12-29,159663781.14
2024-12-30,626776265.65
2024-12-31,545940806.38
2025-01-01,96476557.79
2025-01-02,97639567.02
2025-01-03,100381757.96
2025-01-04,40231937.77
2025-01-05,39818474.22
2025-01-06,132905470.71
2025-01-07,371407749.08
2025-01-08,701285170.63
2025-01-09,686678555.73
2025-01-10,543642378.69
2025-01-11,97344573.16
2025-01-12,77939151.12
2025-01-13,342334293.07
2025-01-14,103271928.69
2025-01-15,82396123.82
2025-01-16,153146425.92
2025-01-17,59233615.69
2025-01-18,146518712.04
2025-01-19,141393511.36
2025-01-20,398787981.58
2025-01-21,292719650.98
2025-01-22,246810318.18
2025-01-23,358818759.63
2025-01-24,84253043.04
2025-01-25,39935946.33
2025-01-26,61410049.53
2025-01-27,620217305.51
2025-01-28,132215362.48
2025-01-29,158485997.56
2025-01-30,49616056.61
2025-01-31,252610156.34
2025-02-01,198324930.27
2025-02-02,462896978.58
2025-02-03,1301709546.45
2025-02-04,529063045.87
2025-02-05,602605731.15
2025-02-06,324702258.24
2025-02-07,327620613.55
2025-02-08,141057303.38
2025-02-09,82326416.12
2025-02-10,201936488.61
2025-02-11,308877719.74
2025-02-12,274717144.95
2025-02-13,234537217.52
2025-02-14,191047396.57
2025-02-15,37745646.88
2025-02-16,83935079.34
2025-02-17,160403589.55
2025-02-18,265847079.85
2025-02-19,163062336.25
2025-02-20,66379985.73
2025-02-21,299212078.53
2025-02-22,121687817.0
2025-02-23,71544708.86
2025-02-24,322848231.36
2025-02-25,1830537331.18
2025-02-26,1880773392.05
2025-02-27,904908118.44
2025-02-28,1683487358.54
2025-03-01,473124930.25
2025-03-02,365049878.73
2025-03-03,802667234.46
2025-03-04,1162274139.31
2025-03-05,365526002.77
2025-03-06,318353195.61
2025-03-07,836532760.26
2025-03-08,177821741.76
2025-03-09,328844017.77
2025-03-10,1355213909.79
2025-03-11,1178930411.39
2025-03-12,682232809.57
2025-03-13,504894778.45
2025-03-14,370580950.93
2025-03-15,63109936.97
2025-03-16,199502201.58
2025-03-17,481117761.6
2025-03-18,403744962.43
2025-03-19,210870274.17
2025-03-20,299586711.15
2025-03-21,331782549.52
2025-03-22,59346786.28
2025-03-23,68366625.32
2025-03-24,152176327.29
2025-03-25,480951652.66
2025-03-26,270185089.83
2025-03-27,273183822.55
2025-03-28,459949625.78
2025-03-29,310156250.62
2025-03-30,367575331.05
2025-03-31,716949393.81
2025-04-01,488070717.69
2025-04-02,455701103.16
2025-04-03,541426512.69
2025-04-04,404718755.45
2025-04-05,117118271.05
2025-04-06,278858995.36
2025-04-07,1435143060.26
2025-04-08,537252756.63
2025-04-09,798571897.16
2025-04-10,559170372.04
2025-04-11,818612871.07
2025-04-12,82874229.78
2025-04-13,109455734.25
2025-04-14,165085241.56
2025-04-15,981605996.5
2025-04-16,427577237.61
2025-04-17,2306847915.58
2025-04-18,55360651.78
2025-04-19,103132335.96
2025-04-20,77962387.73
2025-04-21,127454258.79
2025-04-22,210531830.44
2025-04-23,154197611.72
2025-04-24,162320419.57
2025-04-25,119362492.37
2025-04-26,55660564.4
2025-04-27,53694574.16
2025-04-28,118350884.96
2025-04-29,81950995.45
2025-04-30,111765961.14
2025-05-01,70772032.25
2025-05-02,61667708.65
2025-05-03,57220987.98
2025-05-04,87500692.0
2025-05-05,206976949.25
2025-05-06,230666684.87
2025-05-07,85107279.48
2025-05-08,42543657.72
2025-05-09,83382039.1
2025-05-10,36406464.07
2025-05-11,60773240.83
2025-05-12,139289471.12
2025-05-13,151631937.02
2025-05-14,72849323.34
2025-05-15,182118991.58
2025-05-16,56922688.88
2025-05-17,42323377.74
2025-05-18,28917056.13
2025-05-19,174827164.9
2025-05-20,89385206.76
2025-05-21,95538671.85
2025-05-22,75938038.7
2025-05-23,249551968.34
2025-05-24,169059855.34
2025-05-25,99794576.36
2025-05-26,42830219.94
2025-05-27,96104554.92
2025-05-28,233089065.35
2025-05-29,179987633.97
2025-05-30,386642857.54
2025-05-31,219123632.31
2025-06-01,187460047.4
2025-06-02,249435388.58
2025-06-03,162760086.05
2025-06-04,307768464.77
2025-06-05,366099146.97
2025-06-06,253926154.89
2025-06-07,27645610.65
2025-06-08,22481346.52
2025-06-09,28118564.69
2025-06-10,86740037.69
2025-06-11,73927384.71
2025-06-12,216913667.35
2025-06-13,356547745.28
2025-06-14,64393712.82
2025-06-15,44401431.32
2025-06-16,94877329.36
2025-06-17,415833650.43
2025-06-18,203696338.42
2025-06-19,82636158.49
2025-06-20,214081998.85
2025-06-21,156667836.65
2025-06-22,435920038.18
2025-06-23,420796502.66
2025-06-24,125596888.71
2025-06-25,43189195.16
2025-06-26,70279926.4
2025-06-27,97194484.42
2025-06-28,21366399.08
2025-06-29,19472764.89
2025-06-30,76833602.51
2025-07-01,140462195.72
2025-07-02,63347541.97
2025-07-03,37124308.48
2025-07-04,116940596.71
2025-07-05,39391626.84
2025-07-06,15325422.99
2025-07-07,78528976.72
2025-07-08,65496026.05
2025-07-09,33574058.87
2025-07-10,39586061.36
2025-07-11,73340225.27
2025-07-12,54220839.06
2025-07-13,31096481.33
2025-07-14,135143434.09
2025-07-15,679848332.08
2025-07-16,63251542.46
2025-07-17,188028455.15
2025-07-18,256361244.97
2025-07-19,80006173.22
2025-07-20,56591861.34
2025-07-21,422643461.06
2025-07-22,123517202.33
2025-07-23,148475562.21
2025-07-24,104573134.1
2025-07-25,510341221.34
2025-07-26,50264175.88
2025-07-27,22664065.35
2025-07-28,117239991.76
2025-07-29,118301520.43
2025-07-30,130202386.11
2025-07-31,98449392.33
2025-08-01,595822170.44
2025-08-02,177567788.71
2025-08-03,93084675.31
2025-08-04,263762011.04
2025-08-05,356382815.36
2025-08-06,257950977.68
2025-08-07,75083708.51
2025-08-08,97526607.43
2025-08-09,44391341.58
2025-08-10,53314129.55
2025-08-11,162028092.01
2025-08-12,140893870.59
2025-08-13,76626301.24
2025-08-14,349992543.49
2025-08-15,284783162.64
2025-08-16,49293228.38
2025-08-17,61053053.33
2025-08-18,555047512.15
2025-08-19,395524588.64
2025-08-20,416524578.57
2025-08-21,451890574.47
2025-08-22,167669491.39
2025-08-23,169535741.96
2025-08-24,193441969.57
2025-08-25,551245426.51
2025-08-26,369656010.11
2025-08-27,273835844.17
2025-08-28,236405863.76
2025-08-29,980492730.84
2025-08-30,259008666.99
2025-08-31,261017538.91
2025-09-01,385486384.94
2025-09-02,371781685.79
2025-09-03,286402752.55
2025-09-04,306835979.73
2025-09-05,237161111.92
2025-09-06,79359249.69
2025-09-07,40708262.03
2025-09-08,80158718.53
2025-09-09,278111867.87
2025-09-10,109531193.37
2025-09-11,63821389.4
2025-09-12,63092821.79
2025-09-13,44050528.76
2025-09-14,39852172.23
2025-09-15,191462530.78
2025-09-16,61664212.84
2025-09-17,108809786.64
2025-09-18,63374368.27
2025-09-19,153219825.68
2025-09-20,42140845.07
2025-09-21,43600157.02
2025-09-22,587885203.93
2025-09-23,306443291.72
2025-09-24,169667382.86
2025-09-25,479340049.4
2025-09-26,533727506.95
2025-09-27,122879017.42
2025-09-28,100044789.97
2025-09-29,87167687.88
2025-09-30,170845623.04
2025-10-01,44056987.79
2025-10-02,46079766.26
2025-10-03,78581979.72
2025-10-04,53574416.64
2025-10-05,118900785.71
2025-10-06,51307037.23
2025-10-07,304375422.29
2025-10-08,183651245.34
2025-10-09,339322479.49
2025-10-10,744782992.03
2025-10-11,879480921.92
2025-10-12,245226191.04
2025-10-13,350283049.91
2025-10-14,1375256279.97
2025-10-15,464288652.29
2025-10-16,1084670634.48
2025-10-17,957982010.62
2025-10-18,153534870.35
2025-10-19,287705541.87
2025-10-20,276559934.04
2025-10-21,516971771.32
2025-10-22,660255374.95
2025-10-23,511699463.94
2025-10-24,445802457.5
2025-10-25,102700570.14
2025-10-26,56652067.92
2025-10-27,138054692.05
2025-10-28,234811794.3
2025-10-29,347577391.41
2025-10-30,704217057.34
2025-10-31,587482916.72
2025-11-01,71804896.53
2025-11-02,82291572.15
2025-11-03,793722504.55
2025-11-04,1782050972.11
2025-11-05,979228980.82
2025-11-06,817066193.79
2025-11-07,1105002032.8
2025-11-08,227563795.89
2025-11-09,105667713.14
2025-11-10,247079145.58
2025-11-11,476479298.84
2025-11-12,470624415.06
2025-11-13,1447566430.2
2025-11-14,2155525877.72
2025-11-15,302545188.73
2025-11-16,588819710.3
2025-11-17,1790410122.0
2025-11-18,1873072252.47
2025-11-19,1544417714.8
2025-11-20,1632780272.38
2025-11-21,4056126733.88
2025-11-22,5853957900.71
2025-11-23,248895326.86
2025-11-24,858897604.84
2025-11-25,886026477.35
2025-11-26,656597699.72
2025-11-27,670846185.35
2025-11-28,716007189.34
2025-11-29,190467139.63
2025-11-30,351908441.99
2025-12-01,1591517486.93
2025-12-02,1347891178.22
2025-12-03,982525992.36
2025-12-04,411267975.51
2025-12-05,1659673272.99
2025-12-06,-168313280.19
2025-12-07,-318898955.14
2025-12-08,-318898955.14
2025-12-09,-795506466.42
2025-12-10,-138042832.3
2025-12-11,-763409716.2
2025-12-12,-822430510.27
2025-12-13,-155517826.91
2025-12-14,-213727550.93
2025-12-15,-1478379568.93
2025-12-16,-978046839.49
2025-12-17,-684025017.19
2025-12-18,-486945987.31
2025-12-19,-683892600.13
2025-12-20,-662117996.75
2025-12-21,-114045217.95
2025-12-22,-370708172.98
2025-12-23,-682462065.29
2025-12-24,-596763997.39
2025-12-25,-98872856.2
2025-12-26,-1178546080.76
2025-12-27,-128898507.39
2025-12-28,-358568190.53
2025-12-29,-620085664.88
2025-12-30,-854360880.59
2025-12-31,-942108474.57
2026-01-01,-210728828.89
2026-01-02,-358946110.7
2026-01-03,-136849521.04
2026-01-04,-118524712.54
2026-01-05,-292946026.99
2026-01-06,-290653277.62
2026-01-07,-797337763.4
2026-01-08,-504264539.37
2026-01-09,-649469119.87
2026-01-10,-361594113.13
2026-01-11,-299828825.34
2026-01-12,-565332128.78
2026-01-13,-267757950.64
2026-01-14,-173224419.77
2026-01-15,-347647298.57
2026-01-16,-240420491.52
2026-01-17,-125907071.89
2026-01-18,-31844665.29
2026-01-19,-354655028.23
2026-01-20,-841976693.9
2026-01-21,-765284120.48
2026-01-22,-696044437.53
2026-01-23,-4832442526.46
2026-01-24,-163189399.53
2026-01-25,-344759965.09
2026-01-26,-425928534.56
2026-01-27,-225951834.0
2026-01-28,-382685689.13
2026-01-29,-837777159.43
2026-01-30,-1318695120.86
2026-01-31,-1241994561.19
2026-02-01,-836541820.8
2026-02-02,-1645301538.58
2026-02-03,-2297793766.69
2026-02-04,-2308755646.02
2026-02-05,-5859634432.96
2026-02-06,-2748173170.61
2026-02-07,-858055062.76
2026-02-08,-291160487.37
2026-02-09,-1376693528.57
2026-02-10,-1363416862.92
2026-02-11,-1256960138.91
2026-02-12,-1539383235.32
2026-02-13,-1288302588.46
2026-02-14,-173615788.92
2026-02-15,-230171568.79
2026-02-16,0.0
2026-02-17,0.0
2026-02-18,-443516944.24
2026-02-19,-639417862.98
2026-02-20,-1248270086.88
2026-02-21,-131645816.27
2026-02-22,-153002283.26
2026-02-23,-1216329463.17
2026-02-24,-1651970452.31
2026-02-25,-773300860.77
2026-02-26,-542615162.78
2026-02-27,-836880932.25
2026-02-28,-342733281.91
2026-03-01,-321070391.8
2026-03-02,-557054951.62
2026-03-03,-508407120.26
2026-03-04,-751193250.55
2026-03-05,-530924201.9
2026-03-06,-1249248205.1
2026-03-07,-276018311.97
2026-03-08,-211763524.58
2026-03-09,-549844921.18
2026-03-10,-443466633.37
2026-03-11,-1084021146.57
2026-03-12,-727314992.09
2026-03-13,-436538779.45
2026-03-14,-423160270.18
2026-03-15,-89054463.14
2026-03-16,-392950937.49
2026-03-17,-500785547.04
2026-03-18,-740319285.64
2026-03-19,-603118890.13
2026-03-20,-559082987.97
2026-03-21,-76226146.69
2026-03-22,-345221212.27
2026-03-23,-531126971.35
2026-03-24,-1193726795.83
2026-03-25,-496166355.21
2026-03-26,-707110083.95
2026-03-27,-1145685466.19
2026-03-28,-210842878.58
2026-03-29,-189729449.07
2026-03-30,-857565386.15
2026-03-31,-630303051.41
2026-04-01,-245208385.82
2026-04-02,-826451083.21
2026-04-03,-291891108.38
2026-04-04,-109055933.25
2026-04-05,-87992914.78
2026-04-06,-298115194.0
2026-04-07,-446747291.96
2026-04-08,-282587584.72
2026-04-09,-285622203.84
2026-04-10,-199447596.1
2026-04-11,-159842713.73
2026-04-12,-224213700.32
2026-04-13,-192610011.15
2026-04-14,-992947760.61
