date,utxosInProfitPct
2022-12-07,70.5628
2022-12-08,72.1324
2022-12-09,71.8202
2022-12-10,71.5146
2022-12-11,71.3778
2022-12-12,72.1192
2022-12-13,72.4801
2022-12-14,72.3374
2022-12-15,71.866
2022-12-16,69.5559
2022-12-17,70.169
2022-12-18,70.047
2022-12-19,68.721
2022-12-20,70.996
2022-12-21,70.4702
2022-12-22,70.6523
2022-12-23,70.1205
2022-12-24,70.7026
2022-12-25,70.8458
2022-12-26,71.519
2022-12-27,69.6389
2022-12-28,68.9181
2022-12-29,69.672
2022-12-30,69.5071
2022-12-31,68.8538
2023-01-01,69.7294
2023-01-02,70.1996
2023-01-03,70.1512
2023-01-04,71.8132
2023-01-05,71.6251
2023-01-06,72.3981
2023-01-07,72.4364
2023-01-08,72.8686
2023-01-09,73.0133
2023-01-10,73.5429
2023-01-11,73.9641
2023-01-12,74.5252
2023-01-13,76.8867
2023-01-14,78.7648
2023-01-15,78.4766
2023-01-16,78.9025
2023-01-17,78.7728
2023-01-18,77.5463
2023-01-19,78.531
2023-01-20,80.1457
2023-01-21,80.0024
2023-01-22,79.8461
2023-01-23,80.202
2023-01-24,79.4459
2023-01-25,80.4712
2023-01-26,80.2098
2023-01-27,80.2999
2023-01-28,79.9977
2023-01-29,81.1205
2023-01-30,79.2096
2023-01-31,80.3113
2023-02-01,81.076
2023-02-02,80.5998
2023-02-03,80.4798
2023-02-04,80.106
2023-02-05,79.0236
2023-02-06,78.2988
2023-02-07,80.3093
2023-02-08,78.9031
2023-02-09,77.5218
2023-02-10,77.4195
2023-02-11,77.8571
2023-02-12,77.5652
2023-02-13,77.8693
2023-02-14,78.4316
2023-02-15,81.8897
2023-02-16,80.9081
2023-02-17,81.7032
2023-02-18,81.7377
2023-02-19,81.1353
2023-02-20,81.7624
2023-02-21,81.0517
2023-02-22,80.9885
2023-02-23,80.5337
2023-02-24,79.348
2023-02-25,79.3879
2023-02-26,80.1624
2023-02-27,80.1659
2023-02-28,78.8947
2023-03-01,80.35
2023-03-02,79.9794
2023-03-03,77.1342
2023-03-04,77.05
2023-03-05,77.3835
2023-03-06,77.2707
2023-03-07,76.7549
2023-03-08,76.0881
2023-03-09,73.8318
2023-03-10,73.5921
2023-03-11,74.1886
2023-03-12,77.0353
2023-03-13,81.7314
2023-03-14,82.1661
2023-03-15,81.3215
2023-03-16,82.4585
2023-03-17,82.6754
2023-03-18,82.2944
2023-03-19,82.7591
2023-03-20,82.4109
2023-03-21,82.7079
2023-03-22,81.8172
2023-03-23,82.7554
2023-03-24,81.5895
2023-03-25,81.6031
2023-03-26,82.4624
2023-03-27,81.0595
2023-03-28,81.3291
2023-03-29,82.8106
2023-03-30,82.1528
2023-03-31,82.8928
2023-04-01,82.7691
2023-04-02,82.0983
2023-04-03,81.2127
2023-04-04,81.9111
2023-04-05,81.9537
2023-04-06,81.5043
2023-04-07,81.1015
2023-04-08,80.3553
2023-04-09,82.5472
2023-04-10,83.7925
2023-04-11,84.0887
2023-04-12,83.5334
2023-04-13,84.2558
2023-04-14,84.1846
2023-04-15,83.7854
2023-04-16,83.5389
2023-04-17,82.5323
2023-04-18,83.8369
2023-04-19,81.738
2023-04-20,80.9138
2023-04-21,79.1692
2023-04-22,79.9535
2023-04-23,79.5924
2023-04-24,79.4453
2023-04-25,81.6834
2023-04-26,81.8277
2023-04-27,82.8177
2023-04-28,82.3861
2023-04-29,81.9844
2023-04-30,82.4552
2023-05-01,79.424
2023-05-02,81.1247
2023-05-03,81.6653
2023-05-04,81.2946
2023-05-05,83.1498
2023-05-06,80.1246
2023-05-07,78.1771
2023-05-08,75.4569
2023-05-09,76.1453
2023-05-10,76.2081
2023-05-11,74.4426
2023-05-12,74.5164
2023-05-13,74.2045
2023-05-14,74.9931
2023-05-15,75.2611
2023-05-16,74.7765
2023-05-17,76.2274
2023-05-18,73.6157
2023-05-19,74.2061
2023-05-20,75.3934
2023-05-21,72.6775
2023-05-22,73.4375
2023-05-23,75.7721
2023-05-24,71.8718
2023-05-25,72.2414
2023-05-26,72.5942
2023-05-27,74.0492
2023-05-28,80.1643
2023-05-29,78.6316
2023-05-30,78.3642
2023-05-31,75.7729
2023-06-01,72.2034
2023-06-02,76.0469
2023-06-03,74.701
2023-06-04,74.872
2023-06-05,70.0656
2023-06-06,76.479
2023-06-07,70.8505
2023-06-08,71.041
2023-06-09,70.953
2023-06-10,70.0286
2023-06-11,70.277
2023-06-12,70.5879
2023-06-13,69.9085
2023-06-14,69.2932
2023-06-15,69.5476
2023-06-16,71.6058
2023-06-17,72.2184
2023-06-18,71.303
2023-06-19,74.2237
2023-06-20,82.1209
2023-06-21,85.8704
2023-06-22,85.4781
2023-06-23,86.4314
2023-06-24,86.1442
2023-06-25,86.6577
2023-06-26,85.2523
2023-06-27,86.2102
2023-06-28,84.5132
2023-06-29,85.547
2023-06-30,86.3331
2023-07-01,85.7295
2023-07-02,85.1623
2023-07-03,86.4845
2023-07-04,87.134
2023-07-05,85.9477
2023-07-06,82.921
2023-07-07,84.0861
2023-07-08,84.9263
2023-07-09,86.2065
2023-07-10,80.2315
2023-07-11,85.2639
2023-07-12,79.5189
2023-07-13,87.3442
2023-07-14,82.5088
2023-07-15,82.6271
2023-07-16,82.2
2023-07-17,80.2136
2023-07-18,80.5305
2023-07-19,80.6451
2023-07-20,77.3958
2023-07-21,80.1338
2023-07-22,79.8133
2023-07-23,81.6636
2023-07-24,78.217
2023-07-25,78.4166
2023-07-26,79.0387
2023-07-27,78.3647
2023-07-28,78.8833
2023-07-29,79.0818
2023-07-30,78.1851
2023-07-31,77.3736
2023-08-01,80.3524
2023-08-02,77.1128
2023-08-03,78.1406
2023-08-04,76.0976
2023-08-05,76.2883
2023-08-06,76.6233
2023-08-07,77.6428
2023-08-08,81.2117
2023-08-09,80.3778
2023-08-10,79.7772
2023-08-11,79.7134
2023-08-12,79.4807
2023-08-13,77.6788
2023-08-14,79.5254
2023-08-15,76.1998
2023-08-16,73.366
2023-08-17,65.0997
2023-08-18,63.5919
2023-08-19,63.7804
2023-08-20,64.1227
2023-08-21,64.0843
2023-08-22,63.411
2023-08-23,65.3527
2023-08-24,64.1469
2023-08-25,63.3052
2023-08-26,62.9745
2023-08-27,63.9796
2023-08-28,64.3866
2023-08-29,71.8251
2023-08-30,70.2998
2023-08-31,62.1641
2023-09-01,61.8604
2023-09-02,62.0924
2023-09-03,62.7506
2023-09-04,61.5339
2023-09-05,61.4946
2023-09-06,61.4743
2023-09-07,65.8407
2023-09-08,62.6862
2023-09-09,62.6963
2023-09-10,61.6112
2023-09-11,59.7519
2023-09-12,61.9202
2023-09-13,66.1209
2023-09-14,67.2938
2023-09-15,67.8007
2023-09-16,67.3479
2023-09-17,66.9091
2023-09-18,68.5838
2023-09-19,71.6291
2023-09-20,71.0141
2023-09-21,66.6608
2023-09-22,66.7684
2023-09-23,66.6247
2023-09-24,64.3442
2023-09-25,64.6327
2023-09-26,63.9427
2023-09-27,64.7547
2023-09-28,70.7502
2023-09-29,70.1415
2023-09-30,70.4877
2023-10-01,75.4111
2023-10-02,73.9686
2023-10-03,73.3727
2023-10-04,74.7029
2023-10-05,73.038
2023-10-06,75.2382
2023-10-07,75.4131
2023-10-08,75.1987
2023-10-09,73.6667
2023-10-10,72.5033
2023-10-11,69.1084
2023-10-12,67.9289
2023-10-13,68.9972
2023-10-14,69.1842
2023-10-15,71.8059
2023-10-16,77.5601
2023-10-17,77.1839
2023-10-18,76.9344
2023-10-19,78.0433
2023-10-20,83.5213
2023-10-21,84.3354
2023-10-22,84.8011
2023-10-23,89.2427
2023-10-24,89.2934
2023-10-25,89.5906
2023-10-26,89.2081
2023-10-27,88.7984
2023-10-28,88.8412
2023-10-29,89.6352
2023-10-30,89.4869
2023-10-31,89.8331
2023-11-01,90.139
2023-11-02,89.8113
2023-11-03,89.5396
2023-11-04,89.9411
2023-11-05,89.8066
2023-11-06,89.4793
2023-11-07,90.1808
2023-11-08,90.4513
2023-11-09,90.6586
2023-11-10,90.9097
2023-11-11,90.1674
2023-11-12,90.1822
2023-11-13,89.1072
2023-11-14,88.2333
2023-11-15,91.3324
2023-11-16,88.3184
2023-11-17,88.9456
2023-11-18,88.9694
2023-11-19,91.2435
2023-11-20,91.1973
2023-11-21,86.448
2023-11-22,90.9476
2023-11-23,90.2776
2023-11-24,91.205
2023-11-25,91.3591
2023-11-26,90.3494
2023-11-27,88.6349
2023-11-28,91.5114
2023-11-29,91.2607
2023-11-30,90.4474
2023-12-01,92.0454
2023-12-02,92.6412
2023-12-03,92.9096
2023-12-04,93.6269
2023-12-05,94.6524
2023-12-06,94.241
2023-12-07,93.5951
2023-12-08,94.6979
2023-12-09,93.5058
2023-12-10,93.4516
2023-12-11,90.8979
2023-12-12,91.0887
2023-12-13,92.6111
2023-12-14,92.7949
2023-12-15,90.9007
2023-12-16,91.1645
2023-12-17,89.176
2023-12-18,91.9589
2023-12-19,91.0017
2023-12-20,93.35
2023-12-21,93.8904
2023-12-22,94.4866
2023-12-23,93.2402
2023-12-24,91.1115
2023-12-25,92.3299
2023-12-26,89.6052
2023-12-27,91.6158
2023-12-28,89.498
2023-12-29,87.6523
2023-12-30,88.2117
2023-12-31,87.9719
2024-01-01,94.8753
2024-01-02,95.0184
2024-01-03,90.052
2024-01-04,94.4934
2024-01-05,94.3646
2024-01-06,93.4553
2024-01-07,93.5272
2024-01-08,95.8924
2024-01-09,95.1713
2024-01-10,95.4399
2024-01-11,95.2186
2024-01-12,87.9996
2024-01-13,88.1319
2024-01-14,84.6217
2024-01-15,86.6752
2024-01-16,89.6422
2024-01-17,87.1501
2024-01-18,82.5948
2024-01-19,83.2506
2024-01-20,83.3063
2024-01-21,82.8306
2024-01-22,80.5818
2024-01-23,81.091
2024-01-24,81.3503
2024-01-25,81.2108
2024-01-26,84.5221
2024-01-27,85.4119
2024-01-28,84.6502
2024-01-29,89.9831
2024-01-30,88.8465
2024-01-31,86.8492
2024-02-01,89.463
2024-02-02,89.8904
2024-02-03,88.6621
2024-02-04,85.929
2024-02-05,86.5487
2024-02-06,89.6456
2024-02-07,94.3234
2024-02-08,94.7883
2024-02-09,96.0711
2024-02-10,96.5258
2024-02-11,96.6282
2024-02-12,97.3181
2024-02-13,97.0931
2024-02-14,97.6334
2024-02-16,97.5348
2024-02-17,97.0399
2024-02-18,97.501
2024-02-19,96.7886
2024-02-20,97.4846
2024-02-21,96.3396
2024-02-22,95.8756
2024-02-23,95.4183
2024-02-24,96.2447
2024-02-25,96.6251
2024-02-26,97.894
2024-02-27,98.5284
2024-02-28,99.6719
2024-02-29,99.2225
2024-03-01,99.4552
2024-03-02,99.2305
2024-03-03,99.6944
2024-03-04,99.9919
2024-03-05,99.3557
2024-03-06,99.4079
2024-03-07,99.5437
2024-03-08,99.8209
2024-03-09,99.8026
2024-03-10,99.6798
2024-03-11,99.8744
2024-03-12,99.6286
2024-03-13,99.8951
2024-03-14,99.2384
2024-03-15,98.9737
2024-03-16,97.1396
2024-03-17,98.7283
2024-03-18,97.9358
2024-03-19,95.8211
2024-03-20,98.1337
2024-03-21,96.6939
2024-03-22,96.0445
2024-03-23,96.2376
2024-03-24,97.8758
2024-03-25,99.2238
2024-03-26,99.0309
2024-03-27,98.7963
2024-03-28,99.1964
2024-03-29,98.6602
2024-03-30,98.2359
2024-03-31,99.4442
2024-04-01,98.2276
2024-04-02,95.1231
2024-04-03,95.4778
2024-04-04,97.3684
2024-04-05,96.7821
2024-04-06,97.7397
2024-04-07,98.0462
2024-04-08,99.3289
2024-04-09,97.0576
2024-04-10,98.8331
2024-04-11,98.0246
2024-04-12,94.4788
2024-04-13,92.3693
2024-04-14,93.1267
2024-04-15,91.5733
2024-04-16,91.8746
2024-04-17,90.0894
2024-04-18,91.6629
2024-04-19,91.835
2024-04-20,92.8497
2024-04-21,92.6799
2024-04-22,94.5027
2024-04-23,93.6929
2024-04-24,90.5015
2024-04-25,90.7646
2024-04-26,89.3002
2024-04-27,88.8611
2024-04-28,87.7746
2024-04-29,89.7285
2024-04-30,86.166
2024-05-01,85.6944
2024-05-02,85.9618
2024-05-03,88.8978
2024-05-04,89.8657
2024-05-05,90.549
2024-05-06,88.2134
2024-05-07,86.7829
2024-05-08,85.6842
2024-05-09,88.1091
2024-05-10,85.1356
2024-05-11,84.8674
2024-05-12,85.804
2024-05-13,87.7282
2024-05-14,85.8798
2024-05-15,94.069
2024-05-17,95.423
2024-05-18,95.5036
2024-05-19,93.498
2024-05-20,99.4983
2024-05-21,98.4978
2024-05-22,96.848
2024-05-23,95.6516
2024-05-24,96.2879
2024-05-25,96.8185
2024-05-26,95.4374
2024-05-27,97.0622
2024-05-28,95.1376
2024-05-29,93.6538
2024-05-30,94.8784
2024-05-31,92.7305
2024-06-01,93.4759
2024-06-02,93.7221
2024-06-03,95.5945
2024-06-04,98.907
2024-06-05,99.2698
2024-06-07,96.1028
2024-06-08,95.7851
2024-06-09,96.8243
2024-06-10,96.193
2024-06-11,90.1859
2024-06-12,92.5879
2024-06-13,88.3303
2024-06-15,87.0193
2024-06-16,88.0722
2024-06-17,87.7166
2024-06-18,85.4199
2024-06-19,84.8247
2024-06-20,84.5988
2024-06-21,83.1922
2024-06-22,83.5808
2024-06-23,80.7655
2024-06-24,77.1502
2024-06-25,78.85
2024-06-26,77.1627
2024-06-27,78.6486
2024-06-28,76.6691
2024-06-29,77.3113
2024-06-30,80.3692
2024-07-01,80.6759
2024-07-02,79.3266
2024-07-03,76.0121
2024-07-04,74.6497
2024-07-05,74.5685
2024-07-06,75.4937
2024-07-07,73.9221
2024-07-08,74.3619
2024-07-09,75.6514
2024-07-10,75.2487
2024-07-11,74.519
2024-07-12,75.4826
2024-07-13,76.5383
2024-07-14,77.4152
2024-07-15,86.0925
2024-07-16,86.7424
2024-07-17,84.2652
2024-07-18,83.6555
2024-07-19,89.9329
2024-07-20,91.1531
2024-07-21,93.5117
2024-07-22,92.4423
2024-07-23,86.8082
2024-07-24,85.6272
2024-07-25,86.433
2024-07-26,93.2234
2024-07-27,93.5923
2024-07-28,93.7776
2024-07-29,88.6096
2024-07-30,86.472
2024-07-31,82.9319
2024-08-01,84.3142
2024-08-02,76.0423
2024-08-03,73.7058
2024-08-04,72.049
2024-08-05,69.5325
2024-08-06,69.9522
2024-08-07,69.521
2024-08-08,76.6904
2024-08-09,74.1114
2024-08-10,74.6413
2024-08-11,72.6067
2024-08-12,73.0452
2024-08-13,73.8328
2024-08-14,72.2315
2024-08-15,70.6133
2024-08-16,72.5235
2024-08-17,73.091
2024-08-18,72.0585
2024-08-19,72.9022
2024-08-20,72.3242
2024-08-21,76.0345
2024-08-22,73.8759
2024-08-23,81.7833
2024-08-24,81.6158
2024-08-25,83.4038
2024-08-26,78.664
2024-08-27,71.857
2024-08-28,70.8619
2024-08-29,71.5913
2024-08-30,70.9572
2024-08-31,70.765
2024-09-01,67.6944
2024-09-02,71.7544
2024-09-05,66.0325
2024-09-06,65.1248
2024-09-07,65.0929
2024-09-08,65.7424
2024-09-09,67.6436
2024-09-10,68.4664
2024-09-11,68.0667
2024-09-12,69.7945
2024-09-13,74.6503
2024-09-14,73.6104
2024-09-15,71.6653
2024-09-16,69.4728
2024-09-17,74.065
2024-09-18,77.2404
2024-09-19,80.2066
2024-09-20,80.5841
2024-09-21,81.0498
2024-09-22,81.4774
2024-09-23,80.7684
2024-09-24,84.4124
2024-09-25,79.9696
2024-09-26,85.7327
2024-09-27,87.2253
2024-09-28,87.4404
2024-09-29,86.4938
2024-09-30,79.7814
2024-10-01,74.1943
2024-10-02,73.1391
2024-10-03,73.3226
2024-10-04,76.9605
2024-10-05,76.948
2024-10-06,78.3745
2024-10-07,77.269
2024-10-08,76.6022
2024-10-09,71.8332
2024-10-10,70.9282
2024-10-11,77.4685
2024-10-12,80.1676
2024-10-13,78.3897
2024-10-14,88.4115
2024-10-15,91.3229
2024-10-16,93.2763
2024-10-17,91.9211
2024-10-18,95.0727
2024-10-19,94.8125
2024-10-20,95.8595
2024-10-21,91.2179
2024-10-22,91.3521
2024-10-23,88.0804
2024-10-24,93.8733
2024-10-25,86.5678
2024-10-26,89.3516
2024-10-27,93.3378
2024-10-28,98.3557
2024-10-29,99.8871
2024-10-30,99.8449
2024-10-31,98.0034
2024-11-01,96.7535
2024-11-02,95.5468
2024-11-03,94.3583
2024-11-04,91.2061
2024-11-05,96.2143
2024-11-06,99.9555
2024-11-07,99.9461
2024-11-08,99.9517
2024-11-09,99.9684
2024-11-10,99.9804
2024-11-11,99.9923
2024-11-12,99.9028
2024-11-13,99.9286
2024-11-14,99.4312
2024-11-15,99.8811
2024-11-16,99.6385
2024-11-17,99.3602
2024-11-18,99.3687
2024-11-19,99.8817
2024-11-20,99.9152
2024-11-21,99.9815
2024-11-22,99.8663
2024-11-23,99.5356
2024-11-24,99.5295
2024-11-25,98.9419
2024-11-26,98.6788
2024-11-27,99.2256
2024-11-28,99.1486
2024-11-29,99.4044
2024-11-30,98.9845
2024-12-01,99.2772
2024-12-02,98.5089
2024-12-03,98.6465
2024-12-04,99.9229
2024-12-05,98.9828
2024-12-06,99.8017
2024-12-07,99.767
2024-12-08,99.8829
2024-12-09,98.6815
2024-12-10,98.1224
2024-12-11,99.8764
2024-12-12,99.4995
2024-12-13,99.8289
2024-12-14,99.7082
2024-12-15,99.9962
2024-12-16,99.9383
2024-12-17,99.7727
2024-12-18,98.8755
2024-12-19,97.5992
2024-12-20,97.7358
2024-12-21,97.2785
2024-12-22,96.2237
2024-12-23,96.186
2024-12-24,98.3267
2024-12-25,98.4916
2024-12-26,96.3755
2024-12-27,95.8158
2024-12-28,96.2602
2024-12-29,95.5717
2024-12-30,95.3747
2024-12-31,95.5352
2025-01-01,95.9656
2025-01-02,97.207
2025-01-03,98.1
2025-01-04,98.2119
2025-01-05,98.3646
2025-01-06,99.6036
2025-01-07,96.8443
2025-01-08,95.671
2025-01-09,94.5698
2025-01-10,95.5448
2025-01-11,95.4875
2025-01-12,95.234
2025-01-13,95.3182
2025-01-14,96.603
2025-01-15,98.9889
2025-01-16,98.8339
2025-01-17,99.716
2025-01-18,99.7242
2025-01-20,99.1022
2025-01-21,99.8126
2025-01-22,99.3341
2025-01-23,99.3397
2025-01-24,99.4074
2025-01-25,99.3781
2025-01-26,98.7432
2025-01-27,98.6067
2025-01-28,98.2635
2025-01-29,99.0612
2025-01-30,99.3136
2025-01-31,98.4443
2025-02-01,97.6771
2025-02-02,95.8452
2025-02-03,98.0726
2025-02-04,95.9355
2025-02-05,94.995
2025-02-06,94.9461
2025-02-07,94.812
2025-02-08,94.8368
2025-02-09,94.7085
2025-02-10,95.81
2025-02-11,94.135
2025-02-12,96.2165
2025-02-13,94.9335
2025-02-14,95.9074
2025-02-15,95.9175
2025-02-16,94.211
2025-02-17,93.8015
2025-02-18,93.5975
2025-02-19,94.9559
2025-02-20,96.8791
2025-02-21,93.9359
2025-02-22,94.4613
2025-02-23,93.4025
2025-02-24,91.0586
2025-02-25,90.2007
2025-02-26,89.7876
2025-02-27,89.8893
2025-02-28,89.987
2025-03-01,90.2833
2025-03-02,92.4505
2025-03-03,90.4271
2025-03-04,90.5394
2025-03-05,91.3611
2025-03-06,91.0766
2025-03-07,90.4112
2025-03-08,90.4266
2025-03-09,89.9039
2025-03-10,89.7271
2025-03-11,90.167
2025-03-12,90.3164
2025-03-13,89.7652
2025-03-14,90.4428
2025-03-15,90.3767
2025-03-16,89.686
2025-03-17,90.1489
2025-03-18,89.7018
2025-03-19,91.0892
2025-03-20,90.3158
2025-03-21,90.1659
2025-03-22,89.962
2025-03-23,90.8963
2025-03-24,91.2334
2025-03-25,91.1287
2025-03-26,90.801
2025-03-27,90.8636
2025-03-28,89.8364
2025-03-29,88.9258
2025-03-30,88.8505
2025-03-31,88.9338
2025-04-01,90.4861
2025-04-02,88.8926
2025-04-03,89.2509
2025-04-04,89.648
2025-04-05,89.3964
2025-04-06,88.1408
2025-04-07,88.3589
2025-04-08,87.867
2025-04-09,89.0545
2025-04-10,88.3593
2025-04-11,89.7199
2025-04-12,90.816
2025-04-13,89.6734
2025-04-14,90.379
2025-04-15,89.4353
2025-04-16,89.6861
2025-04-17,90.548
2025-04-18,89.9811
2025-04-19,90.6
2025-04-20,90.7023
2025-04-21,91.5297
2025-04-22,93.6329
2025-04-23,93.5713
2025-04-24,93.7602
2025-04-25,94.1792
2025-04-26,94.1968
2025-04-27,93.3186
2025-04-28,94.4251
2025-04-29,93.208
2025-04-30,93.4643
2025-05-01,95.3769
2025-05-02,95.9555
2025-05-03,94.6517
2025-05-04,93.6044
2025-05-05,93.7982
2025-05-06,95.6688
2025-05-07,96.2456
2025-05-08,99.2289
2025-05-09,99.1499
2025-05-10,99.4957
2025-05-11,99.2892
2025-05-12,98.8438
2025-05-13,99.32
2025-05-14,99.0446
2025-05-15,99.1167
2025-05-16,98.8128
2025-05-17,98.7476
2025-05-18,99.8618
2025-05-19,99.7963
2025-05-20,99.9196
2025-05-21,99.9921
2025-05-22,99.941
2025-05-23,99.5621
2025-05-24,99.5242
2025-05-25,99.7021
2025-05-26,99.678
2025-05-27,99.4993
2025-05-28,99.2533
2025-05-29,98.6227
2025-05-30,97.8297
2025-05-31,98.1874
2025-06-01,98.7231
2025-06-02,98.8192
2025-06-03,98.5645
2025-06-04,98.0648
2025-06-05,96.3232
2025-06-06,97.822
2025-06-07,98.719
2025-06-08,98.7233
2025-06-09,99.8304
2025-06-10,99.8468
2025-06-11,99.2725
2025-06-12,98.5166
2025-06-13,98.5928
2025-06-14,98.2286
2025-06-15,98.3388
2025-06-16,98.7938
2025-06-17,97.3497
2025-06-18,97.3787
2025-06-19,97.3021
2025-06-20,96.147
2025-06-21,95.497
2025-06-22,95.0989
2025-06-23,98.2383
2025-06-24,98.5822
2025-06-25,98.9203
2025-06-26,98.582
2025-06-27,98.5611
2025-06-28,98.8272
2025-06-29,99.3562
2025-06-30,98.43
2025-07-01,97.5784
2025-07-02,99.4371
2025-07-03,99.6337
2025-07-04,99.005
2025-07-05,99.0644
2025-07-06,99.5157
2025-07-07,99.028
2025-07-08,99.3901
2025-07-09,99.9721
2025-07-10,99.9903
2025-07-11,99.906
2025-07-12,99.773
2025-07-13,99.9486
2025-07-14,99.8346
2025-07-15,99.567
2025-07-16,99.7032
2025-07-17,99.8329
2025-07-18,99.4206
2025-07-19,99.3038
2025-07-20,98.8261
2025-07-21,98.8604
2025-07-22,99.8754
2025-07-23,99.5465
2025-07-24,99.2313
2025-07-25,98.6336
2025-07-26,98.9289
2025-07-27,99.8026
2025-07-28,98.6003
2025-07-29,98.3527
2025-07-30,98.0717
2025-07-31,97.4995
2025-08-01,97.4031
2025-08-02,97.3555
2025-08-03,97.6582
2025-08-04,97.7701
2025-08-05,97.5286
2025-08-06,97.7464
2025-08-07,98.2341
2025-08-08,97.9393
2025-08-09,97.7447
2025-08-10,99.7725
2025-08-11,99.2809
2025-08-12,99.8198
2025-08-13,99.9908
2025-08-14,98.847
2025-08-15,97.4618
2025-08-16,97.6336
2025-08-17,97.4149
2025-08-18,96.8083
2025-08-19,95.9452
2025-08-20,96.2498
2025-08-21,95.7738
2025-08-22,97.3091
2025-08-23,96.7007
2025-08-24,95.7614
2025-08-25,95.1926
2025-08-26,95.5231
2025-08-27,95.3021
2025-08-28,95.5907
2025-08-29,94.1081
2025-08-30,94.2599
2025-08-31,93.5963
2025-09-01,94.5978
2025-09-02,95.2937
2025-09-03,95.5216
2025-09-04,95.0733
2025-09-05,94.9285
2025-09-06,94.7392
2025-09-07,95.215
2025-09-08,95.6998
2025-09-09,95.3843
2025-09-10,96.4377
2025-09-11,97.0897
2025-09-12,97.2535
2025-09-13,97.1996
2025-09-14,96.6998
2025-09-15,96.8027
2025-09-16,97.5112
2025-09-17,97.3227
2025-09-18,97.5891
2025-09-19,96.5638
2025-09-20,96.5099
2025-09-21,96.0106
2025-09-22,94.6493
2025-09-23,94.186
2025-09-24,94.9846
2025-09-25,92.3771
2025-09-26,92.7978
2025-09-27,92.773
2025-09-28,94.4408
2025-09-29,95.6643
2025-09-30,95.4901
2025-10-01,98.9378
2025-10-02,99.7896
2025-10-03,99.8945
2025-10-04,99.9023
2025-10-05,99.934
2025-10-06,99.8987
2025-10-07,99.3447
2025-10-08,99.7144
2025-10-09,99.1848
2025-10-10,94.4914
2025-10-11,92.6538
2025-10-12,95.4894
2025-10-13,95.4899
2025-10-14,94.3294
2025-10-15,92.1216
2025-10-16,90.3032
2025-10-17,89.0776
2025-10-18,89.4346
2025-10-19,90.6532
2025-10-20,92.0831
2025-10-21,90.465
2025-10-22,89.7103
2025-10-23,91.8577
2025-10-24,92.5195
2025-10-25,93.2761
2025-10-26,95.4263
2025-10-27,94.9176
2025-10-28,94.0899
2025-10-29,91.1016
2025-10-30,89.5929
2025-10-31,90.9825
2025-11-01,91.1165
2025-11-02,91.801
2025-11-03,87.736
2025-11-04,85.1
2025-11-05,86.2126
2025-11-06,85.0921
2025-11-07,86.0534
2025-11-08,85.6499
2025-11-09,86.9701
2025-11-10,88.0326
2025-11-11,85.6565
2025-11-12,84.8605
2025-11-13,84.4567
2025-11-14,80.5151
2025-11-15,81.3714
2025-11-16,80.5615
2025-11-17,79.5293
2025-11-18,79.8007
2025-11-19,79.3847
2025-11-20,78.0034
2025-11-21,77.7369
2025-11-22,77.4254
2025-11-23,78.3519
2025-11-24,78.94
2025-11-25,78.6591
2025-11-26,79.5473
2025-11-27,79.8353
2025-11-28,79.5957
2025-11-29,79.6076
2025-11-30,79.2762
2025-12-01,78.0373
2025-12-02,80.0358
2025-12-03,81.0753
2025-12-04,80.3807
2025-12-05,82.2999
2025-12-06,81.9746
2025-12-07,80.6595
2025-12-08,80.8507
2025-12-09,82.1013
2025-12-10,81.6329
2025-12-11,81.923
2025-12-12,80.5099
2025-12-13,80.5253
2025-12-14,79.6632
2025-12-15,78.9134
2025-12-16,79.6949
2025-12-17,78.7505
2025-12-18,78.4125
2025-12-19,80.1323
2025-12-20,80.3159
2025-12-21,80.3841
2025-12-22,80.2912
2025-12-23,79.3974
2025-12-24,79.797
2025-12-25,79.3491
2025-12-26,79.3422
2025-12-27,80.0338
2025-12-28,80.1372
2025-12-29,78.7025
2025-12-30,80.6916
2025-12-31,79.4394
2026-01-01,80.9709
2026-01-02,81.4945
2026-01-03,82.0463
2026-01-04,82.504
2026-01-05,83.7722
2026-01-06,83.4361
2026-01-07,82.0348
2026-01-08,81.7918
2026-01-09,81.5002
2026-01-10,81.2344
2026-01-11,81.8128
2026-01-12,81.9995
2026-01-13,85.0629
2026-01-14,86.9855
2026-01-15,85.2919
2026-01-16,85.0943
2026-01-17,84.5945
2026-01-18,83.9372
2026-01-19,82.397
2026-01-20,79.5004
2026-01-21,80.138
2026-01-22,80.2381
2026-01-23,80.2831
2026-01-24,80.0998
2026-01-25,78.0064
2026-01-26,79.7795
2026-01-27,80.4171
2026-01-28,80.288
2026-01-29,77.0735
2026-01-30,76.7581
2026-01-31,75.1631
2026-02-01,75.071
2026-02-02,75.4551
2026-02-03,74.8284
2026-02-04,74.6716
2026-02-05,65.7079
2026-02-06,74.0397
2026-02-07,72.4652
2026-02-08,73.8895
2026-02-09,73.8678
2026-02-10,71.8268
2026-02-11,69.3978
2026-02-12,68.1323
2026-02-13,72.2926
2026-02-14,73.844
2026-02-15,71.8396
2026-02-16,72.4401
2026-02-17,70.2348
2026-02-18,68.4423
2026-02-19,69.316
2026-02-20,71.3777
2026-02-21,71.4316
2026-02-22,70.58
2026-02-23,66.0098
2026-02-24,65.1408
2026-02-25,71.4459
2026-02-26,70.4294
2026-02-27,67.5182
2026-02-28,69.2399
2026-03-01,67.3057
2026-03-02,72.9986
2026-03-03,72.5427
2026-03-04,76.2647
2026-03-05,75.558
2026-03-06,71.7945
2026-03-07,69.8887
2026-03-08,67.489
2026-03-09,72.3704
2026-03-10,74.6321
2026-03-11,74.9362
2026-03-12,75.4108
2026-03-13,75.7246
2026-03-14,75.9807
2026-03-15,76.7244
2026-03-16,76.9714
2026-03-17,76.7271
2026-03-18,75.7901
2026-03-19,74.253
2026-03-20,74.9803
2026-03-21,74.4328
2026-03-22,71.016
2026-03-23,75.7296
2026-03-24,75.1633
2026-03-25,76.0956
2026-03-26,72.2409
2026-03-27,67.4243
2026-03-28,67.7999
2026-03-29,66.8872
2026-03-30,68.5051
2026-03-31,71.6862
2026-04-01,71.4361
2026-04-02,68.7768
2026-04-03,69.0588
2026-04-04,69.8826
2026-04-05,73.1348
2026-04-06,72.8863
2026-04-07,76.8726
2026-04-08,76.2364
2026-04-09,76.7865
2026-04-10,77.192
2026-04-11,77.2501
2026-04-12,75.4926
2026-04-13,77.5883
2026-04-14,77.3928
